Feature	Intercept_mean	C(antibiotic, Diff, levels=['preCp', 'FirstCp', 'FirstWPC', 'Interim', 'SecondCp', 'SecondWPC', 'PostCp'])[D.preCp]_mean	C(antibiotic, Diff, levels=['preCp', 'FirstCp', 'FirstWPC', 'Interim', 'SecondCp', 'SecondWPC', 'PostCp'])[D.FirstCp]_mean	C(antibiotic, Diff, levels=['preCp', 'FirstCp', 'FirstWPC', 'Interim', 'SecondCp', 'SecondWPC', 'PostCp'])[D.FirstWPC]_mean	C(antibiotic, Diff, levels=['preCp', 'FirstCp', 'FirstWPC', 'Interim', 'SecondCp', 'SecondWPC', 'PostCp'])[D.Interim]_mean	C(antibiotic, Diff, levels=['preCp', 'FirstCp', 'FirstWPC', 'Interim', 'SecondCp', 'SecondWPC', 'PostCp'])[D.SecondCp]_mean	C(antibiotic, Diff, levels=['preCp', 'FirstCp', 'FirstWPC', 'Interim', 'SecondCp', 'SecondWPC', 'PostCp'])[D.SecondWPC]_mean	Intercept_std	C(antibiotic, Diff, levels=['preCp', 'FirstCp', 'FirstWPC', 'Interim', 'SecondCp', 'SecondWPC', 'PostCp'])[D.preCp]_std	C(antibiotic, Diff, levels=['preCp', 'FirstCp', 'FirstWPC', 'Interim', 'SecondCp', 'SecondWPC', 'PostCp'])[D.FirstCp]_std	C(antibiotic, Diff, levels=['preCp', 'FirstCp', 'FirstWPC', 'Interim', 'SecondCp', 'SecondWPC', 'PostCp'])[D.FirstWPC]_std	C(antibiotic, Diff, levels=['preCp', 'FirstCp', 'FirstWPC', 'Interim', 'SecondCp', 'SecondWPC', 'PostCp'])[D.Interim]_std	C(antibiotic, Diff, levels=['preCp', 'FirstCp', 'FirstWPC', 'Interim', 'SecondCp', 'SecondWPC', 'PostCp'])[D.SecondCp]_std	C(antibiotic, Diff, levels=['preCp', 'FirstCp', 'FirstWPC', 'Interim', 'SecondCp', 'SecondWPC', 'PostCp'])[D.SecondWPC]_std
F174654	-9.61327524500002	-4.216378698334995	-3.813426695270005	2.497395564249997	-1.3778770800989957	1.418100859230499	-3.815372670124995	1.3991948155880363	2.2519314722103667	4.508367374587728	4.567097834566073	2.6749809702234417	2.9053513992310243	5.071325878624523
F833381	-10.576976019999988	0.5282929642200004	-2.952750588165	1.4877139272800015	-4.991274109619993	3.4095466495999984	0.4520929019299997	1.3992628637722277	2.051525270707947	3.9040002922919004	3.8661809701096437	3.7961039647404826	3.874810611710129	2.8750973979065364
F4398588	-11.148500675000006	-2.1222777519150005	1.5640442045949985	4.813501359259993	-1.1536541278995027	-0.07621657506399981	-5.563683915754985	1.413151324918671	4.02979725752194	4.779592219614541	3.952425845040015	2.143344726276349	2.2075844947681076	4.07586653425716
F4457453	-7.2595209150000075	-2.9055523398000016	-1.4427559850999994	3.741885048732003	-1.5446899360249993	0.5438564301165002	-12.435193164000006	1.3538625382720042	2.0097724986519188	2.5552984530741685	2.495103757060635	2.0212025547133656	2.062374842975749	4.952278982968584
F215097	-7.069134814999985	-0.97639710280139	2.150304890885002	-3.6233665352450024	-1.059936103867002	-1.4612789861350006	-0.9978636335549994	1.3435596345076624	1.9369254677456118	2.2374721624229355	2.2468337602706105	2.0101858676638864	2.1943016583572232	3.047044379448567
F336761	-11.198605594999997	-1.892409230239502	2.219521628585003	0.2560585150199998	2.464965000946999	-0.4662054844700004	1.1861078244109964	1.418145915089328	4.01475239342773	5.185932278074107	4.525053709723219	2.5170949785699857	2.308834210630274	2.8093523650631327
F149327	-10.425926784999994	-0.8461172460355	-1.841557945509998	2.6438535548870026	-0.07908062669149975	2.0469365620045012	-2.953665248934994	1.3910763672715867	2.4428780530976084	4.274261373882753	4.270189664812003	2.331027960651756	2.2662301176242936	2.594386781115082
F71089	-10.495907639999972	-0.5492180860924999	2.08473807107	-2.287643590210001	0.9815736967500018	-4.72156730607499	5.523090443799989	1.4220853270835507	2.3876998806788183	2.501912143650019	2.5731666241298266	2.260955871288732	3.6530786927426524	3.701206499985043
F4426438	-10.546854289999976	-0.4411927493945002	1.9285640874450012	-1.5336757437645006	-4.358983737090002	5.22105904675	-4.522058633349997	1.4222766837064418	2.3738942412041033	3.0657340515588998	2.616400708654973	3.7707665317521712	3.7192769748294285	4.526195258162335
F192255	-9.929311549999989	-0.9628715425214994	-3.5915582406350013	2.7444514691500026	1.9589272718450008	-0.4036785115549998	0.7149103343732999	1.4236643939779126	2.1081059894648613	3.830097690450153	3.82258627768956	2.1058450311866075	2.0344573656373277	2.5247349274303916
F845444	-10.086381585000012	-0.33861879137249934	1.2010469231021002	-0.3599796305650002	-0.4654351548370001	-0.12372841959849999	-1.6259852472155023	1.3853606621077559	2.185475134193008	2.4291172058209076	2.395989671392236	2.0603696303235557	2.388051708015132	2.6955620026132747
F195157	-9.298233129999993	-0.7440226564399995	-0.20501528208149997	0.06129432769500015	0.7671858724684995	-0.49202961285000024	-1.5758661212165008	1.334820806226701	1.9137935192842808	2.30539250111584	2.3177682560440354	1.9409288371141706	1.93466606993743	2.293420429111513
F372146	-10.19090554000001	-1.7617562649300016	-2.3034278653800033	-0.1706125691749999	0.14419239471759981	-2.245835017345	2.4602093343280487	1.381579865007742	1.9493865150494525	2.5567612690243076	2.623497752504565	2.5600616205465547	2.747214531365594	2.8888673658368513
F295205	-9.296541815000003	-0.8287250805850002	0.08834782018999998	0.34369721657150043	0.6604593261949996	-2.201417744050003	0.9993487017549996	1.4117955683918815	1.9257423519822727	2.331756199229714	2.317710821739243	1.9718034359102972	2.0692499150816253	2.153756203753966
F197329	-9.507115085000006	-0.4307553484150006	1.566646532719003	-1.4475934561844968	1.174217338170001	-0.8579518460010009	-2.2557468809150047	1.33948650276059	2.146389774044424	2.3519514783186457	2.1360582556538033	2.035997863929842	2.014472126697274	2.5634947932766816
F358030	-11.321056500000012	-4.308368309449995	3.2060158931000036	1.4921218614049976	-5.070411621182968	5.945538917200007	-0.7783540888499997	1.4029060248317593	3.639796959029351	5.222727655278448	4.50391776151935	3.729001008542438	3.7829791531618278	2.680263727457944
F4460021	-8.318661539999994	-1.4326150442560006	0.22498908555500052	0.5182473626430003	-0.3857093932650005	0.8855429475050004	-0.18819472517499988	1.3024777012458701	1.8580758220080622	2.3239561603103738	2.1268786549625314	1.8102553380773596	1.8903949630729517	2.1250014820579093
F4413903	-9.33422599	-0.2849192540799998	0.2641412436350004	-0.24790440311000003	0.3426230268350001	-0.9031318965004991	0.46245335492500056	1.3363193739876043	2.0493314497670068	2.2842125653764365	2.4023178743693565	1.9402516939804897	2.058971746265116	2.2174231761750516
F4296772	-8.506621740000025	0.7939810360255009	2.5047580806194945	-1.1486725203105006	-0.19899646644999983	-1.3696964062624966	1.2562762921875004	1.3047086376422787	1.8916715294795887	2.1402288532966955	1.992644257253329	1.8538840184545835	1.8392975522586046	2.1675075901900582
F48084	-8.894153489999999	1.6347835187600006	-1.1287788812534993	1.7817385116345001	-3.5162769021900018	-1.4749624312644998	-3.9961911077499996	1.387572911038847	2.085639226058561	2.744178474894662	2.6395682166073526	2.327040456634197	2.6887853611466785	5.641095020102113
F182117	-10.657466265000009	1.9828190635899998	-4.559213145009993	2.6137669413150024	-0.14150436533499988	-0.998371544884999	0.7056642360149994	1.394259096964728	2.288406157909077	3.7915735513611724	3.8148113104439947	2.424728878116063	2.7484408971780043	3.052437145351512
F174033	-11.306787645000004	2.0965142547750046	-3.5041826901050017	2.921387798020004	-4.9375249391000136	3.771562534044995	-4.82573370982	1.3895346440986307	2.384643441020068	3.756279765723927	3.924970155128729	3.5404617390720583	3.77759864274663	4.1898092153601
F836693	-10.911206460000002	1.3867473309957985	-3.677343202420005	3.5068147704450063	-0.11638583637950016	0.8656981807950006	-6.082977462869993	1.4198774159065874	2.282417986090766	3.9973083352993846	3.9132736039941705	2.1670713275037716	2.1464724903759382	4.380294436545135
F1062061	-10.729716930000002	-0.5030453167460007	-2.118273134205001	2.2629299834000016	0.6905527178650006	-0.3906868677299999	-0.23040452757500018	1.3930402858842508	2.3412369815160203	4.075353589706464	4.114724653341013	2.339077934997056	2.3716313107090463	2.5855430184591524
F181718	-9.662146564999995	2.655327958915001	1.5837470964559979	-1.4351794738180044	1.3656482353099995	-0.6941530727544998	1.8818086513849999	1.31102338488951	2.623348902267939	2.3192585610525147	2.304147068492678	1.9709193468099495	1.9522129397856076	2.3367498153062756
F4474380	-6.2293706399999955	-0.3290749490284994	0.5487566208340006	-0.4736087787550005	0.293424050695	-0.5455543459839997	-0.32093164500499965	1.2695537072120613	1.715337349179379	1.905531605364158	1.8970712093876727	1.7639479930725448	1.8117136243946583	1.9802068533776942
F1522739	-10.41040713499999	0.6584936869199997	-5.398955705800009	2.5081729224250013	0.7990687071049992	-0.6141647385699995	-5.447324255044998	1.4074008569400691	1.9073835012328269	3.81643604925453	3.7841564092572515	2.1008184337633105	2.1746370267899984	4.39526387618748
F197539	-11.628549555000037	-0.5723366001299997	-0.21918901901500026	-5.653408781450001	0.26400636221999985	-0.5887497803849988	0.5357062189849999	1.4744323453641253	2.291538910253398	2.817915755587442	3.943855865024031	5.002929573417293	5.164804814748625	5.81150861924082
F4460560	-10.074621985000011	1.2026494094074986	-3.490436512140002	4.060900616549999	-1.7086045374895031	2.4387658714099967	-1.541230159405998	1.3751677228981598	2.2621912652989207	3.926786621594286	3.795563406410294	2.256900640845429	2.25435237162566	2.58082842445261
F100198	-9.94925933999999	-0.5144581855949996	1.0357831337049985	0.01767726414499993	-1.288525740785	0.8709069597734974	-0.37699577619500013	1.3700548431119333	2.3332168302596807	2.566117927951979	2.4309710334406196	2.268283794182522	2.2970511951545234	2.8658037391788342
F4448724	-11.151596195000023	-3.3002746540000025	6.3274326853949985	-2.6040520169838484	-4.188934620314998	3.9794907227799996	0.011329420262999986	1.4072389863775352	3.6750478741717516	4.043059780958976	3.0846952212592798	3.897323704535897	3.7471086372770293	2.7452845536167776
F2617854	-7.3996819949999955	-0.2873246008924999	1.8659294556799961	-1.9812215747855006	-0.46912887215500004	-0.9717860377949996	-2.388181499605004	1.2962272956380254	1.905730609479455	2.3395492840260768	2.2361667295179255	2.0019638085657268	2.116307666611492	2.791518391407853
F4475758	-9.908665689999982	-1.631225662316999	-0.6652748044240017	1.628333021381	-1.243803710064999	-0.6549566787099986	-6.399934602700004	1.3657802236707133	1.9239135905030718	2.3973816694995924	2.4344900009029073	2.1215407713711043	2.2045939423688594	4.542900725003152
F4422556	-8.437976005000028	-0.783218179019498	0.631075925037497	0.1449341779550001	-0.7913615043949997	-0.030657934428499987	0.35291959406499984	1.321546987622382	1.8781824228795825	2.187859046084142	1.933332881589069	1.825440086892878	1.9325943305948134	2.1535395938038175
F186883	-9.244376139999988	2.030689386655	1.9613544312849973	-1.4342974489054992	-1.2469386026349991	0.21511233267350016	-1.8559302510050006	1.3184500385006637	2.0630705172855346	2.281362209883536	2.0812638470912432	1.9266021545892709	2.0342496431453254	2.8384915655124643
F3868447	-9.276968624999999	-2.4226954717339964	1.5938942277999988	0.9146053708787005	0.4998197615150005	-1.1438378058650014	-1.1282821407599999	1.3275809322894616	2.1957321448032077	2.7910121597964324	2.510020426010377	1.7989237454463844	1.9777938509017048	2.7208298594802067
F4479989	-9.312302410000006	-0.3610831650004992	-5.375917764599992	5.554965343920002	-0.05429422753500007	0.22624787894204973	-1.6129731375449996	1.3672864354967085	1.8938676274347392	3.985628508087559	3.9333116739147025	1.9837454884428432	1.9762499370366007	2.1991535044892787
F4306262	-5.8343852850000095	-0.05622644587599999	-1.3072348530049984	0.5812647170349988	1.0400878883124998	-0.167797138365	-1.7538036606799985	1.3006801531729542	1.8365295214775468	2.118163735924677	1.9798821894376395	1.7852288864567207	1.8101044011170249	2.146339539000601
F14251	-11.17380849000003	-0.4354445342079999	-2.779601403945002	4.562492176985003	-2.199721030647146	-4.160688253304994	-0.20999971829500022	1.432851196700591	2.2820938092831127	3.7912928657933453	3.6449704312339177	2.3516286506578745	3.9034263258168753	5.464374137534862
F4442899	-10.59974604999999	-3.621039179004999	6.480527657600001	-0.9391892693674996	-1.9894521861300007	0.8607156028995	-2.5216890507200063	1.3833751303900523	3.6645951822216203	3.8727323948200154	2.8382802983247317	2.644578498487154	2.7679501511517994	5.198355785807419
F194258	-10.479785779999995	-3.647863202499999	5.466729383860001	-1.4761368397799979	0.7708944871500012	1.3905159196539967	-6.457026761200005	1.3500884566224143	3.7083771168050403	3.9787469425837476	2.4862274546023237	2.058076630338606	1.9893760336930995	4.469938261569076
F4466220	-10.27493051499999	0.03303749016620002	0.33845269220054336	0.44229217070000043	-1.3793621577300021	-1.1436760499935006	0.1409607482150001	1.3332157250256187	2.307222968776321	2.7339216958006096	2.521375282118695	2.320394621315256	2.6960776157642248	3.0684550836650173
F4452400	-6.112374484999993	0.019747056498500035	-1.1306776081950007	0.2041571573850001	0.22807837610000026	-0.4421338304250006	-0.6544321496815012	1.284522355434593	1.6739512838618391	1.9660870438579292	2.0214556312744185	1.778505824497406	1.7650439418998294	2.1039203304753435
F335719	-9.04778303	-0.7878616449103494	1.5410672461730013	-0.5946622631399993	0.1342115974930001	-0.36247434202500045	-1.3106780338000004	1.3084538007950903	1.9300585498357243	2.2923838562004537	2.0992097534967313	1.8503750421129925	1.8144103905133995	2.439482461792185
F672919	-10.465375770000009	-4.286384629454998	4.999738915245002	-0.18543651151499982	0.604228109187001	-2.232545807875002	1.0849396968799987	1.3771647723841562	3.9593037406003533	4.113718844362525	2.473380472889862	2.0907494524629477	2.378435969870221	2.8529374738981423
F4403854	-11.456607149999995	-2.992869319349996	2.9084815873750016	1.4390980835799982	-1.5998352660299993	0.8908621981695004	0.5922102813400009	1.425473178952336	3.946154324035084	5.230875096748019	4.375415562144783	2.658737649890381	2.706630414520309	2.6637534680763286
F48887	-10.626169055000021	0.7721673794100008	2.6511826719600036	-2.713926163799502	0.012817708647000025	-5.833745294884997	-0.7556523934599999	1.3923982125200947	2.1776575141979286	2.3653836769674825	2.3428441342545674	2.088977652200304	3.975820794964529	5.547439551611377
F199710	-11.092260179999993	-4.5871789646449965	4.579400824369997	-1.0129499222894986	-1.4901164587144986	-0.19911260462999983	0.7076690154849987	1.3852082754040504	3.4634371601563125	3.7340510453502143	2.4382212641493863	2.6196736394751756	2.847024559384774	3.052817179263085
F4472195	-9.82388891	-1.1899952835000007	-4.923372083439995	5.5386233939949925	-1.7405980910750019	1.6801336464249965	-3.912323721394997	1.3763765435289177	1.9625566274062949	3.839716611238717	3.7599040701523347	2.1412748717302597	2.1471936660380284	2.6775714717477537
F4379957	-9.461596029999992	-0.5718586626055004	0.550573657265001	-0.06622372075499985	-0.13837142511260003	0.4935676732120005	-0.1857818940549994	1.347267184800416	2.0846458121324383	2.612943531252919	2.416065196449305	2.0145690218936796	2.0110085972525926	2.178610430992467
F272978	-11.391210149999962	-2.517707805989997	2.6044638015834987	1.6445719769149953	-0.9669657705250013	1.1102201166785015	-0.7390280368699991	1.4386926781009812	3.9681597887044715	5.298581821836762	4.544863482347406	2.6472179166010834	2.5123299559264898	2.793138238959097
F338570	-10.778243749999996	-0.45715710303099966	-4.514823893785001	4.739812304779998	-0.36093314636050017	-2.549716978730507	-3.1912721151499928	1.421980209000264	2.2294052319435953	3.8091896538503467	3.811187404666379	2.236187049657333	2.6562184706281315	4.5936742142394875
F4403974	-9.09723606999998	-0.276370968991	-2.5861818105549963	0.27230774869000024	0.10324015975	0.009327427337099965	0.02360063273999995	1.39817364526058	1.7595684047124138	2.1760743309127313	2.358649433950682	2.0432240698760773	2.0155084491635136	2.672350062105579
F2052289	-9.02970725499998	-2.4813720055530015	-4.595004207249997	5.473912339200003	-0.3366676485070007	1.1900447456100005	-2.206964245704997	1.4149041379850855	1.8945169289014026	3.9951777024181983	4.047828333088315	1.9110578560188185	2.000732462575202	2.1676649794155454
F30587	-11.274523975000012	-4.1522559820900025	2.8137243518400017	1.8779772682999991	-1.0035219383465004	1.550187753359001	-1.0571019341000005	1.3874363120046083	3.8792108300639243	5.453990560896224	4.707991040658118	2.4395690257532823	2.5456904904347164	2.6464518601432543
F3504774	-10.982616995000004	1.0484685941549994	-0.7459647652249989	-1.9363635813490045	-4.2088324154749985	3.0682781019099976	-3.327821630323003	1.4004744855002607	1.9192570915186815	2.375422265443096	2.456866002677449	3.8866322503538835	4.065640059820499	4.6406902814165285
F177697	-8.406081200000008	-0.5115764690014998	-7.004906778094997	7.505447553349992	-0.9648410012250015	1.0263457350449974	0.0036983006184998553	1.3695965895037698	1.7385157811716445	4.10349843566481	4.109869767309616	1.817916567549789	1.8473839401451382	2.102435904753316
F290396	-9.670849085000004	-0.28320269583564966	-0.22007449139300017	-0.006353511864999998	0.720711891142	-0.5254728449589996	-0.02003175063500003	1.3368355829258176	2.159054190102196	2.5557819593364703	2.477228350808055	2.024799927617805	2.2407377456308795	2.7346766249470984
F190219	-10.537118104999998	0.3715660814540005	0.6192568867499997	-0.4988851196299996	0.058201815399000066	-2.1897391970499984	0.12243563992515008	1.3856054912339086	2.3130948462453342	2.5978104566245217	2.5643811082076877	2.3529705259112963	2.585306339846296	3.0108502638608052
F151401	-11.436769500000004	-4.208792812704153	1.5786103059150025	0.8817506829499989	2.169905294075003	-5.297289192714995	4.815381459799996	1.4245902776507173	3.9170703108202085	5.0742352377007425	4.743238599456052	2.5553716948902383	3.580770805568156	3.821000276495591
F265676	-11.427931645000005	1.728742076589001	2.541020827374999	1.9001314500499975	1.8442288181199984	-0.4010488604570007	-0.9646762466349995	1.4514901524438413	5.349501184332602	5.195028195494821	4.365980776057127	2.275139859817119	2.2111930352087117	2.462424883654636
F3903651	-6.862511509999989	-0.46916716949000015	-1.0773983808199967	1.3123037736004988	-0.08307618885	0.4466760642796501	0.4330924625980003	1.3730134814503159	1.678410542169883	2.0165408835728043	2.0288402124562395	1.7561355234785019	1.8364636260894338	2.070189813434859
F187751	-10.924551439999979	-4.275074099595002	3.4716443928810024	1.5442660280194993	-0.06505261220499985	0.31172307618689965	0.8279273231800022	1.4295297355301242	3.9022235759250012	5.317505681957617	4.487824571008026	2.411698909222297	2.424693395669453	2.6282774710925594
F174842	-11.435151445000013	-1.0328775659800007	0.4135843060199992	0.09139741339999993	0.28299041939000025	-4.563664606167996	-0.16224795995499983	1.4169277788062322	2.443068765224646	2.9163445594199167	2.769576063633371	2.4754842897211593	3.899328809806215	5.514409797077518
F150412	-9.485426479999985	-2.6945924590199977	-3.364202967361504	4.471073416044996	-0.45419093377850017	1.4264972639000004	-2.9850063580105064	1.3858798652548177	2.1001934056144944	4.327385175678756	4.358592218822083	1.9314562094836087	2.08420389010456	2.458758794216903
F181174	-8.647198934999992	1.1361501938734988	-2.6196476666349913	2.4114934545159965	-0.1965993770100001	-0.4434568947900005	-0.8935552004250006	1.2959882554026931	1.9183045525207731	2.2810778597002046	2.3642991723487206	1.838176726625607	1.8803402035066357	2.2586996783931648
F4472091	-7.192644064999989	0.17462240804949994	-0.9657199918949987	0.7707143053315506	-1.1806488690639998	1.3359516519850012	-0.883069426605001	1.313980588289921	1.77146496058874	1.9009936636133913	1.995719683241935	1.7490511931501154	1.7563616682412908	2.065653930188853
F4428714	-11.121485124999987	-0.6103373975690009	-5.9450737583499995	-1.7327909834750008	5.380252262670005	-0.38440539201749985	-5.114250318780003	1.4673019447831053	1.813514023381853	4.027053305297661	4.938236405184436	3.879893990771033	2.51698763800269	4.440984062438605
F821330	-7.83031454500002	-0.3622512192629993	-2.841902526163504	2.045875361295001	0.8420473970719987	-0.46657923119450045	-0.7131168574549986	1.3325763649924502	1.7408664505799814	2.105330503892777	2.1550898712910778	1.7077272425380867	1.7537958471473691	2.1158637768773785
F199716	-9.630559284999993	0.6307447879099993	-5.2030038081399885	4.840966443240008	-1.361147428680001	-0.13349364948785009	-0.009537990119999982	1.3957076344671686	1.8102415202065156	3.856582811895422	3.816474010838138	2.0338607058273226	2.1499633608146618	2.6305730914898264
F172857	-10.70706597499999	-4.995734277210002	1.000181353055	4.665034271190003	-4.839972448350003	3.05046002735	3.4157689615799978	1.421170029234697	3.6940375096245623	5.2177451173243545	4.302527066396475	3.5566911313268843	3.732798913317662	3.090718723006387
F178811	-11.54508660499999	-2.454639157215002	2.3158479970600014	2.584854715879995	-0.8624005525989985	-0.5264907211849996	-3.6666617628300036	1.4464794235236198	3.7754231116454022	5.038011380031302	4.067522108273945	2.3284065277190766	2.449618147090447	4.373579363757988
F988375	-10.930048060000006	-4.049063164935003	3.5816447236149997	1.6056087723200014	-0.4563507113374	0.7384979707499995	-0.9476760697199997	1.4557337741081429	3.880861223285205	5.0675770819124075	4.450268323174089	2.569619113190207	2.544510206907961	2.6852454780834756
F198542	-10.714675619999989	0.16589782662550007	1.131373240068996	0.14620290401550007	-4.848237469054993	3.9566342914850052	-4.437592063340002	1.3900320514657636	2.252422184946898	2.764216227598323	2.4223376274346866	3.6072375425361356	3.582568705211582	4.296589506662953
F189820	-9.875137715000019	-1.2398349733874978	0.029346747101500023	-1.2253001835599966	-0.10340473942199992	0.973188905176001	-1.313460200920001	1.3166496697320917	1.9700592801201404	2.5657829863695594	2.8171791915247355	2.3780282919022	2.2504877962308836	2.462087087998664
F4451152	-9.219629129999987	1.3080567713199986	-5.260004741765008	5.533581233138496	-0.8946178094010007	-0.27427183910500036	-0.38421383756500055	1.3710683428602466	1.844237650912938	3.7739422747961484	3.7812613420883254	1.8637802517714992	1.9448503470849294	2.5034210786785667
F4373156	-9.691285394999976	0.24812825280600007	0.21735392185999985	0.8174951294649998	-0.4523347347699997	-0.9498460431094993	-0.6005627122300011	1.3325876293820402	2.1533706274395525	2.5354698224905268	2.4457773313129736	2.0106609111077933	2.1367939184869367	2.8129082384964983
F361845	-11.156696225000017	-1.8260343992700052	4.8885514106309875	-0.0005148386099999732	0.46307970368499995	-5.076007992100012	3.340146566614997	1.4477120420305636	3.8869245910769004	3.896800038633966	2.5073069318983388	1.9355664340243908	3.43363619731921	3.829036085006335
F339087	-9.933354210000012	-0.6065825842349998	-2.1441359079500053	4.50831791515	0.7137195424000006	0.2419972647979999	-1.570195665950004	1.3976118419462085	2.4007997387684763	4.241024633490094	4.066656311253201	1.860271402129277	1.8423770370663817	2.577028375974392
F849346	-8.594585630000022	-0.10887812942749996	-0.060054895073499946	-0.11216019836400003	-0.5824962391245011	1.1032320235104995	-0.054099399200000085	1.3570546412186213	1.8949533566294943	2.175905379023056	2.1727473263738353	1.9394028075161864	1.8640108593309048	2.1859265362304017
F4465746	-7.127824919999992	-0.8418466837800005	1.8189626833800003	-0.7622824926120004	0.29983991503199964	-0.6416686391389995	-0.48915691996500016	1.2785561834719639	1.7811311721540581	2.1375825422573342	2.100130712968118	1.8723588525629054	1.871696062640781	2.228857260216708
F4094866	-7.669957779999988	0.3201002452269995	1.1671576976325002	-1.1756856291584505	-0.5008378556199997	0.8553189126624882	-0.042687534873849915	1.3552906207897153	1.8071363599179573	2.043894619922857	1.9742954614371682	1.8334007995955053	1.817908339947283	2.0916822193374216
F183849	-11.332916810000018	3.485994422224997	-3.9438232850350032	1.9076829534850022	-0.42929606971000034	-4.8923969076849945	1.5007778423349958	1.4470054303687407	2.370138706588251	3.762478731928758	3.7359122585548836	2.552864979667131	3.9705785821385966	5.767533613783941
F4395096	-7.817845179999984	-2.181137243225002	-1.55956207032	-1.215141794339999	-2.4237353375500033	1.8691153257699993	1.1039294517350002	1.3340039298775204	1.8330086904323861	2.3478741186142034	2.3146733794187058	2.3555292997893944	2.3661248160145307	2.5432237710751058
F1912118	-9.071342250000013	-0.2442199853904997	1.6517446213649982	-0.07407644047999981	0.2340568122144995	0.5910085972899995	-0.16420271585400026	1.3313910496572883	2.125710577461386	2.441399486039194	2.3797438474744275	1.926860025125168	1.880200415759146	2.1838878677465936
F592913	-11.524621289999995	-4.624111209765799	0.24104321208105	3.5927037946699962	0.4824515130649992	-1.007677261371999	-3.8879569894499992	1.5006604729356778	3.727984787119142	4.867900562560744	3.888578942894554	2.480876519531511	2.5819197183218168	4.379458410789929
F849110	-10.591920150000009	2.4076017238549996	2.4821656056050005	-1.3483375160699993	-1.249018847033501	-1.1027120385800013	3.2837963813899984	1.3927354900008377	2.7523092532131983	2.9559427357623216	2.683104936054837	2.4447418309294973	2.737018892933484	3.5617215575167234
F121873	-10.675343999999992	2.1755540112379483	-3.75655973164	3.885176222254995	1.1042728483010014	-0.3204666060939996	-2.839834880776999	1.421117346309515	2.5264658638865143	3.888184783153634	3.92821895139244	2.088666088766603	2.038370069799083	2.6862659657692864
F3973322	-10.203182580000002	-4.1234730885799955	5.115735953764998	-0.3156005838065003	0.3541468309549999	0.2319658841869999	-2.3996996529250003	1.3988322102728905	3.729463868580488	3.8970308239705966	2.4965210974535537	2.1195633375619027	2.011282274489669	2.4777778297052726
F147100	-10.621675385000012	1.41015769707	-6.16358967589998	3.7215580960655017	-0.8062339123049993	0.30223002152949996	-5.619401874120008	1.4484551714751308	1.944323493771268	3.567078788157479	3.5597492490421216	2.1928968664993844	2.4965926222952652	4.330372446050874
F350398	-10.16475429000001	0.16657039957400013	1.2922063580300014	-0.7589544057000005	-2.353050038046995	1.2244988470699991	-4.0841947727000045	1.4192809438335647	2.0249481695462404	2.4030732105100596	2.3015821401468846	2.345788548535059	2.495594002977513	4.57376299154906
F2183213	-10.263632510000004	-1.3587333761899973	2.2267209268399957	-0.6739392348150001	0.42988085985499985	-2.1763845983129992	2.5189013758400023	1.3605918758447746	2.3899606207352027	2.6586661599159744	2.346648726415791	2.1370634101788437	2.356972758675515	2.5311960499293282
F4473509	-6.021030665000004	0.018822114187500006	0.06063548145499995	0.15861161784850006	0.05329884797499994	-0.5796247315200002	0.6782898523624998	1.2952300680492712	1.6077917897956784	1.9491245585057404	1.8747885252092742	1.7419183675294478	1.7894753638139205	2.050408166512696
F4384516	-10.400314705000024	-1.6671844825250006	-2.3759649199249973	3.0678961103149973	0.12169961821599999	0.020069298173600005	0.3909380149750005	1.3414677775864046	2.289100457593597	4.042175675087927	3.7968780554541888	2.2751124299939645	2.2526738016885934	2.741847121240873
F360660	-10.974552739999979	0.46809556839250016	0.30286662787999974	-2.3162479173399992	0.3426236833814997	-3.3211144092539993	4.056998608107004	1.3705991143086265	2.257309785050784	2.42561892299632	2.5859471215549217	2.719550459207826	3.8033459972807195	4.176991621716595
F3943186	-10.610065015000021	0.14332607277200002	2.120697480294996	-0.6276841400680003	-1.4050841172400006	-0.30735196749499977	-4.988133506875001	1.4107407986878382	2.408617964834558	2.639769651562872	2.3434741492176334	2.4051445068726127	2.471079040595695	4.386247151670685
F110192	-8.838067490000018	-0.35283155407650124	-1.8477633523810044	0.24192126173099965	-1.0737053845050022	1.9502428655179977	-1.8166482606500027	1.3792098995352366	1.8208064350327082	2.2589028551257497	2.344188482103694	2.0329706742066835	2.1298945236549547	2.1565667446319834
F4456027	-7.932587285000014	-1.9931426010249997	-1.794991791529999	2.128399704235007	-0.39544939458499934	0.04194653819600006	-0.84186245911	1.3253086758189885	1.7754243728130006	2.253912503667936	2.1561247000021644	1.895111840110744	1.9572162605306727	2.2036719261351796
F1135084	-10.917979350000007	1.5509605305599992	2.1835073050850022	6.285867596315016	-1.008355986095	-1.1822253717431994	-0.4034546809354992	1.4678713139055055	5.423323605465444	5.327334632690447	4.119656914685338	2.2635339846064753	2.40730166764176	3.0079853243715315
F266274	-10.070859725000012	-0.11308239226949972	3.088646851534999	-1.9915404531899983	-1.751870557338	1.5525656319924996	0.3396892196349993	1.3720669258472329	2.6047781809797335	2.8027306117674313	2.2890149936009263	2.4529134406834263	2.4657430286638706	2.7026783718159813
F4478125	-4.931982903499997	-0.07738140695149999	0.1763726382650001	0.14243433064999989	-0.34788716557	0.3271959147595	-1.1498398565599999	1.2944593412253849	1.7730130185281936	2.084736109545952	2.059718539227437	1.7500717204744072	1.7913829470260614	2.2225641183072016
F327887	-10.885032190000015	7.087480720799991	-0.19059007567500014	-1.0452824252650008	0.8497327805950007	-0.2268803669479998	-5.698885965970009	1.4293954610893378	3.950089113192793	2.613042908199322	2.4583901870401417	2.1311779556939956	2.035326465122003	4.378074218811097
F3134492	-10.27119917000001	-3.3606432875100016	6.422422177900009	-1.4564816457849978	0.17241648260500014	-2.999554185510001	2.4042971188149944	1.4067547836267735	3.7696031184112333	3.8624249544565084	2.4700166777425845	2.0075781209459813	2.415425854496316	2.790589102157029
F3865949	-6.429960805000009	0.17397430177350015	0.4057237319165002	-0.595328734194999	0.20042511392500023	-0.09578223951400001	-0.40323111707764936	1.334459998190167	1.7799226845505642	1.9460968392178042	1.898339314818825	1.7932130333417684	1.7174241781833632	2.130744949882995
F180110	-9.228091025000003	-1.658653884125003	-1.2040251061499996	1.834644032000003	1.5043632535749958	-1.4600955386949994	0.38727311557999977	1.2852863279667286	2.1216603793649793	2.5086614878631877	2.324331287645527	1.8292486581552172	1.9149847001218716	2.5076664063932133
F592616	-10.476146005000011	0.012978623645000017	0.11971127845200005	-1.8215293878510026	0.8597173033150011	-1.2660093375230013	-1.6110017969290003	1.3909300671139744	2.2092065999520285	3.117164884184827	2.875660922341401	2.5271492701869636	2.6645299009315564	5.087373559380046
F4482983	-7.0908400349999985	-0.35489378530399923	0.4241455731119992	0.41497070212999987	-0.6553057494950008	-0.4627646261405003	1.0893798721649992	1.3446160733267871	1.7769420317679359	1.9666027993922632	1.9730628841646187	1.8084180545338286	1.7099694866598272	2.10066046632718
F196596	-8.620125560000016	-0.43125525832499984	-1.118276554849651	2.1796263474367006	-0.2200711113080001	-0.5911853316250003	-1.8265370340944989	1.3412537702669791	1.8284488501090261	2.1512594104741822	2.238903943754422	1.845068777089317	1.7939914847954899	2.348043580622461
F181934	-9.81669248999999	-0.9107418914237989	-3.613440379325001	3.6248032342000056	0.4094804243200002	-0.36649406764650017	-0.7572548704315003	1.4044703056237973	2.060997759712646	3.904942363290669	3.9840883917518535	2.021089395415572	2.0939956477500306	2.6085026147530908
F3889756	-10.902957165000005	2.1451269857949997	-4.107703442195499	5.500359781039992	-5.775821979580006	3.030185399084999	-0.8321348238849978	1.4282524165119819	2.4304888359068553	4.018733695213695	3.9067326534971447	3.659237962720575	3.7921605132651712	2.9117552876033765
F227565	-9.622753130000017	-3.447261843895004	-2.6918000045610033	5.3951500945000035	-0.19801962921999997	0.5021304328199998	0.28373531745900016	1.3505387649577125	2.2852802472805913	4.129639498104888	4.189652475694407	2.0008751900275743	1.977291784879394	2.1320733292873717
F4329776	-7.866850419999993	-0.518410035465	0.7480363321214992	-0.2413370816625	0.1660604695519995	0.20025431126499982	-0.8633084036899986	1.363743386750023	1.8049598321152822	1.9735134160433159	2.087098103129921	1.78787703330355	1.7980035349100711	2.201939755242476
F183144	-9.958284189999983	0.7566094349799996	1.8621170468670005	-2.975431506084998	0.16161807179	0.8999000811599996	0.15605396511349998	1.3089810413306	2.3804203937007253	2.537670359661019	2.6710604149356674	2.4633104452733274	2.3621665670910126	2.5855900956431337
F3195723	-9.543036274999993	0.20609350396950016	-1.3873066990750007	0.012227197664999993	-0.9476886983534992	1.4022928259824985	-2.1229654338019945	1.3261667916130222	1.8042762753766879	2.321964498013245	2.347362894992155	2.1241783329202333	2.1264053021241693	2.437076378262424
F2050168	-10.229584509999999	-1.444429988854999	-1.667080889079999	3.6503021664400066	0.3007238251999998	-0.5188049887700003	0.9341061249399993	1.3371146322342224	2.458359828575783	4.3073125567627875	4.068230761036694	2.1637707954493104	2.3115245522677617	2.692022948720315
F24175	-11.469308760000008	-2.7183879176700048	2.664835724840995	1.6731858036150036	-3.9703776160149937	5.116202693449993	-0.8735223243015003	1.4449012281565699	3.7485158913731325	5.245753452066344	4.575039228081525	3.5698037400011207	3.549944235343171	2.5289648554331206
F342449	-11.011099874999996	-2.6285627830500014	2.3996427518695045	2.171088422817497	0.48980053350999947	0.57914237327	-0.10120718966000017	1.472306903980768	3.9963319323944724	5.142361461538588	4.464356884434704	2.3886577863747545	2.22203438494883	2.7244761605487264
F4341886	-10.57806840500001	-0.5561305185349995	-2.631903503151502	3.1537837884349966	-1.2613699037050015	1.5511847259199993	-1.7592750880760037	1.3414514736674257	2.4209829928474766	4.123092039467995	3.9555799259847633	2.4014088161077938	2.433599783894122	2.564107181914649
F193919	-9.961833654999994	-0.4005762266699999	0.7397372041602489	-1.092496529385001	1.0947042745095985	-2.7034910525800018	0.6824970947119988	1.3451514010166996	2.0772486960453738	2.2932571439925504	2.455930112760274	2.052263629814664	2.365411692640436	2.8099368616492906
F3055954	-10.42556397499999	-0.7644769203049978	0.4813691105049997	3.2491740838264986	-1.1340679774799995	0.36649047335	-1.5830710518973998	1.4127073535447985	2.6644519018677917	4.469279624153099	4.0340826631881885	2.1579171222523477	2.2899731465254707	2.7335646004138887
F183845	-11.166481775000017	-3.8862671716720025	2.9497625224249995	1.2886131530799976	0.6360786758899984	-0.27788157445499984	0.10890561906999992	1.411750095155265	3.7989304208001444	5.189408063914794	4.509901471007354	2.4356262247096647	2.4129790074661734	2.684924096339728
F4404181	-8.854090290000006	-2.0030881795675053	-3.833356003280005	5.787303743490007	-1.0083124559700019	1.1669666441659983	0.30417904985199995	1.3625619160588331	1.9065488978692615	3.993717842182398	3.962037056505859	1.8316092090898306	1.9048968186152924	2.1762134138338403
F288810	-10.724916724999986	-5.988092497700005	4.032136756034999	1.7740531586165007	1.0979513043099995	-0.5018181301349989	0.6037025729119986	1.4136289452007627	4.015539857302656	5.414422632150962	4.559622425297435	2.458677746334992	2.4743993128521264	2.676013887499682
F4304089	-11.407425460000004	-3.1188070071400005	2.3303488025599983	1.1373067969894999	0.9577485049450001	-0.8618097351350016	0.8964705844100009	1.3924587691467878	3.9138210145835854	5.32364813145902	4.617916393670557	2.407453670827014	2.5954270727544744	2.694605695007119
F3924627	-8.626426935000001	0.11143033939	1.6609899630300062	-1.072784938659998	-1.803369479129998	1.1591605616600005	-1.339335073200001	1.3601000178246665	1.7585726141546534	2.1417377206913817	2.0599448672012595	1.9887122133355697	1.9776997623947334	2.4164129712713804
F331491	-9.181333154999988	-0.5678961853800011	-2.0223911469149987	1.086949007295498	0.36246779050039946	-1.4213120917500013	-0.272970184572	1.3633517891222686	1.8415505586718142	2.389113445189772	2.383511869531905	1.9664812779162082	1.9857047594554278	2.1929576900993393
F184314	-11.441317795000003	-2.19244688881	1.3075422906150003	4.263205145544999	-1.1541437671649997	0.51212949178115	-5.070941405024994	1.4178455194413409	4.342029524923504	5.055237861420568	3.995482797183932	2.1949807535780703	2.343804355289911	4.1911979223790965
F4337199	-11.215798809999999	-2.6234851739649967	1.4783726685450018	1.767546174763495	1.49938811378	-1.2620194000299993	1.4268990448099992	1.4386859587313645	3.930672319274911	4.994759225869773	4.2253892349801125	2.459297818769912	2.435514342053326	2.7356989812973347
F187081	-11.67903295500001	-0.805296247330002	-0.9467044963684997	-4.763542794490003	0.24614459772000025	-0.5625623514849999	0.8972920499649989	1.4802009167970804	2.3134897465233135	2.8265280718089008	3.903789320026915	4.745937274960686	5.189029923579454	5.688944302528113
F274569	-11.237037549999991	-3.8107312072670028	2.647565517279998	1.024015115615001	1.0738496706450011	0.13547616695494996	-0.3888739924249995	1.432877776349573	3.761569434785913	5.174199526685004	4.4869917780136	2.433950669098622	2.4225031485471726	2.774221934848461
F4311620	-11.273525740000004	0.26941969604899985	-2.7039466054645045	3.5089490171750013	-4.973312405965003	4.148650115835004	-5.3183297815000135	1.4136841995308054	2.41803854625288	3.7919009614833894	3.7423916957955825	3.5378214690854355	3.5998558063149835	4.322467776976992
F2920309	-9.934297014999986	-0.7117727709419999	0.30265293308499985	0.5917926609484998	-0.6242033335100006	0.7238114965035001	0.1739166483245	1.2880477920404352	2.241637999530038	2.6728818205204035	2.485575988213273	2.1798767007650155	2.2374685166117616	2.1621774580939808
F179291	-10.530285290000018	-1.1116550797100009	2.0765115079500003	0.22116424643499996	-1.8483567783089985	-4.0656267723749915	4.2111126964349985	1.3752515324291825	2.420760335637646	2.9897555729172494	2.5120378166707606	2.333703217099702	3.7951150864615433	4.12986671193824
F157894	-8.602418164999975	-0.20241750991200014	-1.2831457819850027	1.1813959732075	0.057716779655000015	1.248963732874997	-1.067689947085	1.250836635415186	1.7958918762644498	2.34288294508561	2.291209464134575	1.9548636013543697	1.7454015409445711	2.2184016349003643
F208479	-11.514119979999979	-0.24441124543499992	-4.9858160438899946	1.635848566455001	-2.233348414720001	2.8932851837950038	-3.1413743433050065	1.4078280396269998	2.041536435510878	3.8661217792533584	3.935531193416433	3.9560017071123523	3.888291760987452	4.577426434702776
F1624481	-7.820526200000002	0.058291332456999946	1.8867114970134988	-0.9745203255049997	-1.6535525437250023	0.043624031264999995	0.48903555449149944	1.3100426151565303	1.829218536472469	2.1159253357618852	1.9839425110762592	1.8078150990869246	1.8939989238930786	2.2680860536187026
F207252	-9.504990865000021	-0.8672996842699988	-5.024613143809993	5.197201705139996	1.322156937505	0.6908104519490007	-0.5887218536749992	1.3673555325641908	2.0250131395301803	4.0189473136687806	4.021757104892771	1.972716542724477	1.981790008443468	2.102794266558146
F4289862	-10.457187575000017	0.9718372822199992	0.5876372780744998	-1.0641511294115025	-1.939899011229999	-0.732728198364201	1.1196863437350002	1.4162177264641425	2.1804815188165887	2.377623743470646	2.5110302163793747	2.465866811681189	2.742906740073027	2.8771985166863407
F113542	-10.544171969999995	-0.9874054393365	-3.135078473102999	-0.2585118832615	0.8798094693849975	-1.3226354419400004	-4.561669071364999	1.4510231167743055	1.8546795634809168	2.9057079304296822	2.831073860532703	2.533100649498219	2.6376784372820774	4.844479996258298
F351659	-10.38393131499999	-1.2701307968784992	1.5314637704689988	-2.4583023567099986	-0.33958027050000034	-3.455935966693998	5.7210925053499935	1.3899949699119856	2.1851642250114294	2.5709867985628088	2.5096038248463084	2.5706644768542395	3.8527625497466076	3.8901317942521763
F244484	-10.177219504999993	0.6068921871889987	-4.454077687594994	3.0910445903850032	-0.4840286955550004	0.4607729831774998	-1.3082829364599997	1.4276448923543643	2.082374334454142	3.950785148210874	3.988884039229165	2.286374866772083	2.307632818362939	2.559513926635661
F181422	-10.735447380000009	1.1005189389412489	-5.528379309774999	1.7629128872450017	1.5208840464110018	-1.4792961039350025	-2.51179046715	1.357841062624758	1.8987422021893055	3.8722941971713563	3.8475690599462924	2.426515567043521	2.621334114124068	5.143369132549822
F3786232	-9.646247129999985	-1.5653412427549989	2.130840396159999	-0.9078677778600016	-0.27434744285500073	0.15386461389000042	0.3049013641749999	1.3146566543202685	2.1977392330662995	2.4707205833329575	2.3236888960676656	2.0829604520058385	2.192850444903199	2.5576817645121124
F4442508	-8.100345625000003	-0.2501664113670002	-0.5035576229200007	0.4941558397299995	-0.1661222990349997	0.3584606433049995	-1.6143050707399997	1.3758439288312856	1.7064573121322146	2.1313280077519936	2.025034982592783	1.7763942931407046	1.8037592031230782	2.137209545992121
F452592	-9.384651709999998	-0.09217389285499981	-0.13737677328500014	-1.2899102025749982	0.5704770957800013	-0.564877724560501	0.022119318635499968	1.3326288238677615	2.0237180990536	2.373803761526625	2.5022447197749584	2.1700632511882567	2.2217826282810007	2.6960953514384984
F4008139	-10.545658230000017	2.437943360081003	0.6212509537980004	-1.4627777119800003	1.0120181744965009	-0.4474557120994996	2.5212954690400005	1.341711347508088	2.728582170633046	2.641749429245922	2.6157117754184136	2.621591795779644	2.459978770018585	2.6286545913791253
F4462599	-10.628213324999972	-4.596941334849989	2.450526831044995	5.243223219565003	-1.8604308242099985	-0.30429148408650086	0.21519518255100042	1.3660463306873598	3.802913355600197	5.048951661859841	4.1742746305794265	2.160187710287171	2.4305790172304733	2.63501919538256
F4442170	-9.689031249999987	0.6665740392550001	-1.0853633160919995	2.122400815510003	-2.836563388790002	0.4335578776694999	-0.9947969867550003	1.3300732112466354	2.198216551203583	2.865642508275187	2.601736462674531	2.33551390940022	2.674489301980312	2.9304512963380738
F113337	-11.477642535	-1.9724866177445002	2.3121214172000006	1.3290911581749993	0.6295301506500003	-1.879093708764451	1.5939461874974994	1.4545833788457856	3.9473402656585033	5.2985284817628475	4.61332043711108	2.4149953972514	2.6050213213812943	2.8875684667112616
F3550973	-11.493543904999989	-3.918754594730003	3.3201948159550048	1.8263135041324978	-5.303922577000005	5.1053310613950025	-1.5567868779349963	1.452231176107889	3.697214119365896	4.965623147822544	4.376075825991922	3.513584838863358	3.5717392808681674	2.801285839513969
F4325533	-6.5535200050000135	1.2611188338149966	3.470082740044988	-4.703183627400008	-0.06758035745000003	0.42847346557799976	2.0331089528649997	1.3242841067373148	2.008075531079337	2.227269778570623	2.206625772262964	2.0501930121657215	2.0998340908879487	2.3900759991454965
F2653002	-10.694960054999983	2.8039486978550023	-1.5306322615449992	2.183376264305001	0.34669266536999965	1.5534241493049972	-5.331151134365006	1.4487171013241498	2.8141994814005287	4.340064604616052	4.024921804957441	2.2566274148039778	2.218392080502263	4.48034986328514
F2490216	-9.762001794999998	-0.556146269205	1.562247125380499	0.30026482587500086	-1.226333952455786	1.0687483055946996	-0.5268529140700007	1.3413051813936774	2.318782215920743	2.5510257481541574	2.401201426022928	2.16839944124292	2.278086528623141	2.6212241459919765
F4447188	-7.122422310000001	-1.9938480282150004	-1.221319667427498	1.9617195449049998	0.3473399837415996	0.8485219245775003	-1.2481241674949997	1.3013970806024826	1.8073585385841238	2.2637128411329384	2.290827730182974	1.8794352744001188	1.946414620036587	2.2320095052908915
F695612	-8.058539489999985	0.3734530416805001	0.3759655886550005	-0.33301553436050013	0.2243026706699998	0.07709914150650002	0.22161774677000032	1.2990969611425633	1.7372797915571896	2.0646437168681757	2.057058596345891	1.7570021768055641	1.7722782324925326	2.026956329145273
F989234	-10.805426919999993	-0.03212185759500006	-3.823969026023505	2.7151876684999987	0.3632944575235004	-1.2845176467999986	-3.6439997827799995	1.3524878076849383	2.1324703081318925	3.933939931055134	3.8973156201580417	2.3210054689081816	2.5460308895273998	4.472627433399577
F191034	-10.133618205000007	-0.21122875811000025	-2.8011755293799987	4.540893027804997	-0.42426351086500047	0.19217352007000024	-0.6577191216135014	1.3666014618425988	2.2926763515084363	4.323414758332894	4.108789980026609	1.9540220714779073	2.0171071793543773	2.484612098953721
F370287	-11.184635530000008	1.4328649361980021	-1.8698548146150031	3.8912286310500055	-2.1381087129450034	-0.8283221681850003	-3.179437960145004	1.4305462140086291	2.799042171111367	4.0560451664240675	3.834136296684112	2.259146734555652	2.6116758839576	4.278276641148976
F4477017	-10.499942914999988	-0.547023734074999	-2.315643854574992	2.394266167564999	0.04491278180399999	-2.316081515183	-2.2648250504835006	1.3645726306595236	2.225100148132133	4.13217990588573	3.930741269329851	2.2096987575242486	2.709587327046846	5.029997420455364
F1646171	-10.255620774999999	-2.1712747761949958	3.236498990069995	-3.009836771532496	-3.7570858564049963	6.079435675780002	-1.3475317943494998	1.2908504126831848	2.4043138747110073	3.0138986676354977	2.8405368441945984	3.8707189609410246	3.726425148404777	2.372757757781929
F4439469	-7.23270232999999	-0.48838897803000003	-1.2462876894299975	2.212643128069999	-0.5183960831079992	0.8375135051549986	-0.18354082594900023	1.3161809084471519	1.8630044116273023	2.0627923354393323	1.9583014399674898	1.7084227012500373	1.723551063249562	2.034468728923544
F4450214	-8.287280544999991	-1.3382647007425001	0.41850664159000045	1.4028699850350008	0.19689903407999998	-0.5499308984000004	-0.3047112487899998	1.3342473014229985	1.8381339193461987	2.124401553594917	2.1639994804498217	1.6392006324549795	1.777639300770898	2.1032659297110294
F180182	-10.256891559999985	0.14008717394500017	-3.4281992407799944	4.300600062900007	-2.6276247370250085	0.9213263769884984	-4.290558340809503	1.4586443981364572	2.0359406504431363	3.9471722123365622	3.8284427059297372	2.2875692702962733	2.4578340713896574	4.6161997172954425
F357092	-9.697966079999992	1.1265257531509	-1.7080303264764982	-0.5851088235369998	-0.1222300668699999	1.0478388303984987	-7.858708847906505	1.3638234346865923	1.970478081656357	2.2192410371775457	2.2882154178735425	2.223447017571007	2.253005388767987	4.329242639721454
F4483037	-5.922599980000012	-0.9897520327799986	2.582690796520005	-0.9659375128070014	-2.456240872589995	0.46509845678550094	-2.2584829950900005	1.2838555471599211	1.8963680187208207	2.1352572601246065	2.071009516707695	1.8081696224821822	1.823376023088333	2.627401906039832
F4457438	-5.517991153999992	-0.8682197347100009	0.21885833950749975	0.16834037735894974	0.08091729222699996	0.3977493524329998	-0.4307385399865002	1.30139236576609	1.748093485400922	1.9700335790565238	1.9796110199605375	1.7748420781156522	1.7283445854753963	2.1105476169783426
F4477455	-10.271559125000016	0.627823458303	-3.778905166060001	4.122704132115001	-1.5471703523260045	-1.9629319498649975	0.9094697673799995	1.3556378353750256	2.0406407775323445	3.832460433190887	3.749477994267141	2.1318187565231215	2.39702637887415	2.8104151082534616
F166869	-10.702585110000012	0.7297729509500009	0.206639774183	-1.0181104306300008	2.227831949800002	-2.811631086604003	-4.536164342349503	1.3722737872339772	2.3631793374833383	2.79312429426348	2.601072322278352	2.257482381068026	2.4576585868476295	4.462664284164555
F4359218	-9.563949994999989	-4.0782274864399914	7.19230035255001	-0.41121956776100044	-0.038220992904999994	-1.4460231098574998	1.8526550133599988	1.3532207430020617	3.754856986604349	3.945487045525041	2.1252834877937663	1.8003682975534376	1.9727647942374993	2.307683481279625
F4459196	-5.729161789999995	0.6207806410719992	-0.11817898690429997	-1.3598496536549995	0.28323535198449984	0.7405049076099994	-3.5718381096350007	1.3256570291212937	1.813088417955038	2.182982643747867	2.1304427455501562	1.8048944440518433	1.8932089941876515	2.3198760940174123
F4342104	-9.824663205000006	-1.0199477600000002	0.052400258505	-0.24198650231999982	-0.11689069363000015	0.5384004832987498	-6.634954897314991	1.325419482147284	2.015981099773878	2.5374617910849055	2.37717960196688	2.0954532201705294	2.1906011804240535	4.466639271731957
F4483585	-11.626581369999984	-4.483560166999991	0.11884598514499994	1.7003182880099994	1.2966591371578018	-0.2193160353630002	-3.5768282628099946	1.4580919447463607	3.75758523332502	4.796942720108995	3.9080078255379975	2.6378990116021135	2.637665521134247	4.3525381759394595
F4304085	-11.075106430000018	0.6211506997054996	-2.8570155941300013	2.208070040500005	0.6075224943149997	-0.7534309058349986	-4.567914537409489	1.4615164514298011	2.3178223677415555	3.9685244980364427	3.9358459429817283	2.464740533976339	2.468409473758871	4.55158522741928
F4472551	-10.731961194999982	-4.169259963374998	3.115370087815001	2.5900310875399946	2.462496556009996	-2.336067038264001	-0.24577833744099975	1.4183842211004478	3.9240243665480183	5.450306360838817	4.474161840111274	2.186715727514412	2.1760713327813597	2.6421721283827417
F336528	-9.785182809999993	-2.497505364407495	-1.9520039816249992	4.417829706815003	1.2744586801350004	-2.241579725499998	0.019216580320000114	1.3704008381599533	2.2442722955593806	4.207066010382463	3.8773449328190353	1.858339751740228	1.9887656370720024	2.6754152373325986
F110678	-10.249293589999995	1.2117510038649975	-0.8572004190099998	-0.7271646679200011	0.6702449103385004	-2.1809677952604978	-5.0877258235999925	1.4239446412873686	2.044786912519293	2.2995622947943093	2.384216441296097	2.0692714296682873	2.363666146944239	4.651299568215412
F176890	-9.196830990000004	-1.24753822923	-0.436893915059	0.4770108795020003	0.46388052850999956	0.04008112043500003	-0.5663522052830013	1.371340425735353	1.9383128158433764	2.3047036823208424	2.442912532038629	1.9480178420457783	1.9245384800828333	2.242285558538484
F167502	-9.311210204999984	-0.2933152301049997	-2.58577548512	0.40103767056800027	-0.3141097724979992	0.6211075759410009	-1.5248667963049987	1.2883066295320016	1.8281041837873968	2.4900562603713423	2.4553724048952255	2.02913364667931	2.1451187642610305	2.2579079015203654
F325850	-8.52833332499998	2.098990557854998	3.863426470935006	-5.8926657604	-3.2029808629599987	-1.1356198611680013	-3.6541515407800023	1.3818091934071777	2.1197413409801684	2.4949201744356544	2.4511955405462205	2.5310193454685925	2.9020146125882254	5.9708069566310105
F178849	-11.341100405000006	-3.140435590275	2.756843414899999	0.781235861624999	-0.02872259699999994	0.7778958636899997	-0.5678100866829993	1.4407166489211156	3.985176161332635	5.157597920282777	4.520539300467125	2.5552735111358156	2.5847782420728396	2.6986767064893304
F259494	-10.916361005	-4.517766069307999	1.1678204086049988	4.1233234598044906	-1.2124584959094977	1.5522431062849984	-2.536916328034997	1.4401996966016697	3.8349404198275363	5.105474272195052	4.101592123865783	2.2317361125755903	2.239993082751086	2.5524477128060648
F4381555	-8.086731480000001	0.28657790514150094	0.6546930663635009	-0.8498986353642496	0.8491261767050009	-1.2916992563150016	-1.459350031410002	1.3469458492515622	1.9866915161718421	2.4614838893224062	2.2726391567157656	1.9982096181847946	2.090217817349554	2.8551829042065306
F110317	-9.928078730000005	0.030656211744999832	3.325674730779996	-1.016830302345001	-0.15476528890349994	0.7128501720550016	-1.5786730725000009	1.327985129559058	2.612855773867053	3.2038673201355743	2.69725124614813	2.1529128867904244	2.0843667062414157	2.814183042064897
F329112	-10.281635450000016	-0.5648085213995003	-8.248755405349993	4.098926050329995	1.1202456795600007	-0.043365356405	-7.827501025560021	1.3772605764072383	1.9643523420066575	3.692238012558003	3.690904061819694	2.5432012201245255	2.4837063339666825	4.706920382149808
F2407149	-9.934943529999977	1.9654742066824977	2.090741376676001	0.5551995806755	0.1877090358750001	-0.6283406264355014	-1.0865290038700015	1.3411241290340883	2.5935992454685843	2.6052500268277132	2.28121995165102	1.9113733088740301	2.0748839478173973	2.596820336622314
F191391	-10.581052440000027	-0.9119165886549979	-4.083806134519999	1.8866374911500012	2.0270977687219993	-1.8181459221449996	-0.04832262484999992	1.3959927727684873	2.050755306079429	3.770585769818079	3.9355918616239642	2.4891732743239383	2.4880636682916353	2.9576211583516976
F177731	-9.657585860000019	0.5711636912691007	-5.5804811439150015	5.248528590574986	-1.869695259934999	0.4671782024999997	-2.426800936675002	1.337676358652219	1.834364133915021	3.8231192062982498	3.751327483582283	1.985848420231133	2.1380569456208858	2.49598500162469
F4437368	-6.901393680000011	-0.4315678760905002	1.1619107089599998	-0.9392222277184992	-0.21916450327499976	-0.7119082437315	1.1858976357545	1.3201199318968557	1.797723147047167	2.092398479214056	1.9991194711865026	1.746158573251936	1.8816150696591405	2.0919377470338505
F4476065	-8.841569459999995	2.4792100970800024	0.8912873373049998	-0.32649669544099935	0.8506212464949989	-0.9182589510995013	-9.297957648650005	1.406483674351291	2.4194428433839987	2.775722545636418	2.5055290933181356	2.154614520782532	2.2083416473595543	5.12712561605196
F3028273	-9.582558864999996	-1.2041951496050016	-0.995744557764999	-1.4565002766850028	0.8075722955199992	-3.4488844818599977	-5.391693381499993	1.417068757087694	2.0268707346209385	2.704639949281038	2.7868581226188716	2.628449010433995	2.859813266577904	5.038507919260767
F589277	-8.93866029000002	0.30832767692999985	-0.5929360118049998	1.3028561225899984	1.3999537204634982	-2.531601703407997	-0.17957371529000007	1.2880724817117304	1.9437183237676887	2.5583325850968364	2.3955581111930364	1.7704384257686787	1.8639605106379182	2.695854006582273
F319633	-10.779992860000009	-4.865732529589996	1.5215341271499998	3.473040811485002	-0.5397512379749994	1.3144116915195025	-0.9999427664105	1.440923550982432	3.8534215861856906	5.010118257664419	4.200345295867569	2.252991344515793	2.225013666403744	2.3622907667554816
F43700	-9.60058531500001	-3.6146343647550045	3.3707574264549978	-1.0941374026195005	-0.3581135299720001	-1.9248391049297011	2.3640603217649994	1.3756311999937334	2.375204286837465	2.480474715466789	2.1700189013928965	2.092349024266277	2.2385080480022754	2.84910398286991
F210095	-10.39581354499999	0.48514976804849924	1.5036083586599982	-1.1617720980230013	0.7233890602599993	-5.6418881289200025	4.748478331370013	1.421369275999267	2.2462962986651265	2.5497393642534036	2.4459554856737546	2.1186493466876373	3.6141145390110636	4.004156119419957
F4483391	-8.863452119999998	-0.6305337549389999	-2.0926837050849985	1.4048282219998018	-0.6616349545249998	-0.6457990464334988	0.8108388923150007	1.3531434758280094	1.841663500969177	2.380730596462891	2.40597441296823	1.9682325939382037	2.065792761929498	2.195595102175795
F846477	-9.76657993500001	-1.2265162420345026	0.9133839484345001	-1.1794885051234971	-1.8543860533335024	2.273818971684999	-0.13801642841500023	1.357242516563546	2.118063824207283	2.2782169845683042	2.366162226014175	2.379038009803937	2.3089460469956973	2.275992570970514
F3302039	-7.634758375000009	0.5673451584749999	-0.4918209089775008	0.632370451525001	-1.2038163743550012	0.8322375075850007	-0.036411393918500026	1.3476525770755279	1.7842441882419326	1.9895157873194003	1.9597531236759678	1.8812116506811745	1.7970637574174952	2.0481850622790185
F231952	-11.568535035000004	-2.4199912569399937	0.8804732036649999	3.1842530503790085	0.745929472173998	-1.8201739507350003	-3.6383474779299947	1.4496156284572101	3.879069064205396	4.889256150624373	3.9465971017643047	2.2909156157473465	2.5338409846645926	4.244296226875529
F2548203	-10.799192044999998	1.4048996348515017	-2.112991867424997	2.1186955235500013	0.9495190456950018	-0.5826817799550003	0.2549996466399996	1.409083516450628	2.750582121396268	4.14495428697596	4.038833228643148	2.278942842711579	2.4043004362792733	2.6017383449155904
F368490	-9.745779500000035	-5.702810720800004	8.943348436149988	-3.5117196591000046	-1.3860530206099986	1.0091584391100012	-1.3649631937999982	1.3766398750942632	3.728317212641958	3.988202768536873	2.2164484282317383	2.289238924777306	2.458616065429266	2.8490514593952794
F4480557	-11.143118555000001	-2.1845967646960003	2.7968984514600024	1.6187814089045	0.6302207474549999	0.40457059425349984	0.4075011534246508	1.3664286485213424	4.098198117073958	5.276578298305727	4.351149118344596	2.3252415683529404	2.304316347858145	2.424861958766448
F4480970	-5.939292475000011	-0.3149347121439988	0.10292637989500002	-0.000508065270500043	0.35621113004500043	-0.5061750708094999	-0.30668638793649994	1.3003523837830742	1.7468221608209362	2.073323831915816	2.0653904983691724	1.776423966577042	1.8276977139182464	2.160301517564453
F4357713	-7.6119940249999845	0.3572920135749997	0.26054779035500064	-1.0998975383790017	0.0577318150334999	-1.9271191073049996	-0.530834523967	1.3282631336868262	1.751613788920135	2.1425460015222413	2.0005962999434903	1.8989902014382625	1.9225778182840316	2.5556614064626735
F178845	-11.028703679999982	-4.510715778070004	3.371573557344995	2.1290709090900037	-1.4919122438949977	2.118655786490003	-0.5165605112199999	1.4390377312383644	3.9504430282792957	5.5229076907681165	4.632000286514691	2.469560408155471	2.496478285812234	2.5867223595838253
F113003	-9.826785829999999	0.8243766437399995	-0.4917673605425003	1.3770684038650016	-1.5539937641050017	0.019344791874000025	-0.28587596597465015	1.4007498785967851	2.092291929683717	2.6100141695326875	2.55315548182867	2.0005540178602716	2.1247179772205698	2.458690280032363
F4420987	-10.376231575000016	2.11306549937	-0.6567653755245021	0.47446367932999983	0.4245903849600003	-1.305531371152496	0.2187180426681	1.3132857868933447	2.52158973445656	2.519091999281739	2.6239952304443652	2.104390944322128	2.2689785292348175	2.6278990511671867
F669005	-11.23533675000002	0.6589437202609997	2.650774278360002	-1.9467986456445006	-4.083186679109992	3.698033235863001	-4.435086868251993	1.4405518098894385	2.496992853201143	3.1265307233123374	2.6564907543280825	3.7066504414639296	3.7068016821662932	4.256106555344197
F180473	-11.078565869999995	-4.856926145806992	1.0613297261049994	4.887240183080007	-5.476944755633904	3.9883073606849972	-3.8890837533850036	1.4114593801724304	3.607114858299584	4.924836334242251	3.871150347481285	3.394656138663076	3.600153253834094	4.204878701881402
F211212	-9.81556925500002	-0.8787935820050007	3.289244221409999	-1.8496303481200016	-0.3775008032050004	0.5008558134204993	-0.8715397072899996	1.3500142587090311	2.46428486666202	2.9029322945007325	2.458826383926833	2.1620506456927138	2.107562690339751	2.82934431313922
F190490	-11.257005824999984	2.6794374575549984	0.9379437004624995	-1.8716133194799978	-3.711191976850004	2.6635814813649974	-1.2093461793950007	1.4185580632114136	2.5921436971196545	2.970787639017833	2.5718492691065498	3.9754753931502833	3.9934325642627644	5.083892352239476
F708190	-7.2660188249999935	-0.2377626103854999	-0.88164393581	0.8872486833099992	-0.08742847326760006	0.5419346399049992	0.17034494643500012	1.3056720580484482	1.7944529430379108	1.9944977077063604	1.9872792284327239	1.6846037830435137	1.815767515570092	2.1284063362955674
F4454027	-6.262031115000006	0.05964151854499998	0.4705224974649998	-1.0056312132200005	1.1251064275704994	-1.3019648596700009	0.6398254762185002	1.3190577362758273	1.7578867422172626	1.9486836674386823	1.9525115300486995	1.736363760704158	1.754512378699368	2.155494266269653
F4393532	-10.366152714999993	-2.004402488960001	-3.356548414906993	5.407110719345002	-1.2044547885985009	-0.10649413670450016	-4.848425007755007	1.4425982625979683	2.123006756772809	3.831094719775169	3.7903223127640233	2.1654001170773403	2.1854428220558173	4.573078246292128
F311692	-9.900637479999984	0.22828300466499968	-1.5827698271278954	0.3203847900299999	0.024583115236700023	-0.6615178273630001	0.502100029890499	1.3390697789696582	2.0249241608225197	2.4847335453393953	2.621985929695914	2.172701650738351	2.1792062614473373	2.3751344299728485
F175336	-8.897293674999988	-1.8110717209000027	0.020869922685000028	-0.05756753719049997	0.8879256259849988	-0.7526921772870006	-2.3595242197300004	1.3900166754895213	1.8326091587149715	2.1726239575329807	2.324114010208179	1.9765436533388254	2.007346686429585	2.322859287266547
F179499	-11.633511404999991	2.3177235937475005	-3.1218457108449984	1.7171070415850007	-3.2835769435550084	3.2938793823500014	-3.616121124465001	1.4652592887043143	2.481291502429619	3.9943382704525807	4.15952524469759	3.6484981358317436	3.787706148501433	4.283584807734845
F4340734	-11.348950584999997	-2.8930211960205034	2.9142954544049995	1.0028903135350005	1.0759860852115026	-2.446829538855001	1.622896481508	1.4515635781869523	3.9149223601810736	5.225020411409988	4.388634775355566	2.3667609722777487	2.575856090993764	2.8590808067402778
F179549	-8.206986094999998	-0.32522954944050037	0.1373721894818001	-0.9698854497200013	-0.9017416744599998	-1.1478654418200027	0.2688337385559995	1.3208481886165826	1.8164107254147148	2.0432553246272662	2.051391786053144	1.9719433304879606	2.103011464997612	2.729321232758767
F188832	-10.084638375000004	-1.592567821970003	-3.855667922884997	3.8462812590446114	-0.1752132429685003	1.6776346864415024	-1.6685900008205992	1.3708101962293726	2.1286011794734443	3.9152639231064126	3.850869074708238	2.2105384342082917	2.177168232105503	2.6262510844622167
F367213	-9.541560720000001	3.4063163404499943	0.6597037215685003	-1.0354894200200004	-0.6756236278864991	0.027841498050000007	-1.2971801854184972	1.3593488443262758	2.345180082828282	2.294815242207502	2.303617341380558	2.0785640482515024	2.0417495907226018	2.698708655348942
F191112	-10.682257595000022	-2.5088133667169945	5.911678196845007	-0.966179923335	-0.8472087006099989	-1.09325958557	1.6196770504629998	1.376591585537071	3.690418473650869	3.8591923709300455	2.57698720093542	2.3369729013142186	2.6494597420843866	2.833553380837164
F4300690	-10.284579974999996	-1.0134320738750011	-6.765015752920007	4.654449114595	1.6564949190784999	-0.9209511091799988	-8.007024861200001	1.3751880385975024	2.215178883660916	3.966940727629547	4.093275182866538	2.56469635102637	2.5200441706176804	4.651913689180742
F4312071	-10.7884476	-5.195648916119994	0.7816330309700005	4.235353559879995	-0.7864122519994992	-0.6743887189950001	0.30112388908050014	1.414086245139894	3.9246900734239265	4.847978253879812	3.851330627413504	2.3617712836965086	2.457709762208385	2.7393224446913287
F4484075	-5.926316560000001	-0.08747899921500002	-0.394926079808905	0.2299738805649996	0.9328009732870006	-0.8210318849339995	-1.7240860279235015	1.2498250133962614	1.7355810323373237	2.013778341606766	1.9746280865881949	1.7847711401394946	1.7930580883520142	2.2101707922014016
F175432	-10.678824384999995	-3.8438861218400007	5.055034816560999	-0.6386500222850003	0.41786335443899975	0.17733075845499996	-4.216385543449997	1.3898204238398297	3.8219998035680356	3.9406190501885674	2.3840258894153097	2.1896573987826975	2.2578222129196583	4.267912370079385
F4414476	-6.592910035000007	1.6409141346650018	2.864070574825499	-1.2941021250499976	-0.5500556218399992	-1.891962187010002	1.5088678810119969	1.3431352651285893	2.016209573580855	2.3519718106354297	2.213204256317074	1.9131458417236005	2.0447426174093204	2.5265390968830808
F4357811	-9.169671424999981	-0.9386631345700004	-1.915402742127999	1.5415383190349992	-0.25319646534500034	-0.18493491003000004	0.4485134421050007	1.3487055553403862	1.8734260672483483	2.366649773155955	2.3842335919982593	2.0399393731990245	1.9903565689643903	2.49025429881531
F4483046	-11.002123904999996	-3.9453271967199983	3.4710647691249976	1.804967270475001	-1.0114000817539979	1.23642759049	-1.031685783679999	1.4216495981624662	3.851755973817603	5.260210108513495	4.293394628546583	2.4754717238764874	2.5761969407419345	2.708743679862708
F2505255	-9.625117135	-1.03013667248	-4.15710949004999	4.886761133194999	-1.6873649186660011	-0.4643903169435008	-0.2449091792069996	1.3665814614583147	1.88664452617729	3.9318706422159164	3.7516145946913695	1.9963006801253749	2.308376653865027	2.6104726394303808
F4379141	-11.473138809999995	-4.295938839849997	0.7138173325600001	1.821409906209997	2.766627796814998	-2.5003435172499997	-3.370220047379003	1.4576951115028765	3.8265696385117702	4.9641671962824105	4.121290789707546	2.338602457999349	2.448735999628209	4.391220038912916
F297984	-10.489166185	0.9309124826050004	0.927476468405	0.4413021480750003	-1.4220538795949995	-0.8307807647900005	0.07307793211300004	1.3939340740619683	2.5380724759087436	2.6778485068832047	2.4599468822811934	2.3099102202359845	2.568434911607479	2.9724831829979226
F4443094	-10.549143815000011	1.0632484301705012	-4.8423560321000005	0.7828058120000001	0.22301180829414	-5.527798446050008	-0.0575780206249999	1.4698074101921628	2.146545696351005	2.961678407495076	2.9346945452294833	2.6151045808235795	4.111774860557194	5.651710574086149
F527857	-9.100656884999978	0.9257185176085004	-2.3823408025499995	-1.6580864586850002	-0.2555292829600001	-0.8441450566549986	-8.867237308449997	1.4187555263679656	1.9726810611750765	2.6384438347989545	2.5990185518770716	2.383370457684997	2.614981197515861	4.691018342709641
F187946	-8.982710795000006	0.039963967340000024	1.9787543972199984	-0.9607934294820003	-0.1386138966649999	-0.445574843995	0.8984772267250011	1.3088742441598866	1.971477697911156	2.2125615335725413	2.0815787247456945	1.8534821361030227	1.996703108938718	2.221294772519256
F290253	-9.521855135000003	-1.2015237788925022	-4.885363649184999	5.387862330239994	1.0486540466150016	-3.806606449929995	3.4672470922500063	1.349275541870333	1.9573935063506438	3.8955011874585517	3.9254857443897544	1.9375817368811008	2.1259021619047886	2.2465021216917687
F232828	-9.509247189999966	-0.16073913408149995	1.0001948124650002	0.72172598976	-2.0939306015524966	1.927277945227546	-1.0309270309064995	1.3169801996298596	2.2628980738668885	2.781606206993183	2.504984144993058	2.187515709139544	2.156539820117976	2.6807039416831833
F334395	-10.790541944999978	1.5363179618850014	-4.100690715334998	2.5125230956379996	-0.23628214937499975	0.12282251502650003	-3.7064523351649954	1.3972885610768695	2.070033315091826	3.753209099607449	3.8738767468203097	2.3446206287961013	2.417891116127187	4.5905587980896865
F4472796	-8.750898855	0.14918210956345015	2.033459241184998	-0.43496804756500035	0.141884844075	-0.9012833014099998	2.082554265684998	1.331393366899069	1.9574601098471482	2.345060962645138	2.2134635319633422	1.8458056754393513	1.9120539652541313	2.25762961622646
F4403708	-6.768139980000006	-1.8435581043230003	0.686789218108999	1.580108368924998	-0.39465768087000025	-0.3518514187844999	-3.915298749325001	1.2789709846987143	1.761077050212743	2.2333240961093797	2.1018535836223413	1.7493426430074412	1.7381103588285425	2.4945296140663156
F2686191	-8.996198140000011	0.5334063142975006	0.10013930780299991	-0.6987375313050002	-2.1133601716849997	1.646333534290998	-1.0138761764235014	1.3875352664637168	1.8396049613187446	2.304112704163677	2.3807735800261782	2.1209313374726753	2.175769636677775	2.720744799022556
F208927	-10.428173910000014	-6.186506341690771	2.145985297055005	2.0522531196799996	0.29034440452810023	2.043297441654999	0.36994188101999936	1.3680790118876582	3.8631573420265797	5.051325637643779	4.411357920282352	2.3649784453970866	2.345712215375652	2.583642538743984
F213870	-9.613291295	0.7676402063450004	-1.4584184427304985	-0.08092603368849988	-1.7240351892300072	1.6433504451450043	-2.0857327885340013	1.3487459639825699	1.9150372614228608	2.2780219042801475	2.3269690004531016	2.175305805331259	2.23864297818156	2.474349288405696
F185814	-9.60547302000001	0.4890763477430004	2.378180230800001	-1.077703488755001	-2.9060606940319977	1.5890280045449994	0.09855573292999982	1.2923732824748362	2.0512482533733736	2.305463308048608	2.179513865698833	2.2648408269778244	2.3575407846877305	2.7051778376636526
F191222	-7.062591120000001	0.42155815837799937	-1.7294100888949981	1.5309118140349998	0.16606695353350007	0.14952794332099995	0.4150650984450004	1.2710019997216158	1.7788001581056254	1.9890639757072759	2.014122715090448	1.746086880048694	1.74472158878053	2.215742377454642
F588471	-10.43631853500001	3.286383716599992	-0.3484041062350002	0.14503853226350005	-0.6059287733849988	-0.3383399685611999	-0.7342811401250003	1.3653375132846837	2.51707516140106	2.6637154749246816	2.580462866828098	2.306181873450714	2.4787574784755506	2.857623252588931
F17311	-12.020259864999982	1.403556498065001	2.331213255380003	1.677551653137003	-4.077619857939997	4.316530952775007	-1.1912780442300013	1.5054640479174632	5.285816769410942	4.9445661618784476	4.264418327630968	3.6275785345567635	3.680868141749077	2.868711651709176
F4387246	-11.047492734999988	0.5236739118	-3.053152810149998	3.0427689926199966	1.2246210141599971	-1.0110044271299996	0.3070410990650004	1.420324216120203	2.531634328125682	4.177379537106952	3.992857991178141	2.493821528380966	2.466937878827119	2.91688211554283
F189866	-9.817691339999989	-2.2369117100599936	1.0687225447239987	1.5912751688749995	0.34652727969700026	-2.2685660339726477	-1.2135282802995024	1.2581682758668675	2.293939338573616	2.667060562296617	2.3582417392923944	1.8049129512215274	2.06753284153254	2.737734110589775
F4301122	-8.464756775000005	-1.2730016339709516	0.8725914727599989	0.5181098988950003	-0.8479810417849991	0.6586696572265004	0.8102661856399991	1.3332273623107755	1.908600012026235	2.072288921815153	1.993717093178373	1.8165754417426965	1.8200416886769233	2.105034618397408
F353896	-9.307122740000002	1.7898662357599964	2.4734676799245063	-4.674749493275003	-1.6632060331099996	-1.2035569015520005	-2.322628015209996	1.407967547262859	2.0455574863567083	2.3249997511434923	2.353241104414926	2.545823044400624	2.8019263556940315	5.563902089803718
F157162	-10.540254190000008	0.5344332632650014	-3.5405926995000017	2.7751666407400024	0.3317203542420012	1.0496687366895	-0.7443352706034998	1.4075516876667242	2.2407154926656547	4.136981387651097	4.096716238637129	2.3127170406198063	2.202072023439316	2.352673455547441
F178725	-9.70460587499999	0.36301093991	0.9682291534699992	-0.8539725047200004	0.8075891106077248	-0.13330998077499984	0.8925530994339973	1.2701302570939856	2.293106202710802	2.6505907038053	2.506428209775702	2.069452102401969	2.04613375337257	2.1656204523751628
F2879379	-10.08908278500003	0.3885146591200002	2.1469421859199986	-4.378400213349007	-0.1640118447965	-1.0415728246570037	-1.8965511320749997	1.3855990603597763	1.9935847762244208	2.2598846647767834	2.3338718751749896	2.529715327662139	2.605317285438751	5.452449541333604
F4041159	-8.403026884999987	-1.4606117756594992	-0.15271929610500004	0.48358289954000055	-0.3807776466858004	1.7228863114649984	-0.4358638283855006	1.313073831253234	1.8242466871255008	2.232084727259421	2.2605968935498626	1.893722272680804	1.8811197299964801	2.056659273284491
F4465907	-5.863436934999996	-0.5376545364285001	0.6928902078720508	-0.3568394757549998	0.09818102138999978	-0.3636784965949995	0.17670160221050002	1.3506618286181602	1.7733304251973552	1.9388024753485762	1.9399939633700216	1.7646897863036872	1.700371218054391	2.1170473970392196
F190320	-10.97122911500001	-0.21757944643500018	-0.33697801527050014	-0.5561892411545	0.013507879839499989	-5.012882198990001	-0.46347175829525067	1.4189363671254147	2.1283474649268763	2.5847624093797203	2.5471613746995883	2.3746972848530765	3.9700090136137445	5.589338833440272
F4439489	-10.770492080000007	-0.3456728122235002	-2.108993425265997	4.5152752060025	-1.554217629214997	1.5109188938450016	-6.637346259340002	1.4403611197002202	2.4193376523336867	3.9834083426423503	3.958227009112267	2.165258457965418	2.1783481671241574	4.175758295491333
F193061	-10.38250098499999	-0.36377526023000034	1.3934120908750027	-0.15460361568100023	-0.5539902283385009	-1.150016737650002	3.2566139794949986	1.4114837523614228	2.550851466876562	2.9720787244617592	2.8112902559012967	2.2799334214837406	2.6761979240095353	2.644128383253396
F4434294	-11.780653905000047	1.660304457220001	2.4494942989250013	1.4458954644850037	-0.031381719690000164	-0.0755194975221999	-0.25366249322849976	1.5331155183519285	5.380522537160889	5.224929810317894	4.315498099029207	2.5026710195876425	2.5072729424165807	2.782323587211362
F368236	-10.640687145000028	2.341394677878503	-4.470238604200008	3.212130687143004	-4.356705815289999	2.8541119031099935	3.9227449090500057	1.3797367606524802	2.2936546550493855	3.7791524734192796	3.8929234976146074	3.5787802797706347	3.7483963348237563	2.667151079936778
F4443143	-10.979249780000012	-2.236769481539999	-4.419838770699994	3.0632015101300043	-5.213882851629998	-1.285205401615002	0.36652683944849995	1.5135337330969365	2.294390817859573	3.9901605645537743	3.6662759515893666	4.047823569704868	5.403722585448507	5.6988846995018765
F185420	-9.644430434999995	-2.640730190825004	2.6714455162309956	-1.3177656551884978	-1.2066613502399999	0.8997150606285013	-0.5039837616100007	1.3432775084092115	2.4593482404669045	3.0435254470748148	2.9940029630669374	2.5153402056669045	2.676286620542102	2.7245595028693947
F4421995	-10.765152549999993	-4.120955012800008	1.0351138672699982	4.083760989754995	0.16771394699900022	-0.5901692527055006	-0.7033880046649996	1.4057528534632593	3.896815653715104	4.900760045734066	3.9457149772693016	2.151422696733431	2.1260014383120094	2.6104552375040413
F4472174	-9.38182339000001	-1.506491284763001	1.9983822920049974	-1.785479973365502	1.1554034010096987	-1.1072529269245024	-1.468714447194999	1.3050152008493656	1.981394088089448	2.170766837860619	2.13318582482471	1.8645633078577535	2.0896618850759547	2.7111147306663366
F191551	-10.632635919999961	-1.254428405479999	-1.2146833099500003	0.676300750393	-1.6841133417885032	0.3380247948199992	1.6521231069905034	1.3780638280394912	2.041386956080136	2.6270080832650384	2.6431963493518102	2.6256247964464463	2.757437290238539	2.8512515916918946
F4378081	-7.713847544999997	-3.7994160998499984	2.397189218262505	0.02693929214749991	-1.081250929850002	2.2041237065250017	0.5165718739000004	1.417057214807725	1.992557460067685	2.5935400059955906	2.4177280576571976	2.1463260774178705	2.1637253467617965	2.3038674963049353
F189860	-11.474716634999995	-0.2281621779915	1.139628315105	-1.4385949227605044	-4.069115117545003	-0.9408886469375007	0.37557598346499993	1.4165252813798024	2.3267284270914774	2.55994757325252	2.6212693344240225	4.038433792983751	5.076267475611028	5.43543717966496
F3851391	-8.590778225000005	0.7863519367798988	1.4187600512950005	-1.553019866939996	0.76187219227	-1.03384734548	1.6321689761262057	1.2706812769451654	2.013827914083273	2.442535127901505	2.249096442842109	1.8352032639654126	1.956357650414688	2.342940966983791
F259504	-11.144730960000018	1.474053412170001	-1.786960205726002	1.512422740854998	-0.9321937284999986	0.28499860747250017	1.155094319312999	1.3957787503788976	2.7312352560156046	3.9550293422986895	4.20084699194127	2.581624465987647	2.808852135970726	2.7179496323121626
F313524	-10.782888705000007	-3.975710384309998	1.2309839156850026	3.7970080491385056	0.5152752955900003	0.2365741680604997	-2.5273872783394986	1.3979455454607572	4.12001378201741	5.293116961690036	4.144655634714117	2.1153352194709063	2.0448981919634437	2.6068657496465386
F299639	-10.01610753999999	-1.1996281182169992	2.0751210781099956	0.6069767489334993	-1.2410778190825014	-0.05766087215999995	-1.3032169446714996	1.3494455766932025	2.5206845595119987	2.589157466289103	2.3269811691931848	2.0924549799438212	2.3059420851422368	2.6519043919382503
F288780	-10.73258787500002	0.8073897513799991	-2.964223945910005	1.9697202879499993	-0.5309636906350006	0.5495745482780011	0.6809073378250001	1.4043278463840756	2.438225408682932	4.159410915049752	4.377904579730146	2.426946041348517	2.4952417698542773	2.7329228722006627
F4364237	-10.284089779999979	-1.3320155704269978	-2.000730537634998	1.0844955811799968	3.7631083154999954	-3.941314131165	1.728022024970004	1.3797935993864274	2.280287193181811	4.362339415834009	4.194154724330491	2.1650853763992974	2.380681857554125	2.711904432237928
F560535	-10.425403904999998	1.3185174530399981	-0.1112810099365001	-0.7316349304385014	-5.290510144149992	4.1676967691299955	-4.644211030165009	1.3914573170669304	2.0010832104690017	2.3704769432154014	2.437687668013478	3.4600314699066534	3.51543369114015	4.617670914243306
F4385318	-11.089107115000006	-4.433742766265009	0.9524242707649998	4.135452972520016	-1.770856687186498	1.4400214600650014	-0.5885101845619998	1.4050534148766107	4.009287679791771	5.00352782155144	3.9941213584022637	2.3478107379345685	2.377574870364227	2.54236328387203
F4387771	-9.96083714000002	0.1781631323899999	-3.2371047985434993	4.609521801269994	-0.960901311518501	-0.6189795182900003	0.38908266628150023	1.359964317384842	2.176305558950467	3.936830077433344	3.6997347068605992	1.9222775682745556	2.1167516991417505	2.2932816688942856
F4379449	-11.211107504999994	-0.7703515444645003	-0.06157314596499979	-6.060845322750011	4.775804289550007	-4.48248681982	-0.02619275086999972	1.4587892399384932	2.246878274104778	2.8014526056045495	3.856236685752889	3.878304547483764	3.991334529967207	5.536199523023145
F4392549	-8.161596889999997	0.12243508566499997	-1.5861629747400023	0.8208321817900001	0.7506834713315009	-0.9295027062254999	-0.739086354460001	1.3147059894460533	1.752988536887941	2.2521275507602643	2.2478006841685803	1.7899921828814365	1.7411895950094618	2.1696742041813413
F4381545	-10.68008670499999	-1.0665111436610002	-2.1761800626930032	2.969008627805003	-4.827055205608007	4.027116049264997	-0.21930887587499923	1.3699139884236504	2.2983327360086174	3.9807177583325113	3.9231071250548646	3.714070638884554	3.776827225069405	2.5485731460226835
F196909	-9.743464139999993	0.7756937935550009	-1.1303176007659987	0.9572197861440004	2.6788845162400015	-1.638165526160001	-2.7488398538699976	1.3611937489923545	2.189973384927729	2.603763907022344	2.611239842656386	1.9477450257293083	1.9307654193295198	2.565630863877287
F174613	-8.491385315000015	-0.09217019754499983	2.495106602210006	-0.3633760963449994	-0.21366879020150037	0.4088660130600003	-0.7956766571850011	1.3307047450179184	1.9105664905480078	2.158966111247721	2.0619780907774303	1.7695804616858886	1.8307597438856371	2.1406533140368253
F363442	-9.146372600000007	-0.12309761521999997	2.1091312984100026	-0.4208205672465003	-0.7151124116350009	1.0411559534550001	-1.7015040962349985	1.3263120569311122	2.1058316203606178	2.2871297812910174	2.055276265683584	1.915913460043288	1.9118303829943248	2.3645829652046353
F198034	-8.655537585000008	0.9113665390499983	0.78574944787	-0.705605822151	-1.14244574422	-0.11647050446500004	0.17124556097500016	1.3413506272819637	1.8374390045374516	1.946420627534828	1.95865727062377	1.9145315235710871	2.001606592312747	2.607248518539541
F4469167	-8.243393555000008	-1.4021249112899974	-1.632262941679001	0.7336742065449973	-0.152969201953	0.6428459561615008	-4.12769137835	1.3664906959857104	1.8384905691202067	2.2736474442900434	2.3055998575110843	2.0154566479987985	2.033191673494558	2.2477843439509533
F4460847	-8.07483772499999	-0.7982962279600007	1.8066542108960006	-0.2872374981119999	-1.6763322172685	2.1776198141649985	-0.6160844814509994	1.3502250828538813	1.872425243342347	2.0641651415276456	2.02641305781394	1.932488482465308	1.8529807631762452	2.123554782654041
F520774	-11.102579194999997	-0.51749681973	-3.0062104066694975	3.813027289445002	-4.338957972259998	3.634560820783497	-3.531898699645001	1.4356060696931112	2.3627035112682617	3.693357534651246	3.7193802574611907	3.5558110991031247	3.6067982477876264	4.335294279090752
F188906	-9.72122866	0.8871931369250015	1.361707559139998	-2.1933278920649997	0.9891270678209989	-0.5683985125250001	-1.407959530290001	1.3173786862974153	2.1599431955591863	2.36966240798971	2.3652437729720313	2.0051257834110943	2.171661163080746	2.8043590995714336
F4331723	-9.617417899999966	0.8687464019800026	-0.1366099964550001	0.5851925719905008	-0.8041154825639992	0.018964030483499872	-7.068087633989992	1.3244688591939744	2.0261562823150636	2.201356878650876	2.1312044588156165	1.8266955575019659	1.8997569260064302	4.472153041691218
F174008	-9.498774734999982	1.9999536450905004	1.8211771340470004	-1.736818451845996	-0.6080638230535004	-0.5833908562449995	-0.5475075674050004	1.372003966365851	2.059347659783582	2.299140476338584	2.2959161948425915	1.9863109726574462	2.1464559363887195	2.7195057353079872
F197442	-10.74638803500001	3.8100273563349996	-5.029386753109501	2.1738487815749994	0.4732481171749991	1.6295244612814992	-5.066280318505008	1.422785367104677	2.4490807565625077	3.9849636018448926	3.9845590581121453	2.4733614982406684	2.2257849351312617	4.260420153259308
F182264	-10.29551533499999	-0.11125866031000017	1.3822369252749984	-1.0549916266849981	-0.8605680632889983	0.5231392097455009	0.9627012893100005	1.3539642437602943	2.251867825293484	2.8062684210648534	2.7389479293307697	2.375642198338662	2.4380344238410183	2.424371565618949
F4315471	-9.565735179999974	-3.726098032054996	-2.2266429922259956	7.397753536199987	0.12227971274999969	0.38687287569999956	-3.5134452160000094	1.3929279098617655	2.651370449877812	4.2285726153294805	4.000144804148109	2.107000449749964	2.1764516279938495	2.393725280098
F197874	-10.882024490000013	-5.17171606490501	3.4109733699349998	2.1159744832000023	0.5812680450809992	-0.6631791915900012	0.8308855240076012	1.405735634801239	3.866847885162474	5.315829056867833	4.704104229840735	2.4281675957105415	2.4988327827524226	2.7031617507892562
F4438999	-10.495878790000022	-6.074967596079998	1.2854483234099994	4.096380564165002	-0.41108368791350025	0.6998661792769985	-1.8228642018699999	1.453039241183953	3.954858044865903	5.139310401400816	4.292891319016243	2.308370327217579	2.5612980133895746	2.6492589355912046
F4393892	-10.61124654499999	-1.2038064646734992	0.2403142689500005	-2.3667832832500006	-2.981510924854996	2.874054857567998	-1.897790831879002	1.4148884045482577	2.1123345762990664	2.7026703142203563	2.717897698374804	4.236602213652099	4.182824075782672	5.186087209748181
F4086959	-9.532252894999994	-0.8535753125989982	-4.7526227163900066	4.567529769570004	0.026018261774999996	-0.03274935748149998	0.7849907181449975	1.354843453810908	1.9331846297745336	3.880299669856102	3.8172018962509218	2.031270678702525	1.9809923236368545	2.130502560288257
F194079	-10.611519994999982	-0.49045211705000014	0.33063797457600086	0.5508002945535007	-0.8983098611549987	-0.8685265505379522	-2.6228432645749997	1.428463889105549	2.4219600614672308	2.782464429011791	2.5129821495728426	2.329314179094543	2.7472446281183833	4.860701982005386
F190653	-10.798566639999994	-0.4805575051349993	2.0730589350149975	-3.748495785245003	-3.120210362226	2.460768005705	-1.6517593449350003	1.3613000989263213	2.180895760134628	2.6269039849321376	2.7341085444647444	3.7890094223686885	3.9543634094470277	5.030811613964437
F173876	-10.624301100000014	-1.1568866395150008	0.39142045150779997	-10.11094870164999	-0.0020696609050000142	-0.5659026340029008	0.6105616495100019	1.5233055962980941	2.292335122088893	3.109251735889988	4.263336299892083	5.233577271103954	5.597648008661279	6.308237064699071
F2207032	-11.254540800000004	-4.621726532420006	0.32728262759500054	5.261683581155001	0.9406986138249992	-1.1110529245350018	-5.578283101216485	1.4844287795632576	4.269866612267808	5.178596347823235	4.184323067069258	2.6819890636153456	2.7770970389314225	4.323623344920514
F718358	-9.942666414999994	-2.275385508084996	1.4828705407099996	-0.9029310785205021	-0.31807100827449974	0.6054780851134994	-1.1269954188085	1.3648962136889746	2.302459076013661	2.7188628591555433	2.4552678318820855	2.148548727331442	2.2620839478935664	2.423018828803578
F363035	-11.24365805000002	0.3381536727341502	-4.0881883131000025	2.3343261314715047	1.5568852436000002	-1.2513611126879998	-4.183159119226006	1.4047587582019188	2.158877121919033	3.800620234918059	3.7457618979321667	2.421775768159711	2.518376515217975	4.481351697576891
F4446669	-9.111274814999998	-1.3834373799440023	0.021673875754999888	0.8433123604644999	-0.4685092083849995	0.21685341573899983	-0.9014722678434995	1.425179807078589	2.0075249060693197	2.4096850104817173	2.2912702044349276	1.9490001918819844	1.9640086649020878	2.095194152715681
F4465905	-8.797938089999999	-1.663585134965	-1.5768611303049989	2.434062150919999	1.0111003239299998	-0.7091175581101995	-0.3596260692919994	1.3408524816125953	1.9010526936554106	2.554459760453356	2.502528827915622	1.8305940505932532	1.8545867373356972	2.2056486398765127
F37010	-10.626606474999992	1.5810562176470024	-2.209233833009997	1.2540405981400002	3.553481277677498	-1.4098776944299982	0.12915677504800008	1.3531212052553623	2.7252970113532595	4.067124510679413	4.2150400425707355	2.3176159855966088	2.0828173403031687	2.830979293497892
F313155	-10.55346439500001	-1.3650696118714998	-2.5977832008500035	3.477229150059997	-0.9096558812390001	2.2484855697750006	-0.4713189040565007	1.4034076403441504	2.4092192061379096	4.007397002660912	3.9265729628774637	2.4000785875778443	2.344557870132474	2.264502812168075
F564320	-10.745474209999987	0.3657274720635006	-4.037362720160003	2.1199183666990002	-4.694901644455007	4.673926668365002	1.0472890796995	1.4119839783430534	2.146320440436751	3.9470111144685713	4.0729426172972545	3.804978846201407	3.810247965380489	2.7650513100651097
F3629859	-10.275023230000013	-4.260315833806001	6.561357636549999	-1.932607824108002	-1.3065948989900011	-0.7259451031999997	1.2446944835825005	1.3817024265619813	3.5402361166022853	3.712983813824113	2.3303090977025147	2.239375998106723	2.592456723177761	2.6737597222427083
F2626509	-9.339090254999997	-0.8464215772149973	0.8776777563149994	1.2802300808649996	0.6167466714499988	-0.7784268581150012	-0.7197053812499998	1.3372202625584106	2.1271859090358256	2.5727255569789236	2.430401320489078	1.8325490659475496	1.8128240712376205	2.546843709235072
F667842	-10.81941479499999	1.8987660492354987	-3.4735586989100016	2.910856516875001	1.2730584766750015	-0.4120931191249995	-6.826516579550009	1.4965909958911148	2.5963986892484527	3.9681681139992917	3.8025114423996036	2.136300620998991	2.258674122339402	4.270513089099762
F4468809	-8.08649496500001	0.10258838480000004	0.01945618562599998	-0.2788530791265002	0.22985522425000007	-0.5718753605650008	1.0688901794400019	1.2847741709609883	1.7388254721753598	2.0143313454427507	1.9685892743739728	1.7987370195948773	1.8514441196401668	2.1507790584342654
F178557	-9.728885994999994	0.9707783905517494	2.396766111750002	-1.9863701563049985	-1.3361670414465	-1.578669464974998	2.8830103161615	1.3559140072619325	2.103323141332319	2.3546007194153153	2.0717422306532103	2.22740091309006	2.4735846788988525	2.5464660075824503
F366143	-9.44092496000001	-1.5681625058389992	1.0306370881250002	0.5339034880849989	0.2118279692855001	0.312217531	0.8924038813070003	1.3551789820407476	2.2206764187004286	2.5392619050856995	2.4624686504621898	1.984298076751446	2.022401538531149	2.176140158408212
F4433736	-4.747554786999991	0.16966501418499996	-1.5934561198255015	1.8374480843224976	-0.17123128881499974	-0.2320930571794999	-1.733331524209997	1.3773928745551194	1.7897326824035615	2.0848234690948098	1.9689302660173695	1.7641414318004993	1.7482563196036804	2.0659852429504846
F170262	-8.735257425000002	0.5008694630721505	-1.5572260498649952	0.24910256189918975	0.38123040880000014	1.1961332221845011	-0.6224050251200011	1.3353862761995212	1.7566430178674608	2.2526361197698788	2.310565971056317	1.9428938934867037	1.947774483084157	2.221904786484529
F806742	-10.425444089999996	-1.0123602960549998	-3.2665737938870056	3.3108914982199997	1.9654285030799994	-2.5557099234050007	0.49985001504000026	1.3143115358662394	2.4205596955883655	4.114587344614218	4.090233862520169	2.2374248266417065	2.342433053023128	2.6409531962369286
F272942	-10.135626545000017	-2.5002689442599992	6.116140988604987	0.125013261965	0.5235247473874995	-0.534416582875001	-0.7897875620640004	1.32930996217493	3.8702959115376627	4.1002175208359795	2.5414928502110525	1.903991899340185	2.0159562109926714	2.7996332330009084
F4374027	-10.524446799999998	0.1618011911050001	2.1549193570200007	-0.2851649307899999	-1.2616690896300033	-1.514411397934999	-4.117570532384999	1.3693926293461844	2.345522614959134	2.646622839245326	2.309739137390675	2.114748724114947	2.5273279105969473	4.497394348755157
F4449054	-10.718588870000014	-3.6727185756049976	3.813083336020003	3.405091830210502	-6.96271604743	3.776984770059997	-0.40482950363000003	1.4004868846440952	3.7997924933834555	4.2220032952134385	2.9348520340659947	3.482921846076932	3.6929349085597227	2.9015265035944937
F851323	-10.98813797	-1.9356050353550003	0.20129027619000003	-8.47794031049999	0.41402712173500006	-0.5510364997324987	0.5614653075250005	1.5402569383702454	2.3726820724480495	2.931984370616381	4.009111913126061	5.172649785343674	5.2339139217384325	5.793422368057075
F157888	-10.604873235000001	-0.13385657847945018	-2.3050586369449957	3.902611724399992	-1.813409062355002	-1.658722488972	1.3159826970799982	1.366779953878929	2.299595971513058	4.109393163398285	3.7800197959314272	2.230927310184706	2.705048043433894	2.967032366139324
F555547	-11.146383505000003	2.546550029764998	-3.133431890859999	3.6183548956449987	-0.013622133747499992	-1.889024611311898	-3.7091696659399886	1.3740845145679956	2.622811655949399	3.834945178350464	3.838044504765314	2.093046326945673	2.468437651397551	4.469525502166489
F846127	-11.979488500000015	-0.07247072885600006	-4.479804945309999	-1.631892811635997	0.3254574522150001	-0.3019618359000006	0.9885793546330003	1.482937969246304	2.182539966638432	4.054351151596681	4.981354537256113	5.009334858252131	5.072263623927426	5.506808761711565
F4328241	-9.466291929999999	-3.9128179193799975	-0.7060537666669997	3.4703584812650043	-0.09601100966350018	0.7021035840750001	1.5045126348829987	1.374378807900309	2.410495988572351	4.594450519377533	4.562638119387374	2.356444119758941	2.4202248141720903	2.4963492109386034
F2640061	-11.02059078500001	-4.708383987965018	3.2274199823249954	1.896374077975001	-0.44539202971999997	0.5607856170199992	0.8596304649829992	1.4351971359503304	3.801057433185914	5.3536927967437435	4.686580534898741	2.3984870952103536	2.4072332788765345	2.6303987726922293
F174952	-11.32729590500001	1.186378857715998	-3.8634991587149994	1.123947725629999	-2.5821276185244937	3.5401489228199976	-0.5300338558900005	1.421937810130028	2.30275608127546	3.856595214714974	4.142413932555623	3.8998601350222595	3.768044821929576	2.879152761421239
F364029	-10.206813765000025	0.2926800053940006	-2.0181134568650037	3.093096508994997	-1.2156231229324992	-0.26464752553250104	0.8935074363300001	1.3518447430374823	2.27718328481367	4.175632305533649	3.9195664865577546	2.186135530709697	2.255074189579095	2.6885409818819945
F4335302	-8.915070420000008	-1.293894343044998	-0.5964844209850008	0.14407970631450037	0.25814844394000025	-0.30723323841700034	0.739810327685	1.3192958959191912	1.9343789953927413	2.5650019702169984	2.3945818939051535	2.096295592569253	2.190382559565965	2.6558867363381067
F4477861	-5.840485815000007	-2.862233669254504	-0.2638581304748702	0.2872664239735003	-0.892915920840002	1.5040405850349974	1.0729373375339988	1.3481259999351078	1.7806494695108157	2.230094951871446	2.2539817409697536	1.931964559122713	1.913000994681691	2.0437496003032445
F341752	-10.379388740000001	1.4958975851400031	1.4019379355499986	-0.29551331962999977	-1.956802938654998	-0.10330682153399995	1.3705960865229974	1.363518691272589	2.4706619428961014	2.6179893467470907	2.3819522245782934	2.42003779339264	2.7065514978380376	2.890179310217147
F110457	-9.08453354	0.49566172858409996	0.3221584633610007	-1.4203616341110492	0.1944517283735001	-0.8055095437949984	0.0015556719100001065	1.3792274801525917	1.7737584124635628	2.168739107752491	2.2140690476111904	1.9881283185304546	2.0621358136113663	2.3059396519474045
F196918	-10.728001785000012	-4.921107257968796	1.1279303359604997	4.292376685919996	1.0795837368950028	-2.9131465112049963	0.679450658659499	1.4481501970568758	3.781338920128984	5.041487613701343	4.088816620270621	2.038536023580624	2.301147705396183	2.5814874141781643
F181560	-10.877152160000042	-0.8382394889815	-2.367465659275002	3.8760292667650034	-0.2565878744880499	-2.669620146066504	1.2272493315449995	1.3748335374181977	2.398349438908272	4.059928699231705	3.998318157691495	2.2531614955563333	2.5941437282208253	2.9025743919975175
F196957	-9.559183529999986	-0.5157589366399993	-0.3071540203709997	2.6177902337750005	-1.00949013507	0.8050433327020001	-1.7177699556149963	1.3256092383169866	2.226688458026559	2.5430501881709513	2.5812811954491925	1.935333606554781	1.9726908860276149	2.6984996724291612
F175585	-10.542423505000011	-1.5110354975489984	0.6722120430550012	-0.6692008752255001	-0.3864416738945009	0.7038097184099991	-4.220355659906499	1.4012289295115061	2.2397469875706375	2.7698800622288147	2.574459137469488	2.4955874205917357	2.547798181408539	4.486240514085451
F4407747	-8.85026498499999	-0.591120261389499	-1.020350512419499	0.14639224925950015	0.8441277864449986	-1.4266719837650002	-0.04603239151050007	1.36606486447866	1.8332711982941925	2.240958299454363	2.258297966845569	1.96730268911874	2.019669631902408	2.1893576107276567
F4395613	-9.729916380000004	0.39376820334030005	0.29905520455099965	0.9083336880085008	-2.1053987091450037	0.5898335151149988	-0.13871458364999997	1.3399950102273506	2.1585823396196417	2.330311691494965	2.309911598817541	2.130743725130661	2.245790410984515	2.289172196124514
F208539	-9.877671904999985	-0.5189736321154993	-4.521147007660002	4.0121185446499945	2.0278590409050006	-1.6744811140749984	-0.6771039044949999	1.3234612674996276	2.006840051236673	4.0039496442003815	3.9971049054258723	1.9858912180195278	2.078558885710339	2.482525415998316
F185622	-10.604974254999984	0.6854629129950005	2.433846199112001	-0.20082715188000014	-6.074061451650009	4.506253032520001	-1.4254658361579025	1.3760301190473045	2.461778456771896	3.0608752429646517	2.487134732093767	3.642474491264795	3.7544728770468456	2.8144697616213845
F624373	-11.130633995000007	1.2232342262630005	-4.424644340759504	2.14605312265	1.591070426004998	-1.3399930210950004	-3.802104932585003	1.4519225019158197	2.084374002760193	3.722794876327349	3.8174429826543546	2.388266405139542	2.572654036811857	4.223636822418813
F4133116	-11.086782330000016	0.3646359532949992	-3.2779712518049986	3.45989341443285	-1.7725093639100018	0.32896149790250023	1.60127248082	1.3987571316652039	2.647370355009979	4.034894991819507	3.8240851879120865	2.620201825538998	2.8755778239856116	2.804017340158358
F4398028	-7.798042649999999	-2.307695477379998	2.457196087999996	1.8726521395300033	-2.2497568205849987	0.37346750280000063	-1.0580343556549991	1.3453932477729618	2.0372220383097015	2.516381524590227	2.2290423929663334	1.9913802054150203	2.0158025834718627	2.6731249695837147
F4373305	-10.484940180000013	1.2958408733949995	-2.3900849619339994	5.543144999655001	0.022716991738499975	-0.11279505775304986	-6.082164722327496	1.395065894321722	2.6647487386352497	3.9280271135050295	3.7779223701482816	1.8738250419366147	1.8493288284297011	4.4865445966674855
F4467447	-5.195852458999995	-0.2847519561680003	0.058297714334999765	-1.2959627785999996	0.28312684051999987	0.18061989711999993	0.6512697497549995	1.354571332838596	1.748842775123207	1.983596786997715	2.0688012232547983	1.8039930727872049	1.7060984976846036	2.1267976891019544
F4471182	-10.162709974999999	-5.334859962170005	5.738828545120003	-0.09956546982499985	-0.6556288108679991	0.6913477951796517	0.2595157675250001	1.3892368309297558	3.667993981327305	3.7528805427520946	2.4024593194264194	2.1206982042844693	2.0626504944141715	2.181659556554955
F4474951	-8.961256019999993	-1.2535571941614998	-5.678630996850001	6.937319313600015	-1.1725409221850027	1.1705725571614995	-1.1839182834	1.33566733960169	1.9399082425033216	3.973181779143846	3.9139079651479816	1.9846330624701838	1.9126872801361146	2.2322257372451073
F4437748	-9.843498490000007	-1.8972986439110011	2.0720061105400056	-4.894724611150006	-5.105318094674994	5.680264938549996	-1.468095556294999	1.4320425886964816	2.236711941375607	2.591946332479978	2.84614718818907	3.8728787981885184	3.8397627379444623	2.857882022717077
F730906	-7.143217104999977	0.22191053472499983	0.20700507490499995	-0.6984606256740005	-0.4047937641754998	-0.4959169485769979	0.022219545279999992	1.3033158265569276	1.7560068888153813	2.040265328439691	1.9713156251901696	1.7071407461215395	1.7184345809786552	2.141958358964135
F195186	-9.300776809999991	0.5265252915335008	-0.29882978812500033	1.8297847703049992	-1.9615234507950021	0.23456064450799996	-0.13194371934500007	1.3166483221253598	2.030329448583657	2.5354159202742794	2.4359563379749405	1.9822671819697113	2.1025458532118555	2.7481239634576315
F157376	-10.664622425000044	-1.0556067709800023	0.6374296516065012	-2.6157381065850007	-5.137255506400004	-1.3832959153449962	0.5195815458899998	1.5012921364741025	2.3776080623182154	2.963280216291978	3.106839921107964	4.142689189391108	5.344970470320575	6.266853289841611
F849704	-10.468160889999986	-5.99588047715	4.385417669690015	2.3216261449949993	-0.38897582391100005	0.7175856528702994	0.13354441628499977	1.4840549948391757	3.711192031137014	5.3188693418622695	4.695511724656699	2.514673720595272	2.5406694927497164	2.786666203944946
F4414044	-5.540162189999997	-0.4046307908028	0.8789537176470007	-0.20955331574500027	-1.05135788152	-0.32386460643449977	-0.04000996467850009	1.3109342524623437	1.8000241110351587	1.9372502451759415	1.9313066548983793	1.7234228247024344	1.7096172877328888	2.0207289567994646
F269360	-11.26276945000004	2.3724238009485012	1.8969912908499993	-1.2226969528349991	-4.201967438955496	3.7321369002100013	-4.715431902944998	1.3759954273078436	2.7576106799066173	3.0128219696267036	2.5819516768439033	3.7386265006514754	3.9738723316178324	4.490505581019128
F174300	-8.982005939999985	0.41809746904999995	-0.12277012173500008	-0.10640369648000005	-0.07836220361599978	0.5584085695219998	-3.1819404057399923	1.325674768464315	1.8093627730376716	2.2012109334755965	2.1817946769967262	1.8429433834790947	1.8118712208340821	2.5727505499198178
F174272	-10.047858619999994	-0.8490083897149976	0.5482526261699994	-1.934826701621003	0.7786799580350009	0.5214002141699988	1.3693316983094979	1.3494200244064856	2.2491357617827163	2.592951393971205	3.025857144282459	2.4012450793194984	2.416972899071651	2.77066137082049
F205309	-10.880145060000023	1.183510827309052	-2.2616458647750024	1.731369458335	-1.7215192951200025	1.707026192693499	0.23082912059850022	1.4156480369361237	2.4492881302362712	3.798046242103585	4.077158879065498	2.673683240535495	2.719177820429132	2.6557322311232423
F191792	-8.94296238499998	0.24134421218449947	1.4320162899040025	0.28336719706700003	-2.5106956028699954	0.6886066146549994	-0.8251310118470001	1.402798757253463	1.9068140585495872	2.309831532363603	2.085041707435987	1.9694725554092503	2.103424818770633	2.7185127094783548
F233052	-12.033423775000003	-0.5399872143405003	-3.862408342508146	-1.8686410016949997	0.49847981449999945	-0.26672395768000007	0.6823695818785014	1.5734828068261812	2.3349005392840967	3.931596206535914	4.932095837289123	4.968481828935613	5.010245846240821	5.467116206624358
F847711	-10.268177795000003	-1.0731942264499972	0.19847881839999987	-1.8837284458675012	-5.692023329180014	5.593560126149999	-1.9151739815299964	1.404158470335272	2.177076039076082	2.610603401947529	2.8469083748323745	3.714065694188009	3.7747067170938076	2.8961777752328772
F619817	-7.813738730000001	-0.2797478522550001	-0.13471188196800013	-0.18113501479500024	-1.2953312284551066	0.48343081874549904	1.099919159199498	1.3101053568655046	1.7319479930925203	2.0448785422726417	2.0231375708232497	1.8504617621991732	1.9643246041091482	2.2880868559501266
F10512	-10.333557755000003	-1.314642798789998	-4.733891519329998	0.542905500985	0.8301162124864996	-1.1671134592940007	-5.356553759894997	1.4054771383030071	1.906295001036176	2.6673519768851595	2.652124398700044	2.4873835469928256	2.535840042411624	4.748032239744551
F4425663	-10.000380769999987	0.4272519557949998	-4.567005000764997	0.7561543461849978	-4.990889470004992	6.007003448999995	-6.2908587011800075	1.4179947186399213	1.9460893503842396	2.5572099283738603	2.4789328407053506	3.788578330843149	3.8718609915958946	4.503496163679299
F4387488	-11.179971740000006	-1.155552920889999	0.13250196499499994	-0.6391141709180008	0.9716364608250008	-0.7622317729034993	-3.6997932502699937	1.4325297066837648	2.400433381360023	2.745191867647264	2.785439296232563	2.55557004582548	2.4885668014591307	4.427558870425843
F199681	-10.623101315	-3.257714026694994	5.298175944098004	-0.6264267944309991	-4.695467568639998	4.055517615130499	0.282098560245	1.3942546508334204	3.5417522661809717	3.664500917793553	2.445366524380751	3.454208678017828	3.6216043111640808	2.7771277827645773
F339566	-8.088062070000008	-0.7591164139050005	0.23042326903305013	0.30831918109100015	-0.44175979115999975	0.4833460753399997	0.9440875157899982	1.3030285623734459	1.7336791962451654	2.128251597951339	2.0988481342808853	1.8620622150132866	1.8366987409578182	2.22347505947472
F3994832	-9.63940558999997	1.1250087173299992	-0.6205671754675	0.4698361941099996	-2.363300039800003	2.547209849015004	-0.8385116785550013	1.3787680059710012	2.0828833603082972	2.3858079829766448	2.4341463933221164	2.3578552053062554	2.400982384141888	2.4684869608968225
F110723	-9.551490960000015	-2.069723609927551	-1.7930812026500018	-0.3525808258845001	-0.660730076843999	-0.3577479632504997	1.0759814548000015	1.351475551694546	1.9173755871624159	2.3700731724539477	2.44003682410206	2.421181559836137	2.4491102376186893	2.543830023873283
F179487	-9.78630492	1.268770083144998	-2.2281289001599993	1.1192545688155	0.5614725149949994	-0.40464669677649945	-6.348508021550007	1.3647709166255317	1.927931445059992	2.4127832245484515	2.5139733243342524	2.003620420245006	2.0235199602398697	4.463810493959415
F4469233	-11.595454419999994	-0.8218021391349993	-0.30762910567499996	-6.264477040945002	0.09177143473500023	-0.3455631716150003	0.7620670668250011	1.4911092956087295	2.214754456168425	2.679059514845979	3.9443955526661	4.971190734161724	5.0383495088660215	5.680669697492403
F291117	-11.559343230000025	1.926328511620002	-0.6891643311000006	-4.957401149440005	0.7438295781150005	5.150492693685002	-5.2713300776500125	1.4305516316387417	2.4123184673107354	2.655429580831512	4.140962792893027	4.793253302094159	3.7510175940086334	4.154544818212491
F2387797	-9.707872980000003	-2.2666638767500022	1.3581715237730014	0.7251980219649984	0.15788440574549964	-0.7639845365350011	1.3711731056249996	1.3644980884727247	2.46017769298416	2.716830081529732	2.5437684731327495	2.0249061240709167	2.1194539087326043	2.5285499266229845
F73753	-11.592201304999984	-0.4509928860564999	0.7094283533449984	-6.8983416168050145	0.27881021912499965	-0.7446112432299988	0.9550740369049994	1.4956089160137236	2.2345519514348187	2.7080419977236314	3.8569349186875947	4.966947953020406	5.2683689337288415	5.813381585907933
F4462739	-11.358148710000005	-3.229153770989997	2.747245032625002	1.108505378875	0.5255347351849996	-0.696357505850002	0.3853594710604996	1.4227402435993843	3.9462279103328366	5.19153607677529	4.5040665584508055	2.5299149316185656	2.513752480820089	2.874150438112306
F4447950	-8.516909005	-1.1862788343419979	-0.43249380589500014	0.6464804711949999	-0.19283392550627446	-0.33027298776850006	-2.233096530664996	1.363485157574829	1.7569674080402575	2.22736247692182	2.155314575055269	1.8972507543056765	1.908435305470439	2.3300787721131746
F186130	-10.574666590000003	2.469950472120001	-1.0810600847344485	2.0358443131969928	0.8495683854199984	0.09539833371499971	0.1310864086950001	1.4045530585129453	2.7237097812271482	4.310267106487368	4.167333921443745	2.2155028391804326	2.2043377978882837	2.7836531690322888
F158458	-9.171850029999993	-0.05275138792000005	2.773312772990497	-1.3262411525850013	0.01283751911999999	-0.2034826210600003	0.35413521341500015	1.3103203298855963	2.1222303449874382	2.623094065401413	2.4274614366815266	2.026456124530277	2.018581926752277	2.6419646057654402
F4296764	-11.58641325999999	-1.001560410675	-1.4302295695289984	-5.1094789213	0.46306171253150136	-0.700738415860499	0.986163250199999	1.486387457643082	2.2687333472311058	2.8780491196041393	4.112777566663568	5.069807175860001	5.269809282002259	5.599374611296981
F4453976	-7.853707045000006	-0.7642660665684987	-0.35174726222850006	1.1138128541664998	0.1771449545595003	-0.44371600026999947	1.3439651535675015	1.298489436652113	1.7630340068511907	2.1587487216539687	2.1319458655271566	1.7733062075820123	1.900758906843454	2.1652900222508573
F178151	-10.659108849999978	-6.217960212549994	4.09575840095	2.0702738419600006	1.1835866381539988	-0.8161727621670997	0.6906968640004993	1.4792461941856645	3.907045064565004	5.6793839193464875	4.73443885082674	2.4838250369380046	2.427818457811433	2.5213678861404785
F197890	-8.293540259999975	0.5029376094124994	-2.063410455095001	-0.31105968580150023	0.42632569023999894	1.0857995395351494	-0.18233020473499978	1.3178882749132166	1.8189263959402626	2.197314097962128	2.3266544571683756	1.917887168085199	1.875228035872472	2.009981904304943
F190864	-9.72930107500002	-0.6948953415700001	2.1860600259899985	0.2419956595499998	-0.34013976643999966	-0.8090117393700006	1.8558811837800013	1.3119881733514591	2.4854293697367305	2.6360489046240843	2.4218143173527107	2.0460858054114834	2.0686181460241264	2.5779634973134877
F324015	-10.406255405000035	0.34020544232700023	-5.259055224055001	4.560486773864994	-0.27005159815249935	-0.6395444933100005	-6.178227786860003	1.371943767457157	1.999831825017252	3.7215661039611563	3.800159281638978	2.109020664776094	2.1055984215052463	4.453165636208108
F311947	-10.141770130000005	1.077271065204999	4.30762297593501	-2.5551593990050074	-1.1853715824657989	-1.392089019500003	1.8501288748649978	1.3853717863429957	2.583925164369792	2.8890023831970857	2.339543654472647	2.176355641561818	2.655818233396613	2.971900178528984
F195512	-11.330313674999976	0.9401496871956979	1.191037393800002	-4.3379723333050055	-3.1307892888874993	-0.9085223923850019	0.5472010491204999	1.4964761186885827	2.1594348956361356	2.2508432572085	2.4894839874387227	4.138706405489147	5.159528856846987	5.6466425581320365
F2066056	-9.03996505499999	0.09537803356200003	-3.4106107599249937	2.0094447866900027	0.48476161852500094	-0.7648644022003004	0.08390156788849992	1.405218250671688	1.8707287491621762	2.60245551110963	2.5733965372540824	2.0878941522290875	2.176112439736835	2.7430094884122393
F3127555	-9.867979269999994	-1.4221838398399995	-2.5511600256949993	4.361839565754998	-0.4806915826450016	0.24912922474000015	-0.7572062321015012	1.386641251529883	2.1323700347069203	4.214328236259262	4.079961563214613	1.9640124215318517	2.0823761081620007	2.494492175518994
F1105751	-9.269605040000009	-0.6845220364700003	0.9544379713679988	-0.8855675916500023	-0.35334270126899997	0.057412193212500004	-6.662133055964998	1.378995434551471	1.8895279206456217	2.200463779104682	2.076386813564485	2.019988474311085	2.059906294156997	4.712144402066109
F308631	-9.885077349999996	-1.1484774213500002	3.9661784806749933	-1.3187206998749972	-2.503271001760001	1.9105309914199988	-0.17659495973699982	1.3630564860872334	2.455232090939347	2.8090483006108165	2.34316956077979	2.2183382448817883	2.2476472071652784	2.7147036289198514
F197517	-11.383964699999988	-0.9947330853100012	0.2797091850375005	-7.339795062099999	0.02340933478249993	-0.53738860421	0.8963224709250008	1.5012431622427156	2.3000957728884406	2.7890869416177964	3.856531549919287	5.247265762426071	5.420553946617759	5.950046041882589
F315589	-11.439481839999992	1.8684212921084977	-3.6869991153900035	-1.2044140974300004	6.089367135750004	-1.628760655854997	-4.316597767589997	1.4624512176620852	2.7213885536050695	4.043908976041492	4.848843797182846	3.6202212954034696	2.3522946896438603	4.18473749914814
F847934	-10.875506735000004	-5.223584273734993	1.1347741319804998	3.909544495179999	-0.7838148615899985	1.986378815777101	-3.1781800466549943	1.377627144664836	3.7363240348178617	5.206440313565983	4.2688507181069415	2.228097555320193	2.1945618626091514	2.5794504728324426
F4360128	-9.63200743499999	0.3385189828165	-3.8471783096500016	4.780326390849992	-0.6113083119450002	0.30186845413999996	-1.4994059371650013	1.3355995302459385	2.0287606039055426	3.919472686613915	3.780576805210551	1.9243462157792588	1.9026031137742243	2.4295997598870964
F4477479	-9.841933160000023	-0.9433066153499995	-3.4683370921584933	4.218518437699505	0.7501901930799999	-0.6584115812999991	-1.634205633656998	1.3443967397848053	2.0850095422078274	3.890385137672807	3.9933348646875415	1.9338689745053708	2.0169969123727527	2.664729588532702
F198102	-9.924277729999996	-0.02866823169199995	1.5675742327982516	-0.09101747646500018	1.7213945497000016	-1.0356035425039993	0.9491479866725517	1.3850503541843695	2.5519194966542984	2.8357986888372912	2.701400967414837	2.115426500328688	2.103951791036775	2.681418679169581
F364341	-9.993528419999992	0.4714314461080009	2.1469498242405014	0.48373136738	-3.9431224286000006	0.32223172806975026	-2.7523760391659966	1.3560650476793148	2.2620746198836312	2.79766557802825	2.4230518510171875	2.531639158698212	2.7649361033532114	5.0270216353878086
F188348	-10.535866569999996	4.436551299464996	2.2931006621199974	-0.9112679420904992	-2.766083786705002	-2.1350950529500006	-1.3688982126599993	1.4051927530019623	2.830807601304244	2.7639955540544427	2.301562035820184	2.430364450526074	2.8548294225059863	5.427881101873027
F4448052	-7.375802030000014	-0.32487829891899994	-1.0981184605795016	1.0773130980225003	-0.8277945129464999	0.931160774715002	0.5114665749450013	1.3049637378401675	1.7387859510709016	2.134618915125718	2.112663991772975	1.8363756247890122	1.8589069974881625	2.082785896633004
F551419	-11.13911789	-1.9574631919999994	1.9558970636200033	2.9504143283569975	0.101288918955	0.007949440889999953	-0.29967474501500074	1.3880896916137822	4.224407290306146	5.127596955730394	4.020226867829357	2.2183589478235803	2.2423709885616896	2.463114933928797
F2647328	-9.502702004999989	0.04085455799999995	-0.13809016565950008	0.5471179433575007	-1.9230819829249999	0.48327568314349933	-1.0141345871500012	1.3716074126924325	1.9684783843438467	2.5258580715928067	2.4444241183345343	2.204023584895602	2.3011446544032186	2.561805197957937
F2291414	-10.542823575	2.8320905226499984	-4.594429387935	4.940235753410008	-2.0646356257249985	-0.03389437435099993	-5.229445366690003	1.4339328495484611	2.3809058505433716	3.746555444856709	3.8003443503901133	2.1944880457238227	2.3036915581402666	4.214993513114041
F174184	-8.899217674999996	-0.5715032932699987	0.1919955425759999	0.6505545004999999	-0.7464629753374991	0.6384564548050005	-0.5996234622449997	1.308171206171938	1.8775998022466107	2.3584990672207993	2.2176557764277454	1.9599109407029736	1.8996560181086586	2.180835182930919
F260554	-10.123260889999989	-1.6953821780334986	-2.698550158106004	4.693731788845007	-1.8303991453499981	0.9607104841399992	-0.34268424908500017	1.3961932669328794	2.279217598810552	3.9649683311363204	3.830940752671409	2.1369264146555302	2.2383409169378914	2.7295523106876605
F560873	-11.617813304999974	-0.23970823658000012	-4.3353071229249895	-1.2947977088050007	5.029500202550003	-0.28642194922499997	-4.131990011135007	1.4734038068115023	2.4299244107976525	3.9004966271436015	4.726993422732273	3.7752773717816708	2.5390072467530826	4.215214306374578
F213057	-11.34757839500001	-0.8086608539925007	-2.4006336744249985	1.6003704976799995	1.3878058527750001	-0.8359619315199999	-4.006200064404997	1.4032446331946464	2.411759708580658	4.263832950829738	4.02788018716359	2.5276654729316683	2.5011899358047556	4.276610815216084
F177828	-7.075411560000013	-0.667652680885	-1.3261309047800007	2.5524485339148977	-0.4289401583084995	-0.11065571474500013	0.7260776935150001	1.3026080240817137	1.7997742339495195	2.104821450317971	2.123875825789895	1.8123396683177424	1.748318982007891	2.165813131795634
F193850	-9.747423125000006	1.9336569943700004	-5.007140364660013	4.412543764460001	-0.6953063462099504	0.29671649928499977	-0.13672490860099984	1.3904853016344272	2.0074356970141034	3.9145339365303538	3.8930280747039077	2.0530232900223893	2.045873877778248	2.341014848522662
F608244	-11.367393405000023	-3.477483432010001	2.295700632014997	-0.06718206094999998	3.1167096876749927	-2.7236917745299984	2.5927758266055	1.440966536007224	3.9003260764132595	5.327366003588042	4.809848163091537	2.6457023056419837	2.6665010162107126	2.9288606609682293
F176865	-10.072107899999997	-4.141617843232	6.931375858454989	-1.5339842996789974	-0.6019763603149999	-0.67761720596	-1.1785726382000001	1.388394317548761	3.6742798483683963	3.8304723824591287	2.111783827377477	2.0597648102238786	2.103461251694925	2.8801587581100883
F4364405	-7.635234455000006	-2.1475740369199983	-2.2469313282445023	1.8161489127499997	-0.8389352234499987	0.9665824195685012	-0.461065446525	1.3114071386413912	1.8797616196672664	2.3736499072965134	2.3036135154270574	2.0290429763280313	2.0030372581877507	2.2258230083855657
F215231	-8.578826840000014	-1.282125772540501	-0.8691934637835007	0.6671307644399997	-1.0838313907749966	2.0595620260649996	0.6477508371480004	1.3103309879493856	1.8921985733980562	2.261766587716692	2.3406175093797654	2.0849853598156196	1.9224138691767114	2.238958926103486
F4459156	-10.150361749999975	-0.31462564009400046	-4.782081551754993	3.731241836319997	1.096336522514999	-1.1683836471450015	-0.3948365783745	1.3599934746811617	2.046778067713001	3.8183818200714503	3.8783795292210983	2.1297093158243254	2.1461936740559606	2.499287138161322
F1641741	-7.216197984999992	-2.130064449164997	-0.6460999756249991	0.4313699199999996	-1.5110841675674969	0.9304066229249998	0.409760134574	1.3256063510911509	1.7830960323460683	2.2215812902380594	2.247631027117727	1.9198529388095749	1.999147683253239	2.189458179430069
F180659	-9.950144659999998	-1.494180772224997	-5.264970000805	4.6609387411249905	-0.6771594428099996	0.8231033168699998	-2.3608167139199976	1.3846252566969828	1.9106413760221181	3.909135207368711	3.8443969646754113	2.1205000359151795	2.1446789244136877	2.543969309840939
F188956	-8.933943334999997	-0.795386736270001	0.5810899505228002	1.5457747253649994	0.5780016406850007	-2.1828189850725033	1.1626524569000034	1.2948293875101182	2.0511496428722187	2.4655011153603086	2.249475112493934	1.80877940257059	1.9172441430151883	2.211123225081391
F4476330	-6.945110755000008	0.5780202875835001	-0.22706241421189957	-0.49816997975079985	0.1725000680075001	-0.10786374339540014	-0.2894977724024998	1.319330092482992	1.648531920015415	1.9860263800190545	2.0138594522789273	1.7068569923379233	1.7262130247014267	2.080979478684378
F4446898	-7.282112989999998	-3.5105029287550007	1.318874395719998	0.8215546165349983	-0.5681817154104993	1.0745991899989995	0.1994655326034998	1.325206260717198	2.055691299764205	2.5674029223015773	2.437281168263781	2.0018569584039883	1.8952987146917053	2.182760059656725
F746256	-8.773690459999997	0.16297048055779967	0.6898239508199981	-1.1335212813009472	0.584401941745001	-1.3041819446850007	-0.5831657606669995	1.3186373819322683	1.8341118358134927	2.10770738661832	2.1174393706875887	1.832315180917836	1.9158227150601799	2.2465655635101656
F4322379	-8.65669658499998	-0.10760092719000014	-0.3640225527240002	0.7505486937430006	0.19388709332500034	0.031794809345	-0.2820873309794996	1.2910636363106143	1.7841801287316885	2.180488297748063	2.134796981189305	1.7903259602786674	1.8711212973233202	2.179348690335067
F842413	-10.13113411499999	-0.6892792417730002	2.240818949225206	0.0993717594999998	-1.8147733856569985	-0.017248659150000064	-5.505236673049997	1.379423816271893	2.2809961887069825	2.7035340338057163	2.222559439761171	2.0674263207026184	2.1974930333285885	4.366183818019613
F189271	-9.833122139999988	0.5688509905150003	0.2240320419300005	0.27527436643999975	0.05688789700200012	-2.9386048742899926	-3.5406205505699995	1.4170462768896148	1.9332676503332868	2.3458207838781733	2.1158721474979734	1.8288017843636548	2.3272678141333496	5.040270105619182
F4437359	-7.940720484999973	-0.927415733221499	-0.20671702096999983	-1.0011038443154987	-0.827823942865	-0.18053693843500007	-0.29041932398399956	1.337854523381602	1.7527689009570329	2.063295045504201	2.2000388465221663	1.9585028608564095	2.0922114364066116	2.193882451506523
F343663	-10.742897690000015	-3.1001883759999997	6.397058064199993	-2.145097293662999	1.49027833309	-1.569732231557497	0.23802131701499984	1.4524910701550844	3.7093927063073533	4.142018003297422	2.8982341273927723	2.2216799531916522	2.271023162337225	2.5946170566419515
F325503	-9.416814354999982	-3.544352722869991	2.7117282483549965	-0.5940083334050013	0.10377584180199985	-1.9056716140314998	2.540581080658996	1.3740520458271162	2.2084765509306905	2.697602672832803	2.3965698379899165	1.972807716199823	2.306842208820189	2.2770752880167358
F4374084	-7.123167514999998	-1.6279032757449985	-1.0437944703499997	1.0100306200990001	-1.0271687938100014	0.2684988606810006	-0.15183649957000014	1.303215634614386	1.849127434447325	2.326597964023687	2.317584632991836	2.036010778716787	1.9657755921249873	2.1343218008779896
F1100972	-9.396519105000007	-1.5222334535749589	4.194076185012997	-3.6759080552150096	-1.7355090933379977	2.009183179064996	-1.5591995127700014	1.3119580011879772	2.0993058989992703	2.386471469228672	2.1895721977456235	2.3287512747560712	2.364557102442054	2.668365675447221
F197725	-9.715224799999996	-5.528823814050003	6.712413532749998	-2.055869506974998	0.14610962420400037	0.9901692578944499	-1.6224464750499998	1.4066083986124789	3.4957289780485077	3.7545251856946162	2.221446246311865	2.0616882540781836	1.9982843751651063	2.5109191625752607
F4483337	-6.961005154999999	-0.37952656573599963	0.47068485610450034	-0.4067510955499998	-0.34430157524999944	0.07145532461999995	0.47815472602650005	1.3395583481070443	1.7881401246091524	2.0998717221569336	2.0136331118157234	1.753919520778429	1.8200683183201471	2.0933727287306025
F4288931	-11.010947269999999	-0.8773323684049987	0.7292652870900004	-1.4158025438854815	-5.525427912085997	-0.547340998499998	0.2918489178900005	1.4909956564101892	2.361356121948996	2.7597709451556094	2.654736889006613	4.203708052755295	5.228667837806821	5.833893671168705
F173306	-9.999379864999993	-1.9686016384200011	2.4204596740000013	-2.9506523833899942	1.2972785612999997	-1.1881791612118509	-1.5330600088984982	1.344582223034325	2.1898246843046993	2.6262097026870546	2.401089058549249	2.222047802578617	2.4449117494384347	2.801863522116842
F4453609	-11.087254140000011	2.2484748310830054	-2.5260155503000052	0.4412569142350004	0.6220674881809993	-0.6742322442300002	-1.682817934236501	1.4524512786962802	2.430170857818977	3.9873675850850825	4.069373111121515	2.520037029045236	2.8465836474087607	4.69608655815355
F176014	-9.909346965000012	1.8702741605430009	-4.213486057069996	2.742279501509995	2.2535634414650025	-3.5988330962229997	4.469675368379993	1.3803474394574868	2.117100418551457	3.886290642306157	3.920495589176756	2.0455116518728023	2.394694186707003	3.0523015635036863
F4458576	-8.106970634999987	-0.8170172908569994	0.7821386617949994	-0.10694939375499987	0.3472214931120001	-0.23595979631999975	-0.16429145152499994	1.3180265361670238	1.8133875721189852	2.0459128897028234	2.004887236194603	1.7640505172398744	1.787209391467478	2.133755022073431
F4372973	-7.454517180000011	-1.4819566322289992	-0.8247015045024997	1.141978002249999	-1.1077998829134985	-0.7440892392704996	-0.7752237541120007	1.3784647251243507	1.9438076389909416	2.3689901602849055	2.2760053918922556	1.859114691874352	2.1238429231181724	2.793040631057381
F2595972	-10.88952414000001	1.0587883300510004	-5.98357189984999	2.431364526079999	1.0972388900749992	-0.7558280801094995	-4.818271135150004	1.4217485501971736	1.9114985472484047	3.692292699748733	3.7880007627237844	2.48457862278294	2.4566352532008575	4.359995108857815
F4416951	-8.135512210000014	-4.078827947750007	-0.4515880694145002	4.273451000040003	-2.0243105301200046	0.5031778914509997	-1.8328929027799998	1.3299807454001042	1.9100415392697965	2.672519984804667	2.556470136173928	2.0160593962140716	2.027285658629162	2.274750281133374
F3532907	-10.117617619999969	0.04477923234999999	1.745118200255001	-0.5159151106170006	-2.3091632752499955	0.9447243196150009	-2.0612725778500014	1.406289370711461	2.1583753692255008	2.718735162577652	2.4929106662396134	2.263826099287826	2.4938327031626177	2.8757782102267178
F311950	-9.842505389999978	0.7037562775349987	-3.6784511258200014	4.524448898070003	0.016598703649999977	-1.4100584323700007	-0.13652769499700004	1.3979376276998363	2.1223495886342856	3.983141162965659	3.9160021324526872	1.9186133750722807	2.145773633403136	2.655347895586376
F180726	-8.071034479999982	0.10565560981999988	-1.7775174754739984	0.5170653197125006	-0.075491658045	-0.8077032878149999	0.7073567666594994	1.3305957931306676	1.745737288216751	2.144836284876796	2.1841997833155444	1.7944617005217096	1.9632950375967513	2.2455876175449605
F189312	-11.301697500000003	-0.5423978036744993	0.0609201617749999	-0.45129982500500154	-4.808517493206013	-0.9387533707900002	0.827432765430001	1.4907925515708933	2.3664178329593453	2.5977219674828893	2.5521952505339742	3.8726123670066013	4.962548400318222	5.672624852313478
F193279	-9.392806850000017	-6.1297290778499915	6.697358153699987	-0.810719243134998	2.2856447890499982	-2.1662493180365003	-0.42215891353000023	1.3598264455951274	3.5714002854012383	3.82570887949376	2.4023595236037734	1.930622162134479	1.931114384320364	2.669663537017182
F4039230	-8.99897446	1.3777758362950023	-0.6197569324000002	-1.2419330424899995	0.16890952147000027	0.023932723639999997	0.09260959023950018	1.328865324342579	1.86680847980155	2.213391820155792	2.2301715787265795	1.9885444164591397	2.0646418845969983	2.5806257358142
F179657	-10.326403964999992	-1.5509963837645004	-2.0442157910699974	1.0377531380549982	1.9793014831849998	-0.10826483426149969	1.640686058144503	1.3158477079432591	2.3609340658280886	4.222878161327992	4.22086176699728	2.5573433484605603	2.297279339375549	2.566670080695959
F296470	-9.299095169999994	-1.7568243401400014	0.9007716842965	-0.9222796821500004	-3.9210682380200046	2.705136169834999	1.0686216353104985	1.3459701480230424	1.9027420207227685	2.3517619802312484	2.350130955107865	2.3976068819827376	2.4082121306651345	2.2023568116971277
F353868	-11.643061764999995	-2.6337847127299936	2.6732973296425	0.9742914503344999	-3.9678278609009987	5.348969912664992	-2.523556279365997	1.4622065491856933	3.7862127282627016	5.058371732119343	4.414480092143592	3.675633936307021	3.5698043462635938	2.758974321626354
F4458306	-10.57019469499999	0.33107914005400013	-3.4002542798654583	3.5453297289000076	-0.6481291317284992	0.17962983281150008	-0.7504970252920006	1.3612831375976508	2.2399773150176974	3.9555607207589527	4.061119210593475	2.2829224952506717	2.3280448426718765	2.6128691177324948
F156219	-10.07799952999999	-0.25598263452000003	-1.7684521067900008	0.7208890310449988	-0.34571890577849973	-1.0907945629053994	-6.31667464545001	1.4206973161965155	1.907081168440457	2.536219148646025	2.432817052971675	2.2594651674726087	2.54872763661175	4.623833622232508
F338049	-9.935377779999996	-1.2814999775130993	1.0566862020599985	-0.4336195906219996	1.695521044225002	-3.449286488880002	2.2374230151078227	1.3398659204331878	2.3119120373161204	2.7671877913410006	2.6123789052175277	2.1638880621451073	2.4225201148040063	3.3457057709404086
F4483045	-6.48084345	-1.8375526678600012	-1.6957911432299981	0.6424403165899996	0.579995912444999	1.7982177011600005	-0.6179844176714996	1.3688541780790588	1.74869464955726	2.1178364197085835	2.2489335866310425	1.816535872548739	1.871074556007769	2.1394281584084425
F198085	-9.94549407000001	-0.7904613808950016	1.070748330450001	-0.14428192797449987	1.261665291470003	0.8571137656039987	-6.372868749455003	1.3273267536207256	2.42468784809372	2.778979714586183	2.605916808777249	1.9309367091816765	1.91817688983587	4.25343224839848
F4082721	-11.498741099999988	-3.3928979966299986	3.062934090794998	2.020381689604995	-5.5381450074999945	6.015486052599993	-3.199606414244997	1.4633022669937634	3.8870994707150097	5.400669533036877	4.4326192850627315	3.469278429430826	3.5787907772339302	2.8939428229009803
F195102	-10.827827735000003	0.6542782337299988	-2.078715263329996	1.177909205408998	0.11651998540499987	1.910954353240002	-0.5069733118049997	1.444184317997644	2.53006713731743	4.158673001241769	4.195844248068075	2.598733156574738	2.5139894738535817	2.524041407202033
F4484382	-10.342572425000016	-5.883186385794991	0.9841486343781014	4.319925921775007	-0.9893319185149992	1.3684465863320012	-0.1432263012424998	1.4057479198448672	3.949379882131939	5.197467505953973	4.259376273894649	2.1699060159368067	2.1599515481910654	2.2867266994174162
F312140	-10.096190274999978	-1.7107162238449996	-2.0776926171299954	5.57180053734	-3.763488961400002	2.2946265904955006	0.7043939117945006	1.3493395560939703	2.3593140734775027	3.9063096716399226	3.743620225710426	2.3431983010654913	2.385346876278788	2.2133070639983234
F363358	-8.034120650000007	0.03940547821499997	-0.28454127730000006	0.6029245680135005	-0.37107929610649976	0.20126414282550018	-0.8888023291150001	1.2911817703451267	1.6868505128333338	2.052735215142478	2.133025055592232	1.8350517469456786	1.8787101769513899	2.138794435286828
F174383	-10.708543470000011	-4.539094058975004	1.2147330709715005	3.3136233549999985	0.8380542412299996	-2.153688463860003	1.8256277640200025	1.393949988020466	3.797709632056055	5.106023631813114	4.308399752185192	2.113727825411978	2.390381691953158	3.1923509320171313
F348863	-10.983532940000005	0.43796814669749956	-4.7126978731234495	2.942014897574995	2.6087470535150032	-1.3036588775099995	-5.267730373731499	1.394577805518951	2.260852670140952	3.846855370245404	3.8603100413107865	2.304889811831617	2.2094100665116922	4.259283606921375
F4368216	-10.285660359999989	-6.325078383455016	3.9071121171199987	4.190079288555	-1.0676523849600006	0.23101182630499983	0.6268466778400007	1.3825697594386583	3.7749972695460516	5.393631009046621	4.622570837435596	2.355058153127561	2.5223133598661303	2.688104835390603
F4316698	-10.770223115000015	-3.872020746252501	2.7792599990499998	3.3392538301479933	-0.11982190067499995	0.8457200133050001	-3.606755388420002	1.4481878016133656	3.786513760290838	5.296633049604819	4.241400793109957	2.140041815792105	2.143356991785711	2.8165015090512364
F4474255	-8.793974984999982	-1.5380202544100026	1.0195027435050001	-2.0135435590949964	1.4402121816050004	-0.002765008550999894	-1.356496029205002	1.344380131214716	2.033848573943111	2.5246671582891502	2.62111270482268	2.15328807046454	2.1137365926793605	2.6212091500152876
F4226619	-5.679465409999999	0.4825637703449991	0.704920543240999	-1.5623899557530017	0.6013898197974988	-0.31954870854500017	0.0532937129649999	1.2666772577460021	1.8281300035654866	2.0622725294617426	1.9516523562548787	1.8190351180896593	1.7388759849386826	2.255843388882332
F4336943	-9.943239025000004	1.23483481583345	2.81528602562	-1.0131632567069995	-1.2748580509431506	1.0960285293670011	-6.0413433002349874	1.4403342910765198	2.6088290780231964	3.0136708933513394	2.534343840549988	2.1880781860616496	2.3269763931044722	4.496629549846286
F178364	-10.31441167499999	-2.4407927085689987	-2.4252421137299947	4.501167508049993	-0.7123793976614982	-0.09117353481	-5.112717033259993	1.3790321818729039	2.323820103838659	4.000840915932097	3.6867245625617517	2.002067370798867	2.225487186796682	4.604368960846456
F182456	-10.471448315000021	0.8326317916124999	-2.7036733797000028	4.568022892115008	-1.5517382427549995	-1.6797984383599995	0.7728382787084999	1.3588006163869342	2.453172996008563	3.870426292379416	3.8169272577667828	2.029795578257221	2.377562052266492	2.82313666662658
F4469302	-8.38903446499999	-0.36058897359850056	-2.470538686830004	2.978056783049994	-0.14378454816000022	0.2132053335120005	-0.06588031004499999	1.3506280630135796	1.7908234149077484	2.4821679250386754	2.5113824519666648	1.8253614466683346	1.753680567703778	2.284032235937558
F2420110	-8.707221794999974	-0.48212735158999975	1.38340409914	0.02429651154999997	-0.9034594701765004	-0.5589894607099997	-1.2437230161349995	1.311260009917913	1.8519379440838182	2.0749098636117105	1.9605254482437855	1.800522044867648	1.9076794037734675	2.658623390278206
F352022	-9.888511714999987	-1.0352691043099995	0.8192113157150009	-0.2907533014400001	-1.366532419910002	0.3617910664850004	1.578666721230002	1.2982643149517397	2.18015875881391	2.602386979217421	2.546984254428137	2.285545191719919	2.357987168827322	2.3525360985506927
F4482516	-7.922101199999995	-1.5353928104349994	1.401520806719999	-0.5772786042600005	-0.31859036389654977	1.037210148614997	-1.9761344356550012	1.3163207313742193	1.8847462462443239	2.449205173159328	2.3826326378513873	1.9402904090539577	1.9865521584730115	2.3000028996153024
F4445226	-10.775336005000007	-4.952160663429997	3.3132577905564977	1.8417918178989998	1.6673894296049998	-1.6518908738050009	1.6274372976800016	1.4377316492090206	3.8949635713972097	5.410131806136005	4.731201681494936	2.4167472463825685	2.536267215232339	2.5662384502787927
F269828	-10.474759650000003	0.9462205237069994	1.1265733683799999	-1.6267259562994991	1.4619691506049985	-5.41138096643001	5.411547517395009	1.3618166403239735	2.287706919580586	2.5380519784777604	2.4667734911075794	2.1312609423091993	3.6257925605604653	3.8304047071423857
F130763	-8.934355495000005	0.5950130019710005	1.467936812474998	-1.5204877914318538	-0.36917383626469985	-1.1292459404400004	-1.130352750665001	1.3548856650738674	1.840963818342401	2.1394128197649604	2.016522089613441	1.9690362919926692	2.0556232568374293	2.75308159550994
F174019	-8.164515140000002	-0.9320695051678506	-4.0325425283500005	0.10874726614000019	0.15869673493	0.24366799540450035	-6.734509757704993	1.3518903834014726	2.007146528164252	2.356681643060541	2.336122551238664	2.455457305237094	2.5497738409714916	3.4003341106715377
F212532	-7.655095085000002	-0.11150367272400016	-1.5684231747657016	0.7333866438800006	-0.18518336367750018	1.0401257932814987	0.033349621290000075	1.2995011900836773	1.725395127130198	2.2630555237331045	2.279367236521492	1.7582575885365566	1.879383682240361	2.028145050688502
F2254001	-10.339694700000033	-2.275546290842004	-3.5024646492899967	3.3797985829735055	-0.1959551329500001	-1.1189773404199992	2.479210851208998	1.4080552714139491	2.202168244208404	3.7803633873234452	3.7966302475909717	2.213510888986415	2.4626966917432656	2.5287251312310888
F4402605	-10.32600104000001	-1.3624103106894985	-2.9558980907399954	2.4955435154299974	-4.938829492585005	7.637643387350012	-3.4122991081830003	1.4055546221548345	2.264929098398301	3.9169060771328623	4.098633264961308	3.5139158441365512	3.56092347918731	2.548700520557307
F188974	-10.214215124999997	-0.8264948124999998	-1.8270597361100012	3.234922826664998	0.9791181506575006	-2.64414863782	1.5776175526000025	1.4324823179176016	2.6180542178987913	4.431022923556367	4.442488740977428	2.291454879011294	2.449561166045938	2.7708671861533354
F4336940	-10.167464890000007	-0.6849989809049992	0.7200680582350001	-4.447148597554997	-4.097490063055	2.9471279620749984	0.6073806807179999	1.4179064372564882	2.176277084843393	2.6959346185942277	2.9540659700004035	4.08391781159779	4.324664383422437	3.265506261837604
F193666	-9.372784884999984	0.5521337609395001	1.5918798006250015	-0.6654062577575012	-0.6335209450200002	-1.8891336109395016	1.1552456442299996	1.3005104665539553	1.9479176510033989	2.317842457985177	2.1511367419556926	2.0003189934946914	2.2120872400792373	2.4489776745964322
F4453427	-11.577512120000002	-2.4073753355999963	2.0948518023499987	1.1906890399000032	-0.5628341621930001	0.4667103359949995	-0.07097743927000001	1.4624195774634607	3.828942353604735	5.235098291772925	4.541854132229296	2.6781285334729135	2.6747197302205112	2.835877222675283
F183985	-10.862768690000001	-0.11074527162500022	-1.9406129639500056	3.0365271485605048	-4.818949608350011	3.842976234149999	1.5480801217749998	1.3759154869646546	2.569366134277077	4.0355529898708715	3.9910149017170307	3.7808577604179185	3.8735801783972414	2.5451478160602083
F232222	-11.037083095000003	-3.9802100495349997	2.6478127608724975	1.3417200707499994	-0.14450645674500007	1.130620073820501	0.6337934737499992	1.442169780800606	3.8459203471234917	5.561789467661086	5.034200645111751	2.5705836727932683	2.558760688641908	2.665281630508404
F292243	-10.216678785000008	-0.2358931022970003	-1.5113767096583464	-2.1223170853550015	1.524444326381146	-0.9683418327808748	0.4011072264749991	1.4441427889901244	1.929382356009443	2.4503464365480774	2.566023537457072	2.4662917416301076	2.481074324661434	2.707946695540607
F2859978	-10.531294004999992	-2.9374212250845004	0.1720489441150004	1.4501505233066052	-1.6968850539000004	-4.472010604530493	5.4331803391400015	1.4081403895830864	2.1905093751354854	2.9273124097227776	2.481359226342287	2.2959709351314306	3.8311696040650545	4.273110965681354
F901834	-9.840950774999985	-0.6179346525874995	-3.20892256883	-1.9820254276200002	1.6799986757319978	-1.0841024540550004	-6.948552241815008	1.376150279091258	1.8292801016337144	2.4431564613605086	2.487473422474011	2.4766352343978117	2.482451677075003	4.80463484145233
F4087649	-8.12530401999999	-0.4912921914549994	-0.28371810866499975	0.6299634682199992	-0.8204321878079993	0.07301447485499998	0.8563224153900006	1.3484660102828105	1.810181040073494	2.280633908116	2.2632491064056848	1.8964258045826399	1.8540101827842475	2.1540188061979264
F3272632	-10.867492290000001	-3.6483240791095017	2.913012174305506	4.0282842565050005	-1.782417129195	0.33911328838	-1.1958147116049984	1.387658830545987	3.8361533837838597	5.281136901979941	4.11043162956582	2.308354574541093	2.453131174467765	2.572331559284212
F354574	-8.685964249999993	-0.6308450395749992	-2.9417554797050025	1.583351841390001	-1.6527984530814996	2.0681858051499997	-3.7488975885899993	1.3879045132803765	1.8562084710605051	2.4975231100486077	2.5381156479012184	2.1141101838763188	2.1552824081374102	2.4071578109594207
F188564	-9.158533575000005	-0.30329430041185	-5.887461160660001	5.8591861466850075	-2.46558394528	1.9750041702600036	-0.982143779250503	1.3783373234261882	1.6882995562512486	3.7686378517984984	3.6707121740840183	2.025359679777647	2.0815666597711258	2.0969827379284363
F1089121	-9.43329671000001	0.8724947189200005	-0.8980379542450005	0.031749285044999936	-0.5534028423349996	-0.8780782307185009	0.19994784574000016	1.3215353373543117	1.8609888087069921	2.3722838447496213	2.361573448194107	2.1066717335678713	2.162934917861007	2.3908563133662075
F1136492	-9.181204375000002	-1.201329760490002	-0.7383026987000011	2.128138343269998	-0.08921558002800023	-1.0934726594399977	-0.4704020171905004	1.3822649953121169	1.9334300066684569	2.6518188074131506	2.4894448048156144	1.9018977718012164	1.907767284574501	2.1668952075985515
F2368865	-8.69360466999999	0.45036785896000003	-1.6986679074450028	-0.7296160952100001	-0.2308979450325504	-3.7033889590250038	-3.7617780164350023	1.3831385464516521	1.9910351185358757	2.3872217504528193	2.2521562250345486	2.1817676740514798	2.648865045249745	5.607588715009907
F192566	-9.340480350000009	-2.322191790559999	2.5819825696805463	-0.2983344891526	-0.6622232607554994	1.8528723448814965	-1.515429116902002	1.3080713786018239	2.325011134083579	2.7678240332248545	2.375329220750759	1.927061772174845	2.0321768161954714	2.4568100066198117
F4335582	-8.256833559999997	0.4603584978912988	0.35075339421199986	-1.8435123604550006	0.14091556496000013	-2.0182449049074997	-0.6087410615840004	1.3436369053524198	1.804784493246582	2.1280409186585554	2.24461312584703	1.9309975759388793	1.984866586318548	2.718320102134446
F4390134	-8.956512879999998	-2.101951010150001	2.5794035930499986	-1.0540273121519974	-2.3420284306834986	1.265809978764001	1.8783563615749967	1.3649216640016024	2.013922796293368	2.328936018911353	2.3603793474946673	2.1131700273243954	2.223999166871386	2.1967344470341263
F4454586	-6.439805309999994	0.25857777721325054	-0.5166813149380503	-0.06707917079499998	-0.08785795837849987	0.13890893785599998	-0.01038512269499997	1.3412113547827216	1.7929868729315612	2.0333168382298807	2.009871008476135	1.8476293974368487	1.7884077665045357	2.190087861212204
F2915091	-10.091497120000028	0.8813155132049977	-0.4429840991	-0.39073125774000034	2.77657312783	-1.8024058721949963	-5.215491238089997	1.3569470491552376	2.1518112026458787	2.674529940687676	2.6369420066093423	2.078740268279886	2.0531958967964146	4.821460155187078
F1945397	-10.789438040000006	-0.83169782766	-3.948421788425001	2.028706468725001	-1.3730544221814995	2.1975120270200006	-6.462839378479994	1.419219730791027	2.222950605016779	3.8611249918674213	4.067584680206844	2.699925372107457	2.7466941303394705	4.368467925667745
F3838929	-8.395412094999996	1.5382186556959994	-1.440945490809999	-0.8695201618915009	0.15460450106000012	0.5447080213950002	0.2547347715085	1.3098987335781949	1.7261064959455423	2.225591326523589	2.3167205373681865	1.9768262135973336	1.9544156265119754	2.047490570964133
F553150	-11.609566194999989	-2.558180208349998	2.6333826854049973	1.3233526952399999	-0.15668004484839976	0.20602317268999967	-4.074986705474998	1.4587962355419188	3.8189708584250672	5.258780848953412	4.480502006694785	2.475842980823685	2.467471561522149	4.1047649140834075
F4469199	-11.322059394999973	-3.257896896477999	4.389645517720002	-0.5801985909249998	-3.8024830556744993	5.1100702345199975	-5.6871665931544975	1.4173662616568747	3.6031945276124313	3.8597703916611654	2.6639395226280485	3.559988503400196	3.5754115363039185	4.121935221998794
F4301511	-8.962441615000008	-0.2265707162015001	1.9445496555574964	-2.7373450974250018	-3.1377686426249976	-0.9094113155350003	-3.492400647307996	1.4017229155464859	1.927728429710067	2.3912618040916125	2.233905620006307	2.434828469893672	2.8118324738983906	5.979359828852508
F177342	-10.989976529999991	-2.670659343709999	1.9242117250550028	2.9951782807814977	1.1920751097349989	-1.8278119348799962	-1.1614727681049994	1.3894255580993757	3.997180000959794	5.250114699576943	4.137424134437342	2.0966758735383757	2.2835833182930374	2.7419278311189594
F470117	-10.58747798	-2.2411161150750045	-2.9807508937449994	1.797124771909003	2.2842065761999994	-2.174619418360001	1.1604786364500002	1.376313125066211	2.2592044535900313	4.043664366908192	3.9805101963015956	2.390046927064313	2.5047035320585858	2.736406339082343
F1602307	-10.818506305000003	-5.521636504344985	3.7322217402499978	2.1140850389005017	-0.4776611929172345	1.1155706933649976	-0.4267811526060001	1.453237954973616	3.8300227601293804	5.311001293235384	4.527034481995458	2.442229766805618	2.5081713990271313	2.6453318522397318
F4459708	-5.914357004999996	0.5051039207849998	0.20708128168299977	-0.779607815170001	-0.08282153629000005	-0.30624546444799944	0.3915830011900002	1.3175719304848132	1.715906264467358	2.0307994192155863	1.9696053570388643	1.7589937632910229	1.7196669867900176	2.0798084024374925
F4352657	-7.267340574999997	-0.4675397301350005	0.6445465298014996	-1.3334829855885006	0.8875066270415001	-1.3884333794740487	2.630366159704997	1.3039607139504328	1.7136002641807586	1.9812886380079344	1.986506216386996	1.7640807579149798	1.8524201901127166	2.1498667057711076
F337511	-8.856729355000004	0.8051750741970005	-0.70639026785	0.8798387182609985	-1.4438875394525001	0.6402705917405004	-3.7822259769549986	1.342916559794813	1.8445213094976065	2.208698590062122	2.159007662347438	1.9054306087057227	2.0612074113966523	2.3866197068881707
F335906	-10.549560350000014	-0.7280862640665002	-1.5168802416949985	3.0243501544299938	-1.3777108092200032	1.0206302428050016	-0.03412302312499999	1.4104390962675333	2.4679252406883476	4.272131464314034	4.064365348126081	2.3009351796780555	2.4171400806560492	2.7311850810532023
F185558	-10.867456580000011	-4.345138909134992	1.3252205183300003	2.4894524491250016	0.8626036188600008	0.38001432649499933	-1.6178415853400017	1.4083690802683093	3.895041181050411	5.149906453674218	4.350169279028053	2.3331373547727794	2.1908214392144556	2.525656440914904
F174625	-10.107959245	0.08951936230000018	-4.367777247154996	2.977803498460003	1.3102115020074963	-1.1528691050501525	-1.5796508071850022	1.3769080786199488	1.9380242655098399	3.932189063719886	4.033156038591285	1.9432250513118323	2.006081580010821	2.6690220230911557
F179449	-10.58806424499998	-0.7399121662294995	-2.2607839477449976	3.884446487308006	-1.6481547998150043	0.7253131256499995	0.1864146755110004	1.3834724640110951	2.493872845143973	4.011823688849275	3.9697021757359305	2.4030537563068006	2.4626860319420105	2.8253423645933577
F4468234	-4.618957520850003	-0.115750969765	-0.6036173489190001	0.5348949237254997	-2.364432783695001	0.23777490164499948	0.2687716176815004	1.373434940804031	1.811577167111613	2.0412819691864965	2.076161969235632	1.8173882926716667	1.7687234238960314	2.1230200175267644
F309929	-11.728061749999993	-1.2046621591510007	-5.445965324284991	-1.8027090671799986	0.8820638298699994	-0.7506716013920001	0.9127388071800013	1.5075177599897578	2.260409885014729	4.154118942864009	4.8535721843598365	4.9361237413375605	5.200525232042392	5.7317797755025826
F2134452	-9.537578999999987	0.32441974347499963	-4.3832632095000035	5.031499173294999	-1.14539660166	0.974881470629999	-1.5783836207749988	1.3510484078362999	1.8929327805393286	3.9371846660336414	4.031779988104815	1.9829818996483053	1.9933203239580437	2.443599607277205
F158569	-8.55694880000001	0.2137964725485	0.3422588313745001	-0.07409149906550001	-0.6721882397150007	1.3191179343049992	-3.073193585405008	1.3515105124830007	1.823485769751061	2.0013469299722484	2.0367825739138166	1.7948034355493883	1.7425278081143458	2.504699203861695
F343727	-9.786609925	2.382817671590004	0.9944063700600003	-0.6862937626200004	0.6919434380550005	0.9989993474130007	-0.6206117254715006	1.3432004196319856	2.4105963922639444	2.7829131500655566	2.650546033310192	2.0215071203205563	2.052962939850149	2.38256624463757
F3117556	-9.131867439999986	-1.219224215310002	-4.260768095155002	-0.19735432812000006	0.2800199967153499	-1.0330622700505017	-1.5906173658580005	1.3565695933664605	1.8078979419540986	2.395271852357045	2.6118280454194913	2.3907717928396326	2.558251765715316	2.931223461948724
F4454564	-10.931802920000013	-0.3889660800600001	-3.3917186012149965	2.0079439310449985	3.259448927064993	-2.65715618262	0.12815794139500017	1.376088724149526	2.3458687805167058	3.7838356918627127	3.926026509610389	2.356629943593725	2.5555367845172263	2.9182185544802555
F2272351	-11.58467882500001	-3.4957387372150084	2.8165763381350044	1.6624784795535028	-4.782298023749989	5.253241784915003	-2.3942715987199996	1.4601526137734622	3.860095000406209	5.175013248839997	4.475831645054398	3.616561347418717	3.5645110878831403	2.8550274456937945
F1679707	-9.690284125	-0.7875770067795007	0.42911118248049995	-1.972912754970003	-0.08697060960949994	0.5136214821599996	-5.211267460495005	1.4350223388770063	1.9772576557927048	2.542338163935027	2.3526948704693265	2.335369057482261	2.3894130836174208	4.623215280755245
F4314258	-9.340291249999993	-0.4647995088450006	-4.770868624339984	5.419158528014998	-0.4122887348350002	0.4374374597055002	-3.363898461390006	1.3959112499389206	1.9437873869415787	4.010045672982699	3.9640013070418454	1.9867815804242437	2.0292149052458197	2.4442213081738497
F4432433	-10.050583145	-1.1371023488940997	-0.525983765249999	0.22723751676999995	1.0826851829749993	-1.0100038060699987	-5.957309639399995	1.3764063192069247	1.967278158641437	2.5920284300652217	2.4992990938062536	2.0665110078890376	2.0818692510512653	4.7068564213049555
F4474760	-7.854062310000009	-0.8491651543400002	-1.1367910102844019	0.26569406936500006	0.21998941476500036	-0.23927128600000006	-0.13351728410000027	1.3343030128200117	1.7382616096840278	2.0906066657844864	2.3606925992908376	1.9523019055359798	1.961320406638404	2.0607936019634354
F2136916	-11.697883595000004	-2.547211976616995	2.7109081800115002	1.3642808934215	-1.7864004939600007	2.702881457454993	-5.609916551075004	1.4613583541601376	3.7802350943874754	5.326238933426859	4.587467003519894	2.638862742393594	2.7273125345155194	4.175985195366363
F174943	-11.16956912	-0.9124268676899998	-0.9190672111429994	-3.236807639570002	-2.2976594368700023	-0.9045447232515019	0.6801754456249989	1.5192752989850864	2.2020339480377724	2.786516006820441	2.7912781718826376	4.183367060331799	5.206286760974525	5.884674371103803
F192347	-10.04187365500003	-1.2134528436100007	0.48304266713999994	-3.3679968512129967	-2.3569382290050003	-4.220994765400007	-0.28522366108349934	1.4918963541740404	2.3886840987740947	3.190276620807749	3.0778926195687832	3.1100505804350855	4.619837688884156	6.145536412152086
F4416646	-9.372271784999999	-1.6368262885699998	1.1898977704345008	0.01836414247000009	-1.4529767572033487	1.2745250964465034	-1.098005388476499	1.3123278882555462	2.0284635008683627	2.228353242132093	2.153135871891358	2.1234438548945715	2.1140385285972907	2.7918795865370196
F28218	-7.282433525000001	-0.3979222429160008	0.47598846599499944	-0.8852145596580014	0.805269650126999	-1.1780663015550017	2.375950645919999	1.3612505520758207	1.7824415457622478	2.0232382067863006	2.012020262847417	1.7629554675581036	1.7679138622247381	2.085935301733399
F3352106	-10.318196129999992	-2.191861681955	-3.1045255076949996	4.478980220484996	-1.3152045988699992	-0.14130341148500017	0.9352860726519994	1.3222510972555934	2.327470482463115	3.874959670387077	3.651664805450834	2.251417988546983	2.462933682730842	2.9158108921562818
F340474	-8.74561340499999	-0.14602072290710008	-5.29583056459201	5.892235846919992	0.32921465648220044	-1.0375709800562996	-0.44148433298500045	1.3421435790446385	1.8212670302751133	3.769712026278405	3.75757366699342	1.887997479322193	1.8406481625793356	2.40812589059665
F357529	-10.117905535000004	0.39875623842000046	-2.142649429107001	4.558350003729991	-2.8355404191950044	1.9977852376599987	-0.8118930937200012	1.3792847436854765	2.2712845788359513	3.875331501206516	3.7813521156658663	2.215284780671113	2.3095193437366754	2.6767254812814274
F4468891	-7.475032219999994	0.5774128404375002	1.8652969594294992	0.26813023579699974	-0.43536467076000024	0.015426501963999988	-3.762252508590002	1.31618344489462	2.10217208682797	2.3907459043294277	2.2078655346032994	1.906966518049832	1.8383904353571487	2.4829229989615036
F187665	-9.2926052	0.603657693981	0.044135938890000066	0.8495840937950002	-1.133247130376001	-0.2514335571350001	1.6398731181420032	1.338907090475834	2.093623433183314	2.3244003519123604	2.3235495311844883	1.838363409843364	2.065042536323869	2.4237854702959276
F4366353	-10.86220783999997	-0.19285898943949994	-2.883799530179995	3.0473287059200502	0.20429987570999958	0.22506096763199993	-5.197443391834994	1.3934329632938343	2.297232767873283	3.9898052897491176	3.8618534915980263	2.236422087548047	2.2787254617767214	4.26779280268331
F577380	-11.507223100000003	-0.6394635402249993	-1.3957925320949998	-5.438684688454993	-0.17729100416500002	-0.47226156309015005	0.6687541654800007	1.5422685741348985	2.2165451124827875	2.793680423868265	3.7585716160325533	5.048300510527483	5.415036819310104	5.948204492959089
F4313085	-11.211440454999998	-3.9721986374350022	0.17041531044500002	5.203908396610008	1.287633012005501	-1.3611774282629987	-5.676767198514998	1.4577245351329398	4.139261979874461	5.232983698476821	4.294998255598697	2.6960575600640833	2.7422949078447765	4.681069169773999
F1110766	-11.134243790000005	0.32403220703850055	0.48781981207150027	0.5771315737149998	0.8651814330004992	-3.918401085225003	4.796967234460001	1.419114913552189	2.703571729078387	2.8921333749704146	2.7752812287073625	2.528295104591473	3.588141714457117	3.7941572536683785
F4476578	-9.883834450000014	-0.9218783198809974	-0.9645039424084987	0.6487113804969992	0.6524542738550007	-1.9150892226775018	-2.229716508695005	1.3172623836414674	1.9559851890688968	2.519200416840652	2.5875619445899	1.991542025161558	2.18342545470346	2.785911641769592
F4015274	-7.7141989499999895	-0.37616214179350044	-0.15124371519500016	0.3645417730524993	-0.7486433588400004	-0.41499705185149954	-0.1777528260324997	1.25039246461733	1.7267877753595733	1.9709764750483711	1.9406753372079988	1.8534406746396266	1.9232505387937755	2.0220625021148626
F199448	-11.175185860000001	-3.902546919485007	1.65262553722	3.286948714374999	-1.3438363581399975	0.13520194463449947	-4.383802312515003	1.4302519381778724	3.610607787762943	4.9621267614523585	4.0391440615648575	2.3471203290921925	2.437936318720134	4.330398891599205
F522398	-10.441578179999993	-0.04460010265000006	0.734079220219999	-0.0642305881749997	-4.655020992955001	5.013094133365006	-5.236723486364994	1.4070968709373164	2.235179446461722	2.4819905770521933	2.3812280411283537	3.6875850277684976	3.7093858011675205	4.21454925718784
F364034	-7.689962450000002	0.4612049943575001	-0.2767707074345002	-0.47837336473500014	0.1257682774569999	-0.47458153962249966	0.4200383468150003	1.347629292634254	1.7338865802785093	1.9458519871926365	2.0229350039606495	1.7461092804005136	1.7962339152515365	2.1146965742522283
F4346687	-8.423665525000015	-0.4908256802549999	-0.8493003940274996	-1.599713513515001	0.6057113077824143	-0.2207467203	-1.47866929367	1.3344336709519966	1.7808842326163952	2.3225860310714417	2.347336805929907	1.9484111140284364	2.098034958917657	2.214333381548431
F745431	-10.282953444999999	1.3637158172900021	-4.649560890249996	3.608831574370008	0.5485882743340011	-0.525325305682	-2.0017761386085025	1.3353737355644228	2.085333941784459	4.020624339521714	4.031651486249997	2.043057339952964	2.0437695713988604	2.683011620237322
F3648884	-9.885516824999998	-0.45274453282699967	-4.802352613895004	4.01871809636	0.047135015396499974	-0.8122489992523502	-1.1610927231060004	1.3513588373810155	1.8202088728322388	3.7356036240965174	3.859252520502035	2.00681824156849	2.0046567514448377	2.4748501175708153
F4370025	-10.57262239499999	0.9875050606999987	2.8808645735915035	-1.597075301146888	-1.2965167372429973	-2.3913568794409517	-1.0975574159199992	1.4426390942640217	2.5256444472666204	2.813722268738317	2.341071389690568	2.3204766631314997	2.8200114065384936	5.322484714811062
F512253	-11.15939549499997	0.8296696732250011	-2.6055056268500003	3.2305512381449977	-5.145651145754997	3.523422494269996	-4.6878056457050015	1.4666217482403403	2.2467914867306122	3.829429966061361	3.6641977228606626	3.5756900090476633	3.518500408465439	4.337664787779897
F4431292	-6.091808824999999	0.26346969957949945	0.03387735870299996	-0.9461113946849999	0.17059945853000025	0.03546082282899999	0.26354770581350023	1.3244105554052603	1.7691025188418184	2.0016738482901646	2.043453570236467	1.7598135002062505	1.708678571876912	2.0454808960264708
F297160	-11.25439717499999	0.22306900366849988	0.6702047299550004	-3.4306410029729935	-2.978912597119999	-0.6842027995395006	0.6707387525199999	1.480977573831612	2.2441611094296983	2.570820595451069	2.9403850913920366	4.1457808135032295	5.0461023795646485	5.707902084474011
F4380039	-11.291739715	-1.715156211265002	5.642441429799987	-0.7741309269639486	-5.005143637970011	3.9005901449753018	-1.2424864402499995	1.3983780873313798	3.791886709870264	3.9657240512353673	2.6239471715323543	3.4355599341854437	3.543477320411558	2.780927995971657
F4372523	-6.882573795000009	0.5985672026224998	-0.4316788895249998	0.41064515964499954	0.04934947047000008	-0.5867983153350017	0.8913877134249997	1.281120315220335	1.7481387827147128	1.9371238236469432	1.9862022328521942	1.7111547687036743	1.7298227562565371	2.0416544211681895
F1790209	-8.824690849999994	-0.20903580674699968	-5.963542097690001	4.343158795514994	0.6861825806300003	0.10507219619000023	-2.8234090979500053	1.3985371139892484	1.9263715291934693	4.073200626111527	3.968535673888985	2.0579489724671425	2.1333740097195757	2.927886628408158
F849723	-10.080750595000008	-1.285031867942498	-3.2969187490345075	5.508797144609992	-0.097692591165	0.23963273992999987	-1.6408693608599998	1.4276029658183684	2.411603606487717	3.968938900541675	3.9797637967047113	2.02767051144112	2.1935653172498943	2.7201999793780742
F233881	-11.60659550499999	-0.46323261294000057	-1.0292853512939981	-1.979003080629999	-2.722994891979998	-0.5124912269100005	0.6317701843700017	1.4472776715855677	2.221283662745728	2.6106160268198115	2.7518337556985686	4.215198031138589	4.9163621277661695	5.5649501418029
F196087	-9.005058990000009	0.26677337149499986	3.1080407973504975	-1.1012146417699997	-0.29238531314299976	-1.2576086762319993	0.23124149965000015	1.3738218204706105	2.083439491787554	2.271624760892958	2.027918388406373	1.9582764880555636	2.118905812110109	2.6146936508714487
F12574	-9.905995660000011	1.8315216688649998	-0.2548809942415001	-0.3711086554349984	0.19483977612999967	-0.23783140166149971	0.17350500848500017	1.2858481686437018	2.103481632002017	2.694029884418936	2.579750345584897	2.267464471979528	2.1223050120536247	2.406711302083564
F211935	-10.152468640000007	0.24358568706749983	-4.33219881660001	3.153108063004997	-1.4423149851755013	2.7886270663319452	-5.5429886958650005	1.4140274766549097	1.9410383962225977	3.9997127124783183	4.015763083986874	2.3602560246318656	2.345694697199758	4.4536811086041475
F157631	-10.824986305000007	1.2296618990399997	0.03708113003000014	-1.0745582878630024	-3.5478474860250016	2.8628932103250033	-2.0048307429200016	1.4225988656705033	2.462305669690481	2.7663753960939848	2.527118924839537	3.714466428939225	3.796561719662284	4.716835066326192
F4425526	-8.234784005000009	-1.1943479340700005	1.6837583685199986	0.11826509950499994	0.37080959874849984	-0.3631875541039997	-0.7615567395089486	1.3264061755706325	1.899660977575471	2.101879003160763	2.0527623033927607	1.6914658155225435	1.7645720586287326	2.1457986238828495
F4458227	-11.617758875000003	-3.7398113214200017	3.274171709904996	1.2820993071099998	-4.466054873275003	5.502607679250005	-6.1288942171499885	1.4674804802410106	3.840159213352805	5.224165450690889	4.551311533479253	3.680334001282416	3.613188573023198	4.239916562681726
F1835985	-9.816616504999983	0.04879915782000002	-1.9002949565799974	0.04062783081500018	-0.059117351707500106	0.8699814336000006	-0.5942549385999998	1.3147948008901746	1.9782881434927386	2.5805770623286985	2.5954396015849976	2.1920200921073314	2.312237260914848	2.4940558464946467
F176060	-9.881969745	-1.1741338180999992	1.6179283536750002	-0.944401117115	-6.480573234149992	2.7658591281950016	-2.7003620475250054	1.4227056306716037	2.360065960113541	2.91177979894125	2.777851490217184	3.855125549269619	4.1032142745338	5.324402011917754
F825808	-11.133314885	-0.6426761707084991	-0.2804355635545003	-1.8873741177149974	-3.6336661018249994	-0.8658808639650016	0.8145690536920005	1.520020273068386	2.279408923575661	2.7187497161595346	2.781625061143732	3.9208254241414813	5.226124266555057	5.591194173817336
F4484034	-5.114198740000005	-0.30761530725249936	-0.3630612154160006	0.7839447126935002	0.2695502173794998	-0.4957764477049992	0.7371542853694995	1.3349725535137473	1.6790700654228317	1.877124169900657	1.927956372497436	1.6272623384895535	1.722403019519643	2.0635004784996833
F2986828	-10.08184336	0.28479920512999957	0.49133765728049983	-0.10574397315750012	-1.9116664454450034	-1.7423217243600033	2.286377991734997	1.3853824822299836	2.034715054955244	2.4041044013450996	2.2672310724237446	2.259509603883853	2.522203990921313	2.6564797148002564
F4397737	-10.473693090000006	1.4521363591979997	2.7110423159150066	-8.384187191400002	4.711299424704991	-1.2381990976205013	0.8540363580749987	1.3941161184400146	2.1948231933875406	2.4479113365986382	3.611745118369669	3.48863866570033	2.439254241940731	2.952870518876025
F198489	-8.963600470000001	-2.2365375054500056	1.3189166302154962	-0.023259192514499975	0.7797013631574999	0.9061085826497511	-1.1155505465700009	1.3154258425686267	2.229025328803555	2.6667786135951115	2.3203840769368673	2.023027889176701	1.9255610833574048	2.1824779381419877
F288977	-10.599745055000014	-0.7187336494350001	0.9147792507299998	-0.24247821533079983	-4.434589184880005	5.527574878500001	-5.242484562985013	1.4243361210741996	2.2553507501361505	2.6617432393001423	2.5549733349174573	3.68439019780463	3.531380888019245	4.156655199773774
F4352875	-9.60994592	-6.165430239849998	4.564398989500001	0.6790254233945241	0.35210072110500024	1.2107329030699983	-0.38709215924000023	1.3693458241176155	3.704989627938972	3.9364425295653946	2.6412137719208357	1.9982698337443963	1.9783825570122018	2.1479593349163184
F204126	-9.100627065000012	-2.515033002534994	1.6318859503959975	0.9070976372799997	-0.9644768533870017	0.6600947106660008	1.6636867857399966	1.2799843972079639	2.2086101892334105	2.4447480800992567	2.329571768412584	1.9430367658563852	1.8769219002829136	2.1136544842838063
F4392487	-9.572686914999991	0.489725739077	2.2769661417771547	-1.1260482416800017	0.09681106743150006	0.13534165975999993	-7.041546046249999	1.3551167632589933	2.065107935697229	2.33223914261926	1.9950593607916554	1.7561992811945504	1.8692421447783127	4.428326544470661
F771181	-11.335170825000016	-3.2346137578499854	2.912194127385003	1.3440765215949984	-0.7847390220450001	-0.2760902165149998	1.4300961567049997	1.403194506121432	3.8955703082470814	5.3152999258167775	4.4689022362670485	2.4456380831760254	2.6506412217311106	2.772650071209435
F175037	-11.985672169999988	1.5094056782700003	2.5588754600590025	1.7966468708459993	-4.312676208564996	4.509740324534999	-0.9073631080621437	1.5485690917302322	5.182021378910499	5.213297484913862	4.3473995353418875	3.604810399783853	3.51982068116049	2.751701899343167
F188706	-9.613099385000009	-1.2955145651450009	-1.7168683821050015	4.010763947875004	-1.4120025125690008	0.17537362398500023	0.3584301916574999	1.3507754993234322	2.301497006765601	4.511696001822062	4.234085184198312	2.360218552285159	2.4958452164652067	2.804512126871689
F4361727	-9.359443165000012	-0.6193706052449989	0.4896928483050004	0.36978347591	-0.5473561053420006	-2.2852218911485047	2.845615094055006	1.2956759713520334	1.8700653234974252	2.351427823731745	2.2293556780974115	1.9608022148717192	2.1721550759352892	2.990929287504882
F209845	-10.459616224999984	-1.0656019860900012	-3.0403561942799957	5.168496185704002	-5.796887418809495	4.826052591900002	-1.532845706620503	1.3843999089893055	2.2631658845769365	3.85436489025844	3.738183095799986	3.574820871022892	3.5920367650536105	2.567542138524212
F4451523	-11.498129469999979	-4.163690852649997	0.3204892673749996	2.4016762269724956	0.3277458875499998	1.4852688564800018	-4.749293720391	1.480798000908435	3.7166104732527865	4.786991236105748	3.9284280663866866	2.637347018816233	2.569763816725698	4.05410950202295
F175910	-9.554141409999982	1.36814698398	-5.4081251185799974	4.408190887539993	0.23222599661600032	1.293552468470002	-0.31007781021950026	1.3604151788155372	2.030064087666935	3.900808514399559	3.9477773924632724	2.03151861258285	1.9687259157643193	2.1944877973163495
F524633	-11.104652465000012	-4.073188378391499	3.1579143124799938	2.0066688742249976	-1.2893803817499971	1.2206625584855	0.10631535338999985	1.4034849313330622	3.8471268844461264	5.331083888392291	4.571513947946106	2.553979340084155	2.5216761575825575	2.671565822248294
F524318	-11.214362564999991	-1.4407173879149995	0.44156573716095077	-7.820969847999995	0.3129287673950004	-0.4414412703849999	0.8539023669549999	1.5140841988109743	2.3112724359681995	2.8067552870638	4.041625931236378	5.2611521825128165	5.358205814354849	5.828275008632745
F233953	-11.268722275000004	-1.869694184221001	-2.8199964658349974	2.3233548105195	0.4115972609820001	1.1554835807930022	-5.824484051886007	1.424801465352164	2.3722743226408918	3.959472745321957	3.832879472092922	2.5212116802261613	2.571251576466972	4.2532284980826205
F368412	-11.194828465000004	0.4220266679280009	-4.484854137904993	3.104435613202001	-2.937151043730008	2.9368583196099998	-1.8178367663400012	1.4802485632409486	2.2641062959963363	3.89855471195057	3.974746077588879	3.703380915866612	3.7272565760378717	4.809856922156871
F4442299	-9.466371385	-1.077162029781001	1.139901876460001	0.01053723816499998	-0.6983335770674998	0.7064476714280012	-0.3856348551320004	1.337763566733536	2.1543368454839658	2.605005315837983	2.430567822034768	2.063129829733474	2.0226339564656426	2.0984600980414196
F4401580	-11.304285365000007	-1.3644159934535014	0.4905107648000007	-7.503769139949992	0.25760136664850003	-0.5190305598749996	0.5594890658000001	1.4708269305024197	2.268522483088398	2.7800243711512675	3.9094399298599765	5.073494023865664	5.28999283017269	5.929717593163523
F145883	-10.885333089999984	-0.05365966960450003	-1.5806376245449991	2.9481395483500017	-0.41201782680500065	0.45805447760500034	-5.636001654255008	1.4210908734427035	2.5151461638981387	4.2017316691290985	3.872694911542557	2.22870981421136	2.2433080884585745	4.221247577183908
F187447	-10.069562225000002	-2.0937807967400004	2.7568814160349944	-0.35929864901500014	-2.4156240924750008	2.5274286353449975	0.027519279199999934	1.3561379340125386	2.3726311181897493	2.6418418896112223	2.4604683862806116	2.342336360578632	2.3072399367823415	2.1406518066570603
F16054	-11.645547355000009	2.5643508109899984	2.0787164105500002	-8.261733173875	0.16374315638150022	-0.5185550945269999	1.0042143660450003	1.491417120016749	2.5906008199095174	2.5939786982359525	3.660316193560705	4.848188141049914	5.1346462095753	5.612540979879908
F110144	-10.760929820000023	-2.976336335385002	5.714065579299998	0.7282210591350002	-0.29066056075499974	-2.710160739524997	-2.5507796962100038	1.413179732800597	3.984662019991897	4.287540025105721	2.4228044488311675	1.9537623541056952	2.448483137460582	4.755453765754361
F3275934	-11.876356769999989	-3.192771839684497	2.8756752962300047	1.1994831796925016	-3.8592207348800005	-0.4977661306529998	4.438868357709998	1.4924823381766579	3.64571616828264	4.794408014954839	4.291288096936156	3.7518898542270516	4.747612781741703	4.084091620534587
F4093636	-7.948087170000015	-0.7082133686970012	1.7192797225809997	-0.8314817171315013	-0.21472056751199983	-1.1903522543835006	0.8213557104000002	1.3459326423542493	1.8882783085985568	2.201243355093434	1.9927148139141686	1.8574184234011397	1.8860025170841301	2.1575055229666744
F2510541	-11.101689124999998	2.480880045435005	2.717789104624997	-1.8719795800050005	1.1519822673049978	-6.22096315633501	0.41109478444305086	1.408312524559653	2.709546992530282	3.141417565415606	2.661646732768864	2.067368871373823	3.7050534365642935	5.764434781634591
F4481427	-5.801577035999996	-0.15663858383999985	-0.19997097546050024	0.2737222314600002	-0.10300599414999985	0.18059976348499984	-0.33819696819484985	1.3475282207312052	1.6815167818188712	1.958725135323476	1.9766658580502994	1.7392618573801004	1.764731655214173	2.0652396558663413
F4419504	-6.698923035000007	0.2767013864550001	-0.6988877908250009	0.9770153756600017	-1.3841256421850017	0.8300425697749998	-0.4375218443550002	1.3360763266087543	1.79967037558453	2.008749361178516	2.025100713432846	1.7735373656169018	1.816843486547043	2.169414901817023
F336830	-10.901754490000002	-4.308953533545	4.631885387994996	-1.514489054653498	2.633376888364497	-2.644392553494996	-2.757062851184998	1.4218978911803195	3.744053142931777	3.860040261710183	2.592742271211695	2.33421264202499	2.4384817729704276	4.860525420885167
F3929758	-8.476990819999994	-1.6085229156254972	0.15754491921349995	0.142782084515	-1.4928186040174003	0.9589586781899991	0.1123256886385001	1.2778744649755414	1.7657394142525402	2.2260842337236477	2.223891481250261	2.068512231800365	1.982733362416156	2.168763865144982
F197346	-10.351610959999991	1.849929189090001	-3.420046071740005	4.694063811979998	-6.390131791999994	3.558941784190505	2.2456264965834327	1.3974274212356723	2.2055432399837365	3.905483394948862	3.851300457440285	3.6528548124346307	3.7723892581485767	2.4880773453100247
F531495	-10.518427799999987	1.892885310999999	2.137471013973497	-3.0670294872649975	0.3487779920600002	-2.064865506543501	-0.8163470079050001	1.4236293353883447	2.673533519884544	3.0510149379529627	2.650800176154202	2.584337700498679	2.8109309845252715	5.418553490634148
F136127	-10.663403345000017	2.118504087235	-2.8198774696549993	2.2260168731450003	-0.7076581555499992	0.16919180289800007	-3.86891819512085	1.3791018994442221	2.392388237871025	4.172855257504612	4.132909195326809	2.378542712971637	2.394416162782215	4.5441247978670445
F3152469	-8.066364565000013	0.12213038462000009	0.4091446293749999	0.16821182733800027	-0.17398489571750006	-0.03918347615000003	-0.2660063425449999	1.3326349156489228	1.8144482761554024	1.9426836358185982	1.9615598983851004	1.7471914304026959	1.779095345537384	2.119376830315047
F3686740	-9.243526119999979	1.4873786287200002	0.6383861697800002	-0.5505749264199997	-2.0864375255599987	-1.426360001495	0.765564782745001	1.3679894896447655	2.117328089374231	2.296085486187753	2.1644072276841695	2.165544406366801	2.4487888856018483	2.692245456022404
F364289	-11.03813297999999	-0.22242452641000007	-3.7543248314549973	2.976444568353502	0.5280989873800007	-0.7956114208174997	-4.643821793440001	1.4072159481502193	2.1791894488590025	3.763811586347882	3.689095648476508	2.412321857338038	2.524624598739829	4.326771541258027
F180171	-10.309929160000006	-1.2272460384375	0.3911807249730003	-1.792237000760002	-3.166727770821491	4.125249425490001	-0.15175917175750003	1.2797510432739623	2.04306025834265	2.5228699155739625	2.459791503732138	3.6741626323592795	3.760791592971741	2.929064023919663
F4089774	-8.599163034999997	0.462621126415	-0.05911592583999999	-1.3332731128249988	0.5142275552664999	0.3254941661270006	0.3610814758499996	1.280917653158327	1.8397990198709961	2.421584550592998	2.5094958609445053	2.003429694851462	1.983240865630105	2.187901527483553
F99720	-10.342589104999998	1.0789599133849987	1.4355770954500016	-3.0323934792549965	2.7475065166549917	-1.2565786004899984	-0.05985373306899998	1.340046612557283	2.6579694922321435	2.715239955247081	2.6126642450629634	2.397631209026717	2.2175789430057433	2.691172289177484
F172233	-10.99693197999999	-0.9027903845834997	-2.807752938100001	4.014774965829997	-5.0660336661049925	3.2020439004000028	0.8199309059099997	1.451608068208729	2.3530043379191867	3.8628951217249394	3.776256324675239	3.568433404706683	3.7432655585509744	2.6985155945703982
F1943669	-9.844828445000015	-1.1724045409375001	-0.7483146265449996	0.1596371855650001	-0.13850452113000014	-0.29864340536999995	-0.99488873659	1.3232661116768742	1.9201049314416625	2.39241931233989	2.40818827038811	2.13998850698792	2.1846866681162225	2.871915825376666
F4478367	-6.78778913000001	-0.9071788990899994	1.3658882913299994	-0.00015257457999997193	-1.839399970905001	0.30885014978499986	-0.23388419049999984	1.3344485689962138	1.8369401310277358	2.1279136878641207	2.111305952846178	1.8967663254882803	1.8372046202671315	2.250144006364738
F194557	-9.60131594499999	0.31184343855499974	0.5370466789978989	-0.05582130175249999	1.2371480325150024	-2.2360605878350017	0.11308487155000005	1.3253646095833818	2.0900113860310734	2.5320159731955454	2.489376161731648	1.9299456381390707	2.067670261727302	2.7388387434882646
F174066	-9.085416425000021	1.1872062881600003	2.981836265390002	-2.6416944222000005	-0.5248977998955006	0.5381625032700005	-0.5217831063399997	1.3496714840482724	2.5801087496831294	3.1149051212514185	2.7328862320441636	2.461703966772606	2.582964523434124	3.076354579740506
F177478	-9.064057380000001	0.019966494379999936	0.16676332028100027	0.41160656356400077	-0.4074339389185005	-0.45324960622649985	-0.6460246378190007	1.3655529475550683	2.0634720640608415	2.337110871449309	2.180092723952445	1.8408261596993207	1.993193857616606	2.500078419883294
F287608	-10.711144195000003	-3.2354316549675017	7.134606879400001	-3.537081422129997	0.6877370289649998	-0.8928757279200001	0.7229830100345008	1.4093703047954256	3.5562458803089014	4.055753284558885	2.888068234845592	2.3717721235379727	2.486607624892902	2.6612814853695603
F2943548	-7.155908624999992	0.8142601083560007	1.2257777826271001	-0.8318000100050015	0.46505091351950023	-0.671714297275999	0.519713128375001	1.312709262572203	1.8218239343904485	2.0165117884939088	1.9851172433025752	1.7578698035593456	1.7639818970693975	2.1065942346967477
F4481719	-7.190226489999993	-3.682682934324996	1.48740674569	0.9058504140135014	-0.3504347175750008	-0.22338861642800012	-1.1224072428009995	1.308517875081605	1.9718795786621885	2.571625127444936	2.332593685068367	1.944971826336409	1.988947848170613	2.7059548340344515
F4449427	-9.612430160000015	-4.230736705990503	6.535442370850011	-0.6986341689049995	0.5881600285849998	-0.6000107910974988	-0.3287544323799998	1.3368631651984335	3.722168173914116	3.8781209229213176	2.1412369398439597	1.8251516478541798	1.93119807911278	2.3093354235955426
F193840	-10.491176934999995	3.369160276736999	1.7342944454450007	-0.7482763403620007	-1.2246381901179981	-1.7842586229050021	-2.414501409034998	1.376880975198421	2.6119170403948484	2.462480059255725	2.359002347538397	2.028063843050861	2.6397520659521856	4.993770399586288
F258461	-11.106725929999993	-0.8511613473550017	-3.7796963947939943	2.6074750304949994	0.8653679368150005	-0.5121420071299999	-4.9740536899499865	1.4287432257674346	2.124276406700899	3.900180444152534	3.941327460655162	2.3341362770339114	2.394515008457354	4.320840257101855
F178026	-9.830617870000003	1.7653238766265031	-3.757204182795008	4.804143836546489	0.43466131306499894	-3.144505217270494	5.022142855028001	1.2860978792417654	2.3441179840310458	3.8682036911138433	3.8164270957085846	2.0399338947481827	2.377235861157676	3.011563098478666
F4476780	-7.147528664999998	1.0770797270099985	-0.14898073411850046	-0.9299049525650007	-1.129522870758001	1.02260199743	-3.8567079392664985	1.3375272962389855	1.8362070733854228	2.1458657989223457	2.1746128947524115	1.8738208960151128	1.9369311642950238	2.533908811004404
F521496	-9.428060919999997	-0.7244607137400012	2.300056013144993	0.27459898739500005	-1.6186228320165021	-1.0168948783359986	-0.5888264496200001	1.3329112966929393	2.216746558949504	2.400243807456068	2.19407598100097	1.8668728580566751	2.199456626016956	2.6251486681007075
F4450064	-11.07882319500001	0.24088737541505012	2.773045081075	-2.3875602462100005	-4.3949080932049975	2.652900100075003	-3.319490467859999	1.4495989427352454	2.3397052939907406	2.7072906103038616	2.5206208809047324	3.7819565349506377	3.856036696202469	4.5544443735046345
F176331	-11.103758900000004	-4.308175383864995	1.497286306954998	4.160699055944996	-1.110570780048501	-5.206902348875002	5.173300271259495	1.402222287025881	3.7271540463223793	4.984016220496901	3.9509810517922186	2.2350101941710507	3.7899433295264764	4.079809511636361
F184318	-10.75959787500001	7.028268085949993	0.3220093422100005	-0.6531126122250005	-4.162162088705006	4.1384475028779955	0.37703907755149946	1.4606639981565686	4.178925852533533	2.569812436365363	2.4254388523929005	3.537742477427657	3.6137610701060687	2.8798582690075833
F4466275	-10.983724819999985	0.26584481247999997	-6.01585667505999	-1.5660025096949959	6.249345883359989	-2.326633429084999	-4.222648327164996	1.475607191349097	1.7988998065257809	3.880387786456559	4.682339153777939	3.713676483921485	2.336403271065362	4.6491358161204435
F4457268	-10.143268009999998	-5.3747147498345065	1.3068269351150006	5.413488674855998	-0.8959704843849996	0.6747234109100002	-7.006228960799998	1.4106774263964958	3.8567301422957683	5.19447950371942	4.356746724278589	2.4917450326373887	2.5816652555009343	4.535056131249889
F19611	-10.547086714999988	-0.5311959804050012	0.9397254819900006	-1.752249728394999	-1.8894913840380005	1.0360202349015	-0.8485204359229995	1.3447115714488571	2.196931213246606	2.7428662244345916	2.8787950321823184	2.599662828741706	2.805961158638737	2.9481422732034726
F336627	-9.623552824999988	-1.2509935362184985	1.653898681430003	0.14669445298450026	0.3927422500410003	-1.635265089114999	2.1234914056000007	1.2824612546742964	2.2113704888445467	2.513000544305352	2.327425296856545	2.009129639139932	2.1572270340653508	2.388001758628363
F2565100	-11.679039820000005	-4.459267983940003	0.6611886823499991	-2.070043674559999	0.6324506055039988	2.900572742310001	3.3520311680350017	1.4840710952506526	3.7275525598154067	5.107361094058727	5.148854407867075	4.942461217469902	4.163647080613297	2.87493179698669
F4439603	-8.414449800000005	-0.2648770328339999	-0.6126885475744995	0.9326896671550002	-0.9429313204499989	0.38349628953499965	-0.5592427802649986	1.3350217843572676	1.8290216141633446	2.170360932859336	2.137983271452809	1.9147547780970802	1.8057354667903436	2.083251215932772
F2985051	-10.808927270000014	-0.31983148133499995	-3.790145103965007	3.0717411388150055	-0.3360167839350007	-0.031966486745	-4.597087762329995	1.3957425099593213	2.092770807103565	3.7407180258403177	3.7811813270891266	2.1747949967712206	2.3264602829512806	4.206348337469674
F4354229	-9.03177548	-1.4982940717199962	1.503653739385002	0.9754599737500002	-0.13799027918144954	-1.1499267484811495	-0.783414530925	1.2957264027379274	1.9613336357096813	2.3802351624705307	2.0414247286306537	1.744539747677664	1.9241560685569803	2.4154665691046597
F4326091	-11.153273494999997	-1.3721204932849995	1.3188387971250015	-1.0603703994900016	-0.7111628581649999	-0.1934813289214995	-3.2565525217599958	1.4275220185005317	2.451577860167109	2.7902853229501074	2.5673664701585404	2.58512521707615	2.8417573572045205	4.5518867834723045
F157573	-10.713766620000003	-3.066051609315	7.302816627444994	-3.113134680609995	-0.2750116698700004	-1.1990299997549954	2.9067342948150037	1.4073258532098314	3.8626687617753954	4.079186596583156	2.7929350166346407	2.5731354289222086	2.7977610580426875	3.6442903414461543
F198636	-10.77307761499999	1.6310268949204971	-1.4077122516939997	1.4003540267250032	2.2158525700300027	-2.574607951254999	0.4426850450100006	1.395056794464714	2.6033329332934763	4.417447125321264	4.143801482619871	2.1084483548683846	2.307639063483238	2.7447815689204864
F183954	-8.553283005000011	-3.5029347472794923	3.2290249383749985	-0.22543050491999975	0.1947424646150003	0.0015203123450000173	-0.6377527655300003	1.3251553182752658	2.151324447854318	2.5303249195941366	2.146896122921282	1.8976731075433013	1.8296380529370364	2.246311342608086
F292103	-8.350071490000003	0.4166609945145001	0.5234338362714498	-1.5082456161000035	0.045091412638	0.3433189209869999	-0.6887128956400002	1.3135202305961562	1.8526486594492926	1.986290329988554	2.0879566958761075	1.9125595857970674	1.8601493939132039	2.320221215929173
F4470870	-9.137564650000005	-1.1114129408400004	-3.057619236335495	-2.0343987193899995	0.5014857283399994	-0.5204091918735003	-1.5431998542279983	1.3838677126510253	1.8647393488799449	2.3989035442898583	2.5517301893567503	2.3921560712627437	2.521892582412292	2.8216729106117913
F1105984	-7.646181699999999	-1.4194194238973992	-1.8224883141999983	0.5036528939139991	-0.7340147109899999	1.028345202129998	-4.227518719229992	1.3211614516155128	1.8916532203101362	2.357883367898945	2.384562756576519	2.045516028228025	2.0880785457989375	2.4019913972618916
F4333921	-11.762252020000002	1.6430910720829994	2.597936570429999	2.0260041462915006	-2.106597121514999	2.055032668600003	-1.8671117840299996	1.4987230189390293	5.138508658952129	5.171406495225363	4.284588674165148	2.5540539931378357	2.664739194287411	2.9505351154422286
F3235048	-9.551963729999981	-2.380198043579998	-8.212492845449983	5.405905186284004	0.9183449732849998	-0.6088666022949996	-5.681009138214997	1.431590299688108	2.062230958289472	3.732557465169978	3.7978238000813036	2.4466309093566476	2.576193111615412	3.1127288994719295
F194286	-10.92806232	-0.6089428160292	-4.619783052410002	3.5080783493000025	0.31916620997200057	-0.04667287920900008	-5.793435526979999	1.4211392811762058	2.1898844201635987	3.68914280199601	3.7798317659972325	2.447799882018343	2.4010381283396334	4.190370318899566
F798581	-7.800448935000001	-1.7566739555350004	0.3689349216299992	-1.4096787893599998	-2.0126449654074983	0.9311601461050008	1.1735067451516037	1.3066825647440214	1.9928367051357172	2.6166807224105053	2.6090155041966083	2.231143832128557	2.340883143906869	2.5767329549537745
F131559	-10.09184281500003	-7.1896625907500065	0.5636578147910001	3.4416440815379943	3.10078100547001	-2.4862722353809996	1.680934261309999	1.3840271561151278	3.8487942015682406	5.175595193616413	4.3417465077746975	2.2138248356753665	2.1656428394702574	2.5378718881531195
F197521	-10.642461230000022	-0.07114014895650007	2.944448342275006	-2.8165366525005004	-0.7060075682900008	-1.230025986154999	-1.4626656129499975	1.4486600404604197	2.376471607829156	2.789589985357951	2.5610784025892124	2.5670401257960265	2.799782753471956	5.278644869701423
F68841	-6.533116580000008	-0.8202240641934984	0.8280740209850002	-0.8510810066850018	-2.5831001308740005	-0.7249159523525004	0.5077145824045011	1.399384800548299	1.7435091047670255	1.988069839784051	2.099791952218903	1.8645649211669746	1.9030501304981806	2.7447125675325266
F4357222	-10.549088789999992	-0.8394470142699998	-2.256637150233003	2.6933458066300022	-0.677524404660501	-1.6839026924999996	-1.5029214563500009	1.4086771774337925	2.1664625021465542	4.102801606217835	4.100142526774559	2.341070695539866	2.598952013576669	5.366755369024812
F4407703	-10.099749534999988	-1.8704400269449994	-0.05436556014500005	0.057944849564999935	-1.2325342287900005	-1.989648461845001	2.390082132240005	1.3954134491728372	2.2021089567091994	2.6784847668213594	2.6641960936794313	2.423009401268444	2.6689224312857025	3.0429413972561252
F437137	-11.626261285000009	-0.7972117012400015	-0.7160995716799992	-5.24754583669699	0.14630403054650046	-0.47256330530000124	0.9050484255315003	1.5299961459748188	2.1772079260576094	2.803624671618278	3.996764724736908	4.851726173558734	4.959155071950046	5.409696272252782
F4317896	-10.824376705000033	0.5805174390900004	-1.839665026959996	-3.2325313546064978	-2.9315189828833055	3.7726050531531454	-4.515101625535011	1.4182484373479114	1.8964542387833068	2.338978070039774	2.6301371692932247	3.839523615450394	3.8688400544918604	4.492754373959672
F4447072	-8.370554059999995	-0.6065927801649992	0.3728031295952996	1.0786991378249993	0.6770136340010002	-0.48016929129000013	-1.3294655154550004	1.3217496672266706	1.8978308375840305	2.104799177427048	2.062919874246693	1.79978226164331	1.829945932902248	2.2069524716464355
F323135	-9.548030684999977	-0.22907344249	1.5894035182400008	-2.8883506508500005	0.17407437815499976	-0.005098589138500018	-4.319521357847498	1.3931632598910588	2.277893922807875	2.890117251469281	2.600271396933777	2.502840674852196	2.53597232885955	4.946737441016623
F3755854	-11.13504918999999	-4.007641636914997	3.1132402279500027	1.7536308406829995	-0.5652327352550002	0.8163586511599998	0.09043597631000015	1.4358027616964468	3.844354736332084	5.2577574444764545	4.514053013450178	2.479656262522022	2.5676687784913517	2.605169852913049
F370077	-11.336960305	-1.4477399422914992	0.8148340793149982	-7.5812511229300075	0.1174535157459999	-0.3503546450863894	0.5797243851799996	1.5169400180413068	2.2627106849435528	2.865230530141847	3.8820101890178464	4.910481596684083	5.170005579671469	5.725147482378317
F210292	-11.349593785000023	-2.8833010190650006	2.3878170575930056	0.996108791599999	1.4592701604100011	-2.5367324233794974	3.1595315873999996	1.4379290204975426	3.752533532107175	5.250898628394593	4.658597852967755	2.546095368673859	2.6176983778117964	2.823004590929406
F759816	-10.562605629999991	0.8601187900315009	0.7790276167350008	-6.685520259600009	4.045091205868504	0.31000468970900036	0.6412177457189988	1.3854918418323527	2.263689186714556	2.843688926675198	3.8173836120890647	3.6878075726619772	2.539828796358821	2.6773061795958126
F312707	-11.307676045000008	-3.8663387534185	2.0598973688400024	1.6861085916900003	-0.9755981278789997	0.2458061083525497	0.13364003870000019	1.46042436955801	3.8255246214344716	5.162093587324855	4.455496098269248	2.56123949242721	2.635206276734182	2.8129147065268927
F3756485	-7.063204475000004	0.776542004607999	1.523679324479998	-1.2034419964414984	-1.132366028954497	-0.6223055164740006	0.08035555746000002	1.3454009621053218	1.770425892765112	2.1040732469857533	2.030963910513137	1.9057906016206625	2.0035212220807255	2.6660387909511853
F113581	-9.423913765000012	-0.08720910873780016	0.8279614834349998	-1.4281015300534976	0.438549431821	0.8232676534049986	0.7055926465900003	1.3394430873015366	2.1223332709697162	2.4144294953968246	2.4514835204075083	2.2089392208086847	2.0751177091103172	2.2988233575555204
F230132	-11.323514540000001	-0.7737537500049997	-0.040591054284999865	-7.421492019365005	0.4588176974249999	-0.6311611334450004	0.850364081240001	1.496838202107559	2.2618295930479917	2.88775455219606	4.082193974530973	5.112614696263865	5.164485022300219	5.982995347067462
F1120222	-10.76544442	-1.7310707279149988	-4.0462545520500015	4.262234831849999	-0.10840246549999984	-0.8323472063311506	-5.452903867080006	1.377880744840556	2.120758883176234	3.8467149544754244	3.813762945424758	2.266071952694863	2.448501220589669	4.419414809084218
F389371	-9.524612520000018	1.098414562665001	0.2689233911809997	-0.8014871557024505	-0.3750905540899994	0.35628887421899996	-6.6034444770355	1.3469057093906944	2.0132413034947874	2.198995153223627	2.2307252035997336	2.0581444154754966	2.136980830676257	4.669194389782588
F3609545	-6.264248180000003	-0.003962775021650028	1.2995178458600014	-1.5308528461449986	0.5174274569484998	-0.6711385739499995	0.44674593296999937	1.3325571401254026	1.7454883620594734	1.9255424989818786	1.8935510490706915	1.6824251594384323	1.6977325399233696	1.959855878481812
F4401373	-10.831526449999988	0.12554329589300003	-3.8228228593549973	4.589118539600008	-2.125000703830005	0.3257187762100003	-4.761125094535004	1.3991360367821282	2.352116160034958	3.9120121766679614	3.881431403144704	2.339622710898755	2.650582505523854	4.443483538772942
F157453	-9.158637165000012	-1.966499233975001	-5.366129154939997	6.047860541454994	-0.08107217925999999	-0.14774933578299984	0.5366013207715007	1.3804604698290033	1.856628164821253	3.879367887060768	3.998159117449274	1.954131878444525	1.9565077745956685	2.1317932607800123
F4449236	-10.231107164999974	-7.401306995150014	0.5125017396150005	6.9784490528799985	0.2262566918050003	0.7438358175999995	-9.171041694499994	1.4386046702043298	4.0335216161176906	5.225542298439999	4.376833172862391	2.3985136591188048	2.403990876107812	4.38819075795651
F3581686	-9.714578990000009	-0.17806780700599992	3.2377606489100055	-1.5819144953749993	-0.04885968033250009	-2.4253224890449983	0.8058676322149985	1.3180213546417145	2.352939007336822	2.5448162985008045	2.2085267587494024	1.9616737242343452	2.2748284585432397	2.7847365053216473
F171399	-11.144760829999983	-4.8389978715699975	0.5794928658050007	1.9807468847099974	2.0076375074800006	0.5802542695859996	-1.6857350313599997	1.4512949984977597	3.9999211454878765	4.952131691250407	4.161766099388375	2.4482958949625147	2.2319406250139586	2.618489606968701
F4144206	-10.898442065000008	-1.3735346702049982	0.47008125973999976	-8.92076879174999	-0.023790159090000075	-0.4682008294749993	0.7515287788485	1.516372676955532	2.1980036421490956	3.045027237286594	4.044173212966837	5.252626294040209	5.635172391383565	5.909951659993918
F2816368	-6.066863749999994	0.026516453232200015	0.8517436471009991	-0.05545716441950001	0.06243135347799995	-0.16577981032050002	-1.2246017811749994	1.2576931319802678	1.7897112113944158	2.103584842298158	2.0971115674538034	1.732535093363912	1.7643084242373224	2.173694190127366
F182065	-10.77589679000001	-5.294832733387504	-0.03236252492500002	3.7912370589749993	-0.5944469475299994	1.3167077640510008	2.4105709352249987	1.4483334085320942	3.959018336949141	5.1278474259806925	4.153586451755851	2.5288912893884357	2.5179286110832617	2.4766593330272046
F42372	-11.929657064999994	-1.8521534672049977	2.4233839842750005	1.1312642715645	-3.5510363871300035	4.440605458764993	-4.843104131500006	1.4425838040192458	4.077023540894084	5.112196933461401	4.253666235136616	3.4898119929317506	3.4866575043972854	4.139416152344896
F4435784	-10.899664810000006	-0.6645426698500004	-2.199538174807499	1.737193067604999	-3.8157582859250008	5.197420727615001	-1.9686727597530007	1.3675944246700737	2.317141658460422	3.990532896591357	3.984223787294278	3.7191229855362837	3.668553798170786	2.633341001610034
F2979308	-7.521557545000004	-0.150838265234	-1.186476046978502	2.2089493844099986	-0.5303132446199993	0.22332938637800007	-0.06677107622299991	1.3563924757580756	1.7651648882114135	2.0989054359620423	2.1132935807979156	1.8299680560643088	1.80633492058219	2.1567797824158417
F4094259	-8.518569155000003	0.11550077612999965	-0.27285259412500024	1.0296830443000007	-0.5835926629899998	0.35969210986250016	-1.0523247829539994	1.3536508725824157	1.9491174542654157	2.5258816560159825	2.303508176566062	1.7855058436302138	1.8740518338638288	2.248410942194657
F174912	-10.939095714999997	0.3052001265849993	-1.0123769254354988	-0.14917173585499985	1.384968226545001	-0.9570475130049991	-4.381636818461499	1.4084467511895122	2.370081712712418	2.786521988848957	2.7833730508540944	2.358573305290242	2.3311685947142617	4.1609396771760165
F363017	-11.039178665000016	-5.344270770669491	1.1363997596371502	0.8773715399799978	0.8823762032619983	0.2005407646710002	0.9623394973300028	1.4310814468000304	3.798147337420335	4.979790262722618	4.450252735197564	2.709889554513621	2.517959156376683	2.722795315672867
F258812	-11.133924154999974	-3.8550440551949943	4.968059203299995	-1.546299574965998	-3.6478242857849974	2.618394028681996	0.5186484985050009	1.4024964006992617	3.5665992470372387	3.6529492415331655	2.626529607955643	3.784005994619961	3.8897193856208747	2.8881302131492297
F4396877	-9.819393425000001	-0.37071939716499963	-2.1318998592549985	-0.36004456853499944	1.2885061889434997	-2.069528085739999	2.943595059016001	1.3197577725647682	1.8197965874807396	2.517445146905238	2.6022661674832994	2.2506605078204425	2.4687589301337867	2.746708948271291
F4406818	-10.866539244999988	2.9119616589499993	-4.402967901831996	2.357763453250001	0.2792819873700002	1.4121614446800004	-5.711798006670006	1.4426041196324364	2.434468844484715	3.9275226196345447	3.9619246587346026	2.3022950280276815	2.2535528705916	4.016224806888094
F194215	-10.092513724999991	1.5043889056250006	1.317135339059999	-1.4626077019550028	-3.103130212299996	0.7720380029400004	-0.13101204643999978	1.39498954015092	2.1145296030495953	2.5553821959545235	2.395280371885463	2.4972586731255326	2.711561464553455	2.771288973957296
F324163	-10.546478595000014	-3.857316142019996	5.590122187750004	-2.552828209835	0.05456581184500006	-0.4224514166899999	0.8909135009700001	1.3496974245597315	3.6217506092977505	3.7754402250308643	2.4360102283359044	2.623291298891612	2.5585882153868478	2.943720695831551
F347758	-10.304405365000012	0.8937978984900008	-0.43407131493500023	-1.931379143044001	-3.0961976214199933	5.488672709010001	-1.6003220822850006	1.3787225596620485	2.088386144887224	2.506426396720046	2.781571547879203	3.709711686684061	3.6760422411420364	2.7892513457396517
F214036	-9.077053195000012	-0.7515663963000002	-0.5830607883599996	0.7815577962019996	-0.6000804648974999	-0.4842985924094996	-1.7427585350150019	1.3040571477634106	1.8999903050370721	2.243098714297427	2.2117997505317732	1.9856443412030051	1.9456058352149894	2.4579157263322373
F3449122	-10.408652865000004	-0.3199634999500002	0.03131141333349998	0.064647025125	-0.7480422140400002	-0.37177509839650064	-1.1798951689099966	1.4064782533020705	2.1516585751514676	2.7999828551959838	2.704967346437253	2.294755538351557	2.518289052402588	2.8780285948172413
F144196	-8.960789580000014	0.31664809460999965	0.34212660251614996	-2.217829390535003	-2.0125190161150006	-1.98159826385	-2.725347931379994	1.365759458231398	1.92118966086157	2.46471879890243	2.418652316279087	2.5073474666107285	2.936604996695773	5.845764280193076
F4422313	-9.845548480000007	-0.8852206489434994	2.080751318260005	0.5525104718849995	-2.6519911848550026	0.08669653468299994	1.2693418835500023	1.3765427957781728	2.372686068313269	2.873436888760302	2.5557711365913156	2.3820799854892956	2.6084733794294968	2.5253725712473596
F3537197	-10.983984809999981	0.9318603767200009	-3.6829441342950013	1.8551714743795018	0.12648859555549988	-0.8538411881519498	-3.683826769145001	1.3808890288444484	2.2707672610928746	4.210649020947173	3.988023094636105	2.4554041220126983	2.702858560905128	4.74473194664283
F4399755	-7.9759175050000195	-1.6018406162399976	1.759651821114998	0.6161766844714995	-1.3481613371445016	1.0972870331675009	0.8014728266545013	1.3089205688626118	1.8182805248014375	2.140067547884472	2.133647884836024	1.8410790546693463	1.8475726587101715	2.1530157431795307
F50499	-10.774049734999997	-4.38137660842761	1.4970668345350007	2.245228759155	1.8491513398249992	-0.57549071235	-0.3286119416850002	1.4255936740833546	3.853170262008373	5.056772239114212	4.58135829422725	2.214993070271535	2.0919910359357767	2.5683945458734394
F350865	-9.795749549999993	-1.7622514656299988	3.914315078804999	-4.633215379694999	2.680912982684996	-0.4066137245000003	-0.9962680231250008	1.364168652292377	2.3988686726969166	2.5548259726002183	2.5767525906545665	2.4548977030848	2.207244059174236	2.943206998035499
F293232	-10.110236385000023	1.0614115669849993	0.6233232369499999	-0.187901371615	0.7486244795250002	-1.9060457428600022	-4.435792128484996	1.366850240013799	2.062218166205173	2.520649424044855	2.433076152247021	1.8881814187788708	2.1392163954433303	4.559727737580949
F4402903	-10.566687935000012	-0.8387268820150001	0.7078054983255008	-1.3520314154300006	-6.150229001649998	6.427022436000003	-3.771860959114996	1.4115744428458905	2.13146970140898	2.5863114778765643	2.892115838601005	3.7443999668088526	3.6914670994794054	3.0234156904386307
F4481359	-8.749971400000005	1.1990708853793004	-1.4266348268299966	1.219855702095	0.23017435231199984	-0.5485256162784998	0.020310665758500025	1.2754715706918516	1.943093505735198	2.202021079059409	2.305426346128204	1.820460935201308	1.909448378829341	2.185859715229691
F145304	-10.711993089999975	-0.36328178731250027	-1.793889219685998	1.3120657800049977	0.42834368034799974	0.3966126662979998	-0.48030553813999993	1.413525309535965	2.469621885620424	4.08541527018659	4.209992102038311	2.4573679912193995	2.4986471877554535	2.6330215842155864
F4366089	-8.373316930000005	-1.5014261349600007	-0.4810189333270003	1.174140778256	-0.7427927390119999	0.8815078883133507	0.5379680528049998	1.2929316106944997	1.8141289479495137	2.198249175054588	2.1405729516231604	1.850181938635217	1.8471183399335618	2.113918603236056
F2781880	-6.784340534999993	-0.06264218662999993	-0.9511140324200013	0.8970654948150001	-0.343277298469	0.5515711687849995	-0.2752322304649549	1.3199743777685102	1.7703061853914488	1.9844001938806883	1.9745618029312568	1.7720069120864532	1.7296164041347117	2.1223614917413465
F101400	-7.7419515750000025	0.37737427555045033	-0.457763934792	0.19380479743150003	0.4647955102110505	-0.52532146469	0.6491013361444997	1.328362165139037	1.715214468031943	2.004339944717186	2.0510131530433866	1.750771052300889	1.7857227481231173	2.1330953074277472
F4457064	-11.418184414999994	-3.0567549254065	2.505306770200003	0.6341200510949996	0.257594973148	0.6170142322499992	0.09000582650249994	1.4400010149325801	3.8637533395576207	5.346415682063671	4.32986082669904	2.5858373308027147	2.523128267680166	2.766345939441724
F4465473	-9.243615099999989	-0.483161027858001	-5.088596652894999	4.756632894249999	0.6669871675450001	-0.6060469799489995	0.6464271637549998	1.2774325789417573	1.8870135237293222	3.7887829289118984	3.7751142975969008	1.9120510603165146	2.007777587785976	2.1923943499281457
F1079866	-8.855426980000004	1.2506963266794997	-3.0234176402400013	1.3034847398049991	0.7018100455999976	-1.4864143008900004	-1.2583694290264968	1.2883219650678075	1.9700448191628035	2.3758190251205407	2.462962613893922	2.0113945426453763	2.082347879398694	2.57357562805612
F4315395	-10.916603330000003	0.8184737971139999	-5.623010286315002	2.338762448159001	0.8181652834514999	-0.8279401446100007	-4.481109931680005	1.4752690538629933	2.1484159053989096	3.8884326830584874	3.9149365589847887	2.488935892883675	2.5992968320642746	4.460697325860283
F4412540	-7.057668855000005	-1.5838547555039986	-2.409423927439999	1.6593146860500014	-0.05935452737755011	-0.29676716782000095	-0.18564918954900048	1.338355982257203	1.7828690355558783	2.2835182654601445	2.35152383783472	1.8138798156912685	2.012685344997955	2.1420797461672803
F181864	-11.268383769999994	-2.0613069714063474	1.319494704684997	3.549629376529999	0.16628133302849948	-1.1783834756949996	-0.5803545171899995	1.452560167743212	4.0663422706695345	4.879222139248928	3.890307391652355	2.193578608312925	2.352363899102053	2.8657824709845925
F3699355	-10.188456655000008	1.8661944077101025	0.8847656597549999	-4.082906834633993	-4.125271617714997	5.812083343785801	-1.303227302273502	1.3500993440748568	2.109311468392032	2.37948518782957	2.8912850025695103	3.8740102829379817	3.8359184606011216	2.715219958629143
F4328910	-10.427645614999989	-4.628681122658499	1.3759760657249993	4.372305271364999	-1.2046210299250026	2.4272021624000004	-1.6501875149249965	1.3890012477947307	3.8746313193302213	5.024206485050479	4.104448288001212	2.2389843080082965	2.2450392936584147	2.2661741016303467
F4464533	-8.757483869999994	-0.29564650114250046	1.4737556413620043	-0.04409445517999997	0.41226252465350033	-1.0388999729799981	0.027013155429999963	1.3032972763049582	1.945288605891834	2.2883351655076454	2.1223967399609265	1.7489746787728466	1.842862578172477	2.2375245441550886
F514257	-9.749177199999988	-1.5528203662600015	0.802022484305	-0.39091335766639973	0.24962184269000023	0.33700475187000084	-4.292241161595006	1.4203746789217138	2.3817919144530757	3.451931789137134	3.1433177493354387	2.6642437616319548	2.5940355656384173	4.696651154816833
F360890	-10.320392509999987	-0.5611350586849999	-2.9291975465300064	4.837171417865002	-0.2901078827049999	0.691705796903	-6.380550943422298	1.3899327277767446	2.3484196654528273	4.013680937075713	3.892035949597497	2.1351575327082815	2.101440243201024	4.527647238412289
F177593	-9.097516979999988	-1.723637885880001	-1.9673532199698969	2.0515411495225018	-0.06694849244599992	0.06987262714999987	1.3098024430199993	1.3581710544537375	1.8856494248214029	2.6390569610349983	2.4899590019855515	1.9738634491371019	2.051732575705878	2.097790855519111
F175630	-8.946457960000016	-0.674881358507999	-0.1343230518450001	-0.26842997662549944	-0.98721633723	-0.489773748095	-1.4719756302150004	1.3327076163557166	1.7359468297777283	2.1419519488491248	2.1744329678242655	1.932979555487732	2.0681578072445603	2.5632158810753443
F305398	-10.296434045000018	1.4975753065799982	3.7615488706575024	-4.029809489835001	-0.0036998813049999935	0.63969012652	-0.3914963377084999	1.3214693381582432	2.8510093513545836	2.7022673026326673	2.6031705690167875	2.5015893294424885	2.4036818881226907	2.879029090532653
F113761	-11.088180575000004	-3.9346362065049982	1.4184714652499992	1.4799479908619972	-0.4055724728295001	1.092182264202	2.304481327863507	1.384579938220333	3.765667890130005	5.019244193774434	4.466314214246311	2.6165614393244248	2.550804667626232	2.470379985991981
F194326	-10.819362405	1.1205383732250007	-3.7700891435900026	3.797132368026498	-5.706180322625004	2.340571597369997	-3.3995133962734987	1.399133300614013	1.9842672775068815	3.5687531184504446	3.5128737757610855	3.6740452128318886	3.935025356088283	4.515034024282764
F4449518	-8.793884030000005	0.8521916110835488	1.8110033168249962	-1.7535175934900045	-0.8065566814369994	-0.13037350363000033	0.08365488282000005	1.3403064198809378	2.020171948308087	2.2217611440683966	2.1279144955466776	1.9963682928287674	2.1040771057112804	2.691305516999694
F4465472	-10.459328069999998	-3.174520158299997	6.362474310150012	-2.3449517057864995	-1.0034744802399995	0.34598021094199943	0.2898497196050002	1.34598826854426	3.728374843917696	3.882284189005264	2.363463806798015	2.305310839397504	2.476872194883658	2.5020236337988284
F1885089	-8.40513057	-0.8931263085849998	0.9130582775150006	-1.0299256544443003	0.634010222100001	0.16679907471799998	-0.684039261208999	1.347617675308643	1.7880110525619957	2.0860869488809204	2.0211351041578745	1.7771079223661013	1.8259892610034143	2.0940515835092564
F227697	-11.523160254999999	-0.6668869980599995	0.16013264508000002	-6.273450535694998	0.21921287876	-0.5341419530999996	1.0160105445734995	1.5132577816960606	2.3229011583325687	2.700021153020309	4.033479236432192	4.840132866816383	5.12610970756322	5.649485520534583
F528752	-11.164015529999988	-3.5073760690950024	2.991775315339997	1.9368203403899997	-0.07647117835999998	-0.20227864121499997	-0.05074444174499996	1.466506073513001	3.8912998986078358	5.284575768561839	4.520007578481192	2.442110679254777	2.4259862660168814	2.67267592629281
F329668	-10.679134495	-0.2420940215028999	-3.006201564301502	2.7153669282999964	-1.14508712276	-0.43253021142700127	-2.374250640720001	1.428705208796463	2.0685956500645	3.9543310663165605	3.974435619709687	2.362510740746	2.704439601939858	4.942074397606915
F114730	-10.233300665000003	1.355250325345001	-4.6430939501	2.507727456363495	1.5438624911280001	-1.1501764864074986	1.0190114808399995	1.366188021467947	2.1323102240112495	4.011453892420068	4.01903321201477	2.1284852350595536	2.093715870271471	2.3013151169787744
F3369303	-10.964398164999983	0.859729040198499	-5.586072804009987	2.480496955644997	0.7542744948064991	-0.7198878621899998	-4.244063438904991	1.3898433202815639	2.0204245546710697	3.7392293900605447	3.712473911468703	2.4434698582776404	2.491993490919699	4.225131716194346
F4403863	-8.787933325000015	0.1565577376750001	-1.1733525446049968	-0.8210499146800017	-0.5364085412344999	0.9141554796920004	0.6973946816900022	1.3458313916759763	1.7758798224839631	2.066535051584851	2.0604953429215844	2.1080756521211	2.1737917264351294	2.5307029022029157
F4315782	-11.746855239999983	0.6373539548159988	0.42347847842000025	-6.266198074555	0.1410031932800005	-0.5795799078999997	0.9972902147949985	1.493968284060826	2.206807336227515	2.561937580143333	4.047370222801358	4.938935702253621	5.245926428766428	5.763334317282535
F4395774	-9.642494894999995	-0.8942129705499983	-5.238053879360001	4.84147033047499	-1.1427800359699984	1.4564155687249987	-3.4532805101429984	1.3820699752933232	1.7885535710072444	3.759921070626924	3.8398555195227915	2.1859465582947357	2.0604703638460045	2.516849000337268
F4464173	-5.512708228499999	-0.8152389839450014	-0.15364391149000006	0.7224645479149994	-1.1272946556450003	0.9323488285324987	-1.1269851684349987	1.3805682344149433	1.733770903132253	2.052419704106299	2.0501233153943637	1.76954374532286	1.8055173790774992	2.124797439159276
F4480244	-10.267736909999995	-2.272146270584998	-2.513754441596497	4.142470693024999	0.2850852842850002	-0.5948683123685494	-6.1520572552	1.4069380724461011	2.26523022707721	3.979822003967089	3.687379037899416	2.004156004129219	2.168439073714189	4.473890480692918
F4155395	-8.927616465000005	-0.8802318344360001	3.3802349720199993	-1.7462289225900016	-0.31824807433999946	1.1057466662319977	0.7526197057459986	1.3487654175205384	2.2751257774404032	2.8279445222614754	2.4663212114600577	2.0400606923423634	1.982234307173798	2.3723190305392503
F4234212	-10.191326864999999	-0.2509578383000003	-0.8795367422740001	0.4565303924455005	-0.817107133225499	0.3086126893400002	1.9044080634000002	1.3515915747954066	2.244336868073551	2.719273987226791	2.5503584339812657	2.4144041712289925	2.416564310817418	2.7446992591833794
F4416570	-6.276264819999984	-0.15479639261849987	0.5838382311599994	-0.20743765185	0.01309661955399996	-0.33986810002199963	0.023118092174999973	1.2960627941389131	1.6158254857122885	2.035962412721508	1.974012394572285	1.7426664200919415	1.8530497194348754	2.1678073733935115
F4331360	-8.94789693999999	0.7646402079000011	1.4190160292199998	-0.21304182924999981	0.08391453692999987	-1.2051468333400002	-1.1399201290399994	1.3569330780388307	2.1094416249036865	2.041121193725328	2.022770919021789	1.8616193377134242	1.927891914110195	2.517522488150728
F196769	-7.208580909999994	-2.4048322945050025	0.23417937472499994	0.10095722844499991	-0.7960108337614985	1.2445789367624989	1.342396845825	1.2977049739258422	1.7273888584139179	2.0871401394145983	2.2975011433819827	1.8985261879564816	1.7822212352586488	2.061439921914399
F354849	-10.855754724999997	2.49609150142	-0.3977102963349999	-0.507525224659	-0.8529693222099998	-1.2070793454199993	-3.551502342262503	1.4169563421669784	2.292973622557772	2.3990270384420174	2.4605894924836513	2.3048758832198337	2.639301943997619	4.71994415143546
F130663	-10.616476469999984	0.9819344037414504	4.405795439875002	-2.783645431244999	-4.415352070164997	4.697331512745005	0.5469007441149997	1.4069834825836942	2.789566851437743	3.063166889630568	2.5756150750669744	3.8079663234990107	3.7090968386434704	2.6130466663320777
F180285	-8.42160094000001	-0.2502778833654999	2.528066312813004	-0.9095695605449984	-1.5914112976999988	0.2950044187649996	1.0744546032950002	1.3094164852589936	1.975640608980803	2.2946944932436373	2.107249899130977	1.974584486150547	1.9457505146134886	2.3613449692972304
F188023	-9.658857975000004	-2.660839179590002	2.7086342142145043	-1.3834136447399976	0.02338215966699992	-1.6086833702399994	2.0240248803500025	1.3438363396613995	2.28950928068679	2.769226913203454	2.348215181735087	2.0738809461382433	2.26633421560298	2.3380446574779064
F4347348	-9.191398735000003	-0.8673944516009997	-2.241093939239495	-0.9999498750500017	-0.6343280634150001	-0.8147165533110003	0.7930657771400007	1.4031848297751253	1.8637323261530916	2.2127515863838374	2.386137467579091	2.437914743049466	2.4515689328550145	2.7843902270944425
F3232988	-11.080324699999993	-2.2874848062649997	-1.2071012349718488	1.5910764700100009	-4.717996615445	5.786488286365004	-6.726544574649997	1.447312800703465	2.415864921487616	4.21627642067931	4.264766480788763	3.635489893857158	3.720654743399408	4.277658342740141
F112720	-10.454974239999995	-0.16170846167000053	-0.32901446466999973	-0.9173044817689995	-1.661889083749998	1.2689885434049997	-1.7679176702050003	1.3692672763422493	2.174064510088183	2.6787563491898077	2.9720882262433	2.4996057752326113	2.531735762683342	2.876240047417876
F2724175	-8.798390955000013	-0.47136806441650103	1.45085405857	-1.558148896855001	-1.22723617565	1.6618165428047522	1.3021728024150034	1.2879281878596476	1.8690995072195977	2.277230349424719	2.1551283805950905	1.9890990787607337	2.07875876109582	2.1691009248483346
F195061	-10.743626455000014	0.16081026527649986	-3.7996787393755045	1.8044413794764993	0.11115398316950015	-0.12621980800500004	0.03617685451599995	1.4517015926061339	2.123108168167582	3.8540067967035703	4.032427639510143	2.462139036008966	2.6203035684997134	2.7162788263577418
F182044	-11.129828664999996	-4.925658859595003	2.202336791991402	1.7819751758150009	-1.6092824470549987	2.1138038022049974	-2.3966505293700004	1.4283891107073967	3.823987531100905	5.214641134836977	4.5199641168377	2.5785598748275635	2.6540149346515878	2.9166508992937477
F15728	-9.034261579999992	-0.5501877354100014	-3.09023687008	2.955876282634997	-0.7875939600550007	1.1642087999999997	-3.834930379600004	1.3088555725544375	1.85721248053326	2.4821829331369187	2.5654866051920866	2.051281483139896	1.9855468853154419	2.401820191504886
F4381054	-10.955009725000007	-4.535543626389988	1.283415527969999	3.3515699604165485	-1.4635567512170016	0.19378859895500034	0.047488462284999915	1.4432975704209707	3.787826728974814	4.934442171364621	4.0883793832023905	2.3260255034457766	2.6707814769466443	2.6798196903208624
F161343	-11.652168379999994	-1.975597696675	1.9746223273100032	2.6073346663610018	-1.565234476938998	0.9834634959210011	-4.779202445820005	1.4113764032146336	3.895260573074217	4.899460327318152	3.988260902566481	2.4568443875324806	2.6704165100819828	4.344611098493516
F2689396	-8.344164135000003	-3.6615716603955013	-0.7803389758250003	3.791464910305004	-0.3144054293050002	1.9478195715349003	-4.666754049854009	1.3315829403007724	2.279845448035208	2.9433043839369204	2.838372905530227	2.09909797592292	1.996092329760301	2.6361698838968226
F2506486	-8.731012055000019	-1.054474299635002	1.233324986265	-0.3705757697599998	-0.6272564248660003	1.1331582490449992	-1.1380203887500013	1.370196711705413	1.9284470858871705	2.0262665987619384	2.0784595773204106	1.8676920261267633	1.8326620609367938	2.288203324108183
F1790398	-10.73842039000001	0.4953542554942002	1.5069456195500008	-0.026068819873149997	-1.9626004158675001	2.6042751595930014	-6.266054620539007	1.4193421793963732	2.600476156270486	2.947692533336738	2.8192105692110707	2.3374449618916375	2.3831315915756948	4.178272017056752
F3150250	-10.35881282	-0.9529655407350016	-2.702519135620004	3.9474787726349967	1.0308387947020003	-2.1696375986499983	2.2877973046549993	1.4071532141559964	2.4455238488065594	4.080193740319781	3.9321450965571874	2.019839849596953	2.281828709115355	2.323683258815571
F672431	-8.610700995000004	1.0948048411154996	0.7008742782458998	-1.5540833506599991	1.0355534445549994	0.23461778970900027	0.7212912625299999	1.2986068420971222	1.982525387663916	2.3612153228809087	2.2827513704916904	1.9596066916508321	1.9747719578750302	2.101321843684115
F195998	-11.095602744999999	-0.9184588799299988	-2.9451288914899925	3.359736467915001	-0.30888140019499954	-1.1224219077250004	-3.771657505614993	1.422787131724038	2.32353161175956	3.7864700891469307	3.76557682020959	2.284295613593872	2.601758405717484	4.5113254558087705
F98332	-11.132555824999999	3.016038995820001	-2.6380599752999987	2.066091591778	-0.1866273995895	-1.7958237252150013	-0.7237467538849993	1.3743922211895772	2.654163754243064	4.074048790934411	3.8850510867614885	2.4456443981080325	2.7227356442513737	5.003160723816603
F4476604	-8.166269770000005	-1.8766615637904969	3.276872281429994	-0.6128614527285005	0.5031537744549993	-1.1163144345800027	1.6021299851800028	1.3401911786701735	2.138315162796787	2.3183850426333685	2.190577032597171	1.8582884754097198	1.7834130798238177	2.2003843702105383
F211720	-11.039963379999989	-1.66996611132	0.6512066582550017	-8.567903151200012	-0.003131184344999969	-0.3701124008499999	0.5686752438600008	1.4774501920287777	2.3928783034282692	2.9057772204014083	3.986089280576054	5.087760804868837	5.564454113296329	6.157539168770814
F180421	-8.820347374999995	0.08216735969999989	-1.1822096655775025	1.5596311479650007	-1.8571875777404985	1.6926993529149974	-1.4140456807710005	1.337680931442979	1.8455972985915952	2.3659464319264303	2.4166748484925704	2.0560477053714683	2.017829377475002	2.3659162652003247
F180615	-10.801585400000006	1.7223512111854986	1.420103534921503	-3.6900914034849963	2.6475100168549983	-0.24017819654000022	-5.515836574599998	1.4501144030554771	2.5075516501967794	2.571033751880641	2.824131227074449	2.4784138652956402	2.2991706547070505	4.364035140491378
F328617	-6.493571555500023	-0.636823297989498	-0.9644695037090003	1.2024744546564992	0.7962815259927996	-0.99068773188	-1.2668555358099995	1.3406825685514816	1.7286249566891982	2.093123732534456	1.979300980057614	1.8388695247109739	1.6857065858386566	2.1016623152015566
F3856408	-7.0563096000000165	0.0760739870724999	0.4197821511489997	-1.0831885438832978	0.1873817656410002	0.5442694845549992	-1.025823597995	1.3097243613975198	1.6962487266752178	1.9787212312275266	1.9859807036021586	1.73164217528412	1.7155020312986182	2.150386360608497
F4457296	-9.109507575000007	-0.08764715259150001	1.1791010000485003	-1.3521621336649987	-0.3277104812599998	-1.36748646317	0.775833225044002	1.3097176507772845	1.825716066678318	2.1484195037188116	2.1108500675903845	1.9013345319321373	2.097206077734628	2.695761031463609
F4429239	-10.67175244000002	0.9977428383515012	-0.8277979028950008	-2.5037411050949974	0.2531850217029999	1.768365918775002	-5.612506289740013	1.4078340770544824	1.873607067318109	2.3794337369581218	2.5194031978674287	2.6458072387639637	2.481546401540452	4.271918941947871
F4437814	-4.731525465000016	-0.30139819953650065	-1.2496672130949984	1.0432813164454993	0.8942533470040016	-0.9060308746029498	-1.4814888830350013	1.2906877544957893	1.7278034586032676	2.0787757133614253	2.0643021392264718	1.6825266314105078	1.7695636811136013	2.12524946136191
F326337	-10.560986429999964	1.370448525936997	-4.1012674598680015	3.3273303912199967	0.7042834679349994	-0.7285466880299998	0.27965626893499984	1.4182939439621998	2.245685798136947	3.963147261449729	3.9698252525401503	2.1666590663370036	2.20326673264567	2.508698628588381
F4371786	-8.62500295499999	-1.611913289011051	-3.2563960726549985	-2.3167075364250027	0.6673454471644995	-0.7211591744900002	-1.6664824092850021	1.376675242891844	1.809983006251267	2.4761324793500967	2.4867197147632583	2.5410263795808556	2.6834937831251504	2.8529155689819503
F326113	-8.968364209999995	0.09826699358629998	-1.2103012988549982	1.1306060985900024	0.09575070021290023	-0.2676943476000001	-0.19004187149324991	1.2974253429029259	1.8776087951379208	2.407734597586512	2.3413512335120723	1.8810843156029196	1.8648861233657326	2.2637248178539005
F4455609	-10.766923079999998	0.26487403316499947	0.7814254826074996	-0.15849362598000005	1.458322489935	0.9497970401249981	-2.1683985757400013	1.4182736633594417	2.8108408961552187	2.936062514715205	2.7044124945437953	2.3141593011327424	2.26751256686613	2.6413087841346155
F328207	-10.485992944999985	-3.659515719649995	4.968712573020003	-0.8896855218674996	0.7417843991300013	-0.7103327858100024	-0.31652073333040026	1.3959609383734473	3.7009571065431253	3.890743390723411	2.498483760131734	2.2656494704132677	2.2146148786414126	2.5273342927439444
F4373641	-9.98537160000001	-1.3345752763750014	3.5634143592400003	-1.926034821591502	-2.029669987440502	-0.16243569850849987	1.5920795915849988	1.339833394650334	2.2495075020198514	2.426230241704006	2.14657427833263	2.271669092726795	2.5914631375643435	2.7897472841379023
F4429340	-10.240668630000007	-1.7885714748070036	-3.583085112669999	2.3722684446450035	-1.4917036067574994	-0.46622806968499964	-5.63066019232751	1.3185954270461515	1.892110924819959	2.7386872323749425	2.709700736043011	2.4383851025411607	2.5873062474730637	4.4882215757106945
F4484111	-6.104704769999998	0.1877735097750005	0.6693062404149991	-0.7314632700850016	0.3227029796304992	-0.8071606054704988	0.1714129421485004	1.3096945413459375	1.6452483992098046	1.96841026508418	1.8930918339314158	1.7250503797401653	1.7047853046890464	2.0869728651701798
F4481131	-6.708969930000005	0.7856218627675495	1.384667149845002	-0.8391945718555455	-1.2677625297740007	1.0682150049264982	-1.637353666665001	1.2773461283840788	1.8772027392467479	2.2926969221618196	2.2267470051902327	1.860886943192545	1.829411233183911	2.3206750221863697
F4453318	-10.442629634999975	-3.4221278480100046	5.634172703579995	-1.9056115330749974	1.5677204368199993	-2.607124565240001	-1.0037333700350006	1.361959893047704	3.559750396409974	3.9800049429882325	2.7260987310893006	2.4268941412012013	2.464814072460828	2.9170742096111844
F207994	-10.319825800000011	-6.308351563910001	1.1734266824199964	5.259344124250005	-2.6010477950500053	1.7450479051149996	-1.1235738918995	1.439787928190835	3.807447000102275	4.971727533293557	4.061938457615935	2.2164085926832193	2.3930068196484293	2.7110906463302835
F513445	-8.281338455000013	-0.7092598925129998	0.5346472715600001	0.7388386499240001	0.18889546371400037	-0.3459501138545004	1.0028929934650006	1.363969350292727	1.8265685766498745	2.2918769588778267	2.1521221365276726	1.8028206088280476	1.8541760413207877	2.2640929835724464
F183043	-10.720062025000002	0.9652404689625007	-2.0748577204250003	3.072747892752999	-2.009537349825	1.7213000200749984	-4.032398989514998	1.3586398710044363	2.428004855609515	4.166483751622268	4.021657524813355	2.446169245100494	2.4252179890233405	4.475269368014414
F4458634	-6.318163899999999	-0.16423191003800008	0.6513471253850004	-0.35361567746000006	-0.09270044852500005	-0.4005711217040007	-0.16080963760500028	1.3315449021003347	1.6796057606969645	1.9967155259072644	1.9489829236792082	1.7882123233010032	1.7566572937166154	2.120990965110922
F1105211	-11.402962380000005	-2.7443959042375003	2.613858714125	1.5189193951449995	0.6996889435835004	-1.1400166149450015	-0.3299827031999997	1.4772626331341157	4.021913027116288	5.250030289933607	4.625017505860545	2.4183870479600444	2.4927147540762102	2.8668607618690527
F111771	-10.986760644999983	1.5832340016649953	0.36593467899999954	-2.506434377720003	0.8230773380649983	-5.676033825100004	-0.09200431244499994	1.4257641867877495	2.128196295474662	2.6129018283290586	2.5261766372790615	2.354699459488416	3.9912668886500033	5.567920754815359
F4478815	-5.484092654999994	-0.09855266750500002	0.8328409222266497	-0.5936570836802003	0.13864017491500003	-0.3780208409650004	0.4494392293299992	1.294722617707785	1.7136593548961063	1.9016250494441942	1.9777479695003952	1.6869710714470445	1.7090814901745572	2.035159877177456
F4366391	-8.614367899999994	-2.277244654160009	0.9521694534850002	0.7020497398730005	0.46636355447999955	-0.3106744221168992	1.1060431404290012	1.3568230692536478	1.947354508591281	2.335780980844957	2.1181206956138685	1.8533223263968848	1.8427198574879116	2.135146575735764
F364179	-9.543313229999983	-2.5056071633699983	1.039785625135	0.9790389564149987	-2.2655463533899973	1.1985168891100009	1.487789320469502	1.3418110399348966	2.1054569555115665	2.496030843749914	2.324211363383377	2.1885165277594654	2.2627332108621796	2.205742009949217
F187038	-8.543323075000002	0.2572038581134999	0.5411522750099995	0.31473066562500013	-0.2907189955449999	0.2197306124550001	-2.09059646678	1.3449146936720169	1.796158244120283	2.087629847870288	1.997009541877748	1.8536370679868313	1.7219053614966664	2.455364014264593
F178385	-11.043526694999999	2.2797089137400017	-3.0968972409799984	3.464166435464997	-1.1905493087135028	-1.0337021267400013	-1.3592895694149993	1.4007463372442996	2.495717909888075	3.962219819926366	3.9312764615218785	2.4432151831742654	2.6429825345778135	4.97715192509783
F609589	-8.979167879999972	1.7063492477449995	2.7415352048100017	-5.423547929400004	-1.405815620440503	-1.6599256488099987	-2.8475119030249947	1.423181020167712	2.0737634345108393	2.3726968130418498	2.278494389949034	2.5172840368879545	2.951435799106252	6.043352106230283
F4331760	-7.393881459999987	-1.196044466984998	1.8721381317100039	-1.0819856148899984	-0.1868318775709999	0.8577415475430006	-0.22768706288649992	1.292772719009212	1.8012206108408064	2.0831883242683364	2.023078401346564	1.8374959600059817	1.7164549853307465	2.0835290392509225
F4464065	-8.272439450000011	-1.347115803125999	-5.695789469416495	6.80176735488	0.2812025747075001	-0.6328601941154991	-0.7378812621850007	1.3336242032961905	1.8360490231730813	4.032384221296218	4.008389614606869	1.911819112728015	1.8797711878128918	2.165973640315885
F4301298	-10.591636374999988	-6.380486942135001	4.160086462449995	2.9275275788800053	-1.1182048827849993	1.4529488457299986	-0.7634189970000007	1.4600279700813303	3.783748846222952	5.60218584124851	4.903193402487215	2.464428461559147	2.554387703590376	2.7022893097130076
F518613	-10.399970244999956	-1.7734688905549987	2.1164542641699984	-1.153768940389999	0.5989602398700009	-2.779071350175003	0.5429266148990003	1.3205736176651752	2.365448341028587	3.0993646461049926	2.792669212362587	2.3845022146923442	2.585873534464698	3.1379093419263304
F26704	-11.356884155000003	-0.07976429093250004	1.713455977659998	-3.3437626181350075	-3.283450715537	-1.3411118313499988	0.9076814973499994	1.5066625499524722	2.2267998853067246	2.6307395627600756	2.5644290754552506	4.058042368138739	5.079796408899508	6.0992037315919285
F569244	-9.18453443999999	-1.0751361176524987	-3.0954571954450003	-1.3356791188265011	0.6666677473649987	-1.014623754426449	-9.041362896800004	1.403815195899156	1.9749826447653855	2.502690955596303	2.4205266613788923	2.33918984038836	2.4546143894255525	4.658017956373853
F526682	-11.539209304999993	0.9062168678749993	-2.873662842975001	2.8152405200724986	-2.3233151561600005	3.6937112074150056	-3.6150878227144996	1.411748878088616	2.579808288027239	3.7749040496311985	3.745815079506286	3.698061838122837	3.694163007982543	4.3236003085904136
F664135	-10.910245865	1.300078494457251	-2.148415393850002	2.1814416994250014	1.3555300192029975	-0.0010489726550000121	-6.127480532664989	1.3759779299391222	2.6929910486991755	3.9067187803414725	3.862573313419	2.1112878346898207	2.066463536902981	4.296863609168999
F4326869	-9.49575402999998	-1.7289354482650072	1.6355910107549994	0.13296845473000007	0.27529825061599905	-1.691832495699998	0.5231643203150006	1.328454785727449	2.205148627326949	2.2818766465366145	2.0942231793198243	1.9911118157301781	2.086553347943329	2.182864384088807
F3291730	-10.440428504999995	-0.6241753730599997	0.7567008025549997	-0.9530081461954996	0.26263442182999974	-0.9213444152600003	-5.547360610081492	1.429224091294159	2.2352414475362683	2.6804255503346983	2.61535577803327	2.314171000113613	2.569162833419142	4.352342522574103
F182771	-9.836652649999978	0.34425304066755025	0.5078874541829999	0.8533020058114996	-1.5847139747955004	1.4667969634689957	-1.4283243239149985	1.3766651487402362	2.1684179785019557	2.801615182089787	2.5833559386430687	2.1899155109689907	2.1118835102207756	2.6818921311892407
F269386	-7.363890640000007	1.067935575002502	2.0583120031399997	-4.934847971465016	0.39268897802499975	1.0702489957554995	-4.622551713880004	1.385465241910237	2.135934710866217	2.5342064246649696	2.3581818216286177	2.25016628763253	2.301481004747443	3.1078135049816544
F353782	-10.814914675000002	-5.19043745574999	0.5455598877680002	4.043623681178005	-1.9408469601649998	1.7214208584749984	-1.765943715319999	1.408305719438927	3.7193857001124604	4.999169249430109	4.003527092117449	2.3537496468054604	2.4488714045502946	2.6406917395671012
F72481	-10.120349504999986	-0.11138994031000021	-3.934402179355005	3.5714059936299987	2.677616257835005	-3.9436375286850036	1.9605099249649944	1.3961294752786735	2.1186889447705295	3.900797898613878	3.8603583149306386	2.028584053461184	2.1891234306325797	2.589573200860366
F187180	-10.406012144999984	0.5878038118999999	-3.743901521764996	3.443598146825005	-1.9087836256849988	-0.34957875862999993	-0.10503500181500018	1.4268035973261173	1.9959265342605628	4.02811622972757	4.023109309631741	2.280021632717015	2.6284959647474526	2.998747157909043
F828333	-7.243340004999992	-0.5764489530949998	2.5536807433250033	-0.905778974771	-1.5704608943065	0.13909846293699962	-1.3851148452919977	1.340940132265885	1.8315683889784884	2.0184416631604507	2.032919643889526	1.8062141286605737	1.7641562083911853	2.19911731484885
F187401	-9.126736615000011	0.8681610969095007	-0.09210354524800009	-0.7860177558724992	-1.1642197410049973	-0.8592976006999992	-5.756896720944988	1.3757276771275604	1.8672099345488635	2.06957903203535	2.0490999249426256	1.933540869668546	2.0411989503267787	4.653249617289176
F918313	-9.123364145	2.180236674944996	1.5166717618749994	-5.163507120903497	-0.7559407014999998	-1.0856225042150016	-2.46459404502	1.416442172279887	2.042828867710265	2.4320893430288755	2.4879878565978872	2.533062336800489	2.8475615217048977	5.612330741157278
F331253	-9.987540029999987	-1.4588650330490998	-2.5562721897099925	4.348408450385001	-0.44580810552999994	-2.4434694201700013	2.442481077608494	1.3650981848370831	2.174417059247938	4.227944964257805	4.008806989152027	1.956646664906997	2.386739626359419	3.107552915064532
F586453	-11.294143479999999	0.44193712986500033	3.3390659449844993	-1.5962706601500023	-4.389581773505005	3.0800109451949966	-4.014427511339997	1.470842802663387	2.7028799843923754	3.053262043605064	2.7177033377174165	3.5845226960248713	3.7083004248759663	4.551704248506419
F4472399	-6.409102684999997	-0.26503718076950006	0.6214598351049992	-0.3372998207250005	0.38142403004799963	-0.6381895969789995	0.5102318924360004	1.3094038722641854	1.7121345909473573	1.949738638618826	1.9796981947144907	1.749771525495117	1.6538858281867155	2.0645625556022322
F2423305	-11.082194624999994	-3.419835022035	2.210420103299999	3.171388729190002	-2.437393634060002	1.8300382210449986	-0.2270283490949997	1.456151335636741	3.8067068883291233	5.248572421373288	4.350035483690284	2.485431960426209	2.669012541368144	2.624466598271835
F180450	-8.223536644999998	-1.5933741531700052	0.2911751405344999	-1.231365672660002	0.6432479050384994	-0.35631377712000023	-1.680759366939999	1.3096836082495253	1.886835994814638	2.310563639444891	2.4471780096536095	2.081656662886199	2.070512249723208	2.225424239264545
F49854	-10.366382285000007	-4.1567216803300004	4.709013245969999	0.04957525305999987	-1.6090692934730002	0.7906671178644997	-0.48034236008500003	1.3286604301769251	3.5859686788513154	3.8005191336318447	2.402427819723723	2.279851099722672	2.4620900557908207	2.9201067461829155
F308057	-9.43064809499999	-0.7074913807119998	0.751322466227	-0.2773689726175	0.020352795465000004	-0.6865485067235011	-1.348118046295001	1.365017785370477	1.986094695198577	2.3965929612729067	2.325064168714263	1.9843767482991987	2.2063656743968814	2.8708285041983457
F4472202	-6.607689585000005	-0.27143380131849976	0.7804845188834999	-0.5880568372700011	-0.20470169958250004	0.08581061559864978	0.3499082979705001	1.354977935106169	1.716023356793553	1.9428388420401421	1.9569823170276641	1.7209992918735924	1.7755887786643658	2.0676128507973877
F4355436	-10.2110287	1.9608690730299996	0.648138245443	-1.0637729471179997	0.5534103498600002	-1.3382497447450012	-4.443974978354499	1.411290207499475	2.2240789300787016	2.2971161521991807	2.1554277054757542	2.0099350701086296	2.1285097629185645	4.544182297817195
F4474217	-9.650491359999995	1.2000735374319995	0.2950337419649998	1.0550034061649984	-1.2093701236899996	-0.28101364912000004	2.0277538243999995	1.3043294038947957	2.2189001573600753	2.584479126358723	2.453972985902356	2.0868268990412755	2.21508068340912	2.4317383490277136
F1980945	-9.438630810000003	-1.3254365597299986	0.1477327194300002	1.226019521686502	-1.1211151908350006	0.34913742330499975	-2.3771011127904984	1.3329559737292316	2.1415002312499856	2.6356435246983714	2.606737991269734	2.164757106827509	2.302064846600741	2.4682314738873488
F359445	-11.38362411500002	1.0246867460750009	-3.78776727333	1.9706768193235005	-4.371695640695012	4.8075893151099995	-5.290249378510007	1.4168902509382368	2.1800707444490137	3.855715256199313	4.065680812856415	3.6253018699690567	3.632255297919822	4.306079147877444
F288318	-8.214211595000016	0.5521343897350002	0.18650241831750008	-0.3345054376410001	-0.8104973899249996	0.9175456850079996	-0.37915883114049986	1.297706933210309	1.7935130963083945	2.0409114838675353	2.0547847688090495	1.9380297794162002	1.8700758987415904	2.0742435260934644
F174738	-11.040094435000018	-4.1638066772819995	1.4516128915387996	3.7321027896450016	-0.5084624755849998	-0.46503748803899964	-4.711773654449993	1.4236981532816502	3.8197141270901183	5.167669162484482	4.087157666567985	2.1025482752768654	2.2562435505612997	4.144767325154858
F16766	-10.237613515000001	-0.4335604742550002	1.799601574488903	0.7129202546599992	-2.0129922183250986	-0.4486764426299999	1.1538423085100025	1.3554053473148893	2.461447600595005	2.7607867805982855	2.353727319330859	2.2017692821456776	2.4928360294372025	2.7554327433561867
F195494	-9.599370460000006	-1.220590044064998	-4.980487328685307	4.642798675335012	-0.12817825521	1.3740841582200019	-2.307887209594998	1.3479744943555096	1.9220442506809576	3.8442258711844004	3.7915454685780987	2.012737592317959	2.071749108821801	2.4964657326578896
F3021821	-10.060917210000014	0.6931519036950001	1.5720892791350012	-0.7583810726824999	0.6768535681250006	-2.7862305364999993	-0.6075035463700005	1.414408613023555	2.2431473119445204	2.476253151996463	2.362336049140919	2.0067023508620516	2.357927787749833	2.898338486960894
F1110253	-7.515069274999999	0.3877518655945003	-0.6490805266499999	-0.14037751121650013	-1.6558661089039994	0.3535895574849999	-0.6559315886850109	1.3311111845734087	1.7225336797155013	2.090190412966665	2.019414241093711	1.8808208514543379	1.9067740590484645	2.425576852607143
F4480176	-11.621134859999971	-0.6095297343610001	-0.09646814485499995	-5.607687945609999	0.035596544584999945	-0.46320312875000064	0.6202016380850003	1.4714530503710197	2.1812174211839683	2.609108548032367	3.9087541449557306	4.906028273941088	5.129807354453419	5.383096692191663
F4089776	-8.304404615000001	0.739083497380001	0.11000809293700003	-1.1419294865050011	0.18807207056899994	-0.3415017146350001	0.009977540500999934	1.3122821446128314	1.7702634023220163	2.193750672268477	2.1276457722793123	1.8080421856136923	1.9186206105750618	2.158654264499859
F182118	-9.989329669999986	0.5586833151849995	0.7316306955449994	-0.5111020370700001	1.3528645974149982	-2.9260295160549994	-0.8678735941514996	1.3171863501928995	2.112400777470201	2.5221590774355263	2.4437097940195884	1.901227064539117	2.2724100049895477	2.8744016846492966
F4404461	-9.736650514999994	0.36454281673999944	-1.6714848727150025	-1.4573617440900015	-0.8277321940149991	1.2500110824799968	-0.5175275403139998	1.357370182900444	1.8987030680779742	2.464806681105372	2.6194975601729733	2.5304113516316487	2.5333871974409568	2.6396735651141596
F178991	-9.450284614999994	-1.0324081363400026	0.07331709002499998	0.7971852210400001	1.0553842971554992	-3.5747438495804995	1.9415062445100035	1.371106063026434	2.0415895278546277	2.757859845961341	2.6220816163001706	1.8715850906335751	2.3511505110982287	2.6853211913766075
F190705	-10.373528250000014	-1.5162644318750007	5.810371388189997	-0.6769145767499989	-0.7879852199660018	1.2309305630309986	1.334676166269999	1.346701363005042	4.031606831862657	4.12693206324487	2.555015444339777	2.3686938676960407	2.2537148329616574	2.3194967464882197
