Feature	494.D_Intercept_mean	494.D_C(antibiotic, Diff, levels=['preCp', 'FirstCp', 'FirstWPC', 'Interim', 'SecondCp', 'SecondWPC', 'PostCp'])[D.preCp]_mean	494.D_C(antibiotic, Diff, levels=['preCp', 'FirstCp', 'FirstWPC', 'Interim', 'SecondCp', 'SecondWPC', 'PostCp'])[D.FirstCp]_mean	494.D_C(antibiotic, Diff, levels=['preCp', 'FirstCp', 'FirstWPC', 'Interim', 'SecondCp', 'SecondWPC', 'PostCp'])[D.FirstWPC]_mean	494.D_C(antibiotic, Diff, levels=['preCp', 'FirstCp', 'FirstWPC', 'Interim', 'SecondCp', 'SecondWPC', 'PostCp'])[D.Interim]_mean	494.D_C(antibiotic, Diff, levels=['preCp', 'FirstCp', 'FirstWPC', 'Interim', 'SecondCp', 'SecondWPC', 'PostCp'])[D.SecondCp]_mean	494.D_C(antibiotic, Diff, levels=['preCp', 'FirstCp', 'FirstWPC', 'Interim', 'SecondCp', 'SecondWPC', 'PostCp'])[D.SecondWPC]_mean	494.E_Intercept_mean	494.E_C(antibiotic, Diff, levels=['preCp', 'FirstCp', 'FirstWPC', 'Interim', 'SecondCp', 'SecondWPC', 'PostCp'])[D.preCp]_mean	494.E_C(antibiotic, Diff, levels=['preCp', 'FirstCp', 'FirstWPC', 'Interim', 'SecondCp', 'SecondWPC', 'PostCp'])[D.FirstCp]_mean	494.E_C(antibiotic, Diff, levels=['preCp', 'FirstCp', 'FirstWPC', 'Interim', 'SecondCp', 'SecondWPC', 'PostCp'])[D.FirstWPC]_mean	494.E_C(antibiotic, Diff, levels=['preCp', 'FirstCp', 'FirstWPC', 'Interim', 'SecondCp', 'SecondWPC', 'PostCp'])[D.Interim]_mean	494.E_C(antibiotic, Diff, levels=['preCp', 'FirstCp', 'FirstWPC', 'Interim', 'SecondCp', 'SecondWPC', 'PostCp'])[D.SecondCp]_mean	494.E_C(antibiotic, Diff, levels=['preCp', 'FirstCp', 'FirstWPC', 'Interim', 'SecondCp', 'SecondWPC', 'PostCp'])[D.SecondWPC]_mean	494.F_Intercept_mean	494.F_C(antibiotic, Diff, levels=['preCp', 'FirstCp', 'FirstWPC', 'Interim', 'SecondCp', 'SecondWPC', 'PostCp'])[D.preCp]_mean	494.F_C(antibiotic, Diff, levels=['preCp', 'FirstCp', 'FirstWPC', 'Interim', 'SecondCp', 'SecondWPC', 'PostCp'])[D.FirstCp]_mean	494.F_C(antibiotic, Diff, levels=['preCp', 'FirstCp', 'FirstWPC', 'Interim', 'SecondCp', 'SecondWPC', 'PostCp'])[D.FirstWPC]_mean	494.F_C(antibiotic, Diff, levels=['preCp', 'FirstCp', 'FirstWPC', 'Interim', 'SecondCp', 'SecondWPC', 'PostCp'])[D.Interim]_mean	494.F_C(antibiotic, Diff, levels=['preCp', 'FirstCp', 'FirstWPC', 'Interim', 'SecondCp', 'SecondWPC', 'PostCp'])[D.SecondCp]_mean	494.F_C(antibiotic, Diff, levels=['preCp', 'FirstCp', 'FirstWPC', 'Interim', 'SecondCp', 'SecondWPC', 'PostCp'])[D.SecondWPC]_mean	494.D_Intercept_std	494.D_C(antibiotic, Diff, levels=['preCp', 'FirstCp', 'FirstWPC', 'Interim', 'SecondCp', 'SecondWPC', 'PostCp'])[D.preCp]_std	494.D_C(antibiotic, Diff, levels=['preCp', 'FirstCp', 'FirstWPC', 'Interim', 'SecondCp', 'SecondWPC', 'PostCp'])[D.FirstCp]_std	494.D_C(antibiotic, Diff, levels=['preCp', 'FirstCp', 'FirstWPC', 'Interim', 'SecondCp', 'SecondWPC', 'PostCp'])[D.FirstWPC]_std	494.D_C(antibiotic, Diff, levels=['preCp', 'FirstCp', 'FirstWPC', 'Interim', 'SecondCp', 'SecondWPC', 'PostCp'])[D.Interim]_std	494.D_C(antibiotic, Diff, levels=['preCp', 'FirstCp', 'FirstWPC', 'Interim', 'SecondCp', 'SecondWPC', 'PostCp'])[D.SecondCp]_std	494.D_C(antibiotic, Diff, levels=['preCp', 'FirstCp', 'FirstWPC', 'Interim', 'SecondCp', 'SecondWPC', 'PostCp'])[D.SecondWPC]_std	494.E_Intercept_std	494.E_C(antibiotic, Diff, levels=['preCp', 'FirstCp', 'FirstWPC', 'Interim', 'SecondCp', 'SecondWPC', 'PostCp'])[D.preCp]_std	494.E_C(antibiotic, Diff, levels=['preCp', 'FirstCp', 'FirstWPC', 'Interim', 'SecondCp', 'SecondWPC', 'PostCp'])[D.FirstCp]_std	494.E_C(antibiotic, Diff, levels=['preCp', 'FirstCp', 'FirstWPC', 'Interim', 'SecondCp', 'SecondWPC', 'PostCp'])[D.FirstWPC]_std	494.E_C(antibiotic, Diff, levels=['preCp', 'FirstCp', 'FirstWPC', 'Interim', 'SecondCp', 'SecondWPC', 'PostCp'])[D.Interim]_std	494.E_C(antibiotic, Diff, levels=['preCp', 'FirstCp', 'FirstWPC', 'Interim', 'SecondCp', 'SecondWPC', 'PostCp'])[D.SecondCp]_std	494.E_C(antibiotic, Diff, levels=['preCp', 'FirstCp', 'FirstWPC', 'Interim', 'SecondCp', 'SecondWPC', 'PostCp'])[D.SecondWPC]_std	494.F_Intercept_std	494.F_C(antibiotic, Diff, levels=['preCp', 'FirstCp', 'FirstWPC', 'Interim', 'SecondCp', 'SecondWPC', 'PostCp'])[D.preCp]_std	494.F_C(antibiotic, Diff, levels=['preCp', 'FirstCp', 'FirstWPC', 'Interim', 'SecondCp', 'SecondWPC', 'PostCp'])[D.FirstCp]_std	494.F_C(antibiotic, Diff, levels=['preCp', 'FirstCp', 'FirstWPC', 'Interim', 'SecondCp', 'SecondWPC', 'PostCp'])[D.FirstWPC]_std	494.F_C(antibiotic, Diff, levels=['preCp', 'FirstCp', 'FirstWPC', 'Interim', 'SecondCp', 'SecondWPC', 'PostCp'])[D.Interim]_std	494.F_C(antibiotic, Diff, levels=['preCp', 'FirstCp', 'FirstWPC', 'Interim', 'SecondCp', 'SecondWPC', 'PostCp'])[D.SecondCp]_std	494.F_C(antibiotic, Diff, levels=['preCp', 'FirstCp', 'FirstWPC', 'Interim', 'SecondCp', 'SecondWPC', 'PostCp'])[D.SecondWPC]_std
F174654	-1.7985564173394966	-1.4447157228590006	2.5768689036750048	2.134633608445003	-2.322314580605001	-3.2188226521350023	-0.6749108030349997	-5.453520662500002	-1.3981383287205014	-0.4171260528299999	-0.6225936899698	0.1845990317249997	0.01647489314499999	0.4031513970195004	0.5703869942299991	2.324671168791	-2.3879509391400005	-1.39294988672	2.0127015615449975	3.3778310876500015	-0.01948325388800002	1.6005448983087953	2.317148875447208	2.600925961294925	2.677907155579961	2.3725143288730113	2.3593080064092664	2.9062324128061445	1.8090184236954756	2.3548634443739807	2.6597293718261406	2.570881547500112	2.70312991895332	2.737525798684658	2.887177580044971	1.6679703119462883	2.2934261588897424	2.545920602228046	2.597883131538191	2.5133648896837593	2.389365953867812	3.0606815139469568
F833381	-0.014158338815700021	2.9364488025349966	-1.0065659469395005	-1.021269820832999	-0.5754786663645008	0.9321170499699986	-0.2292033587499999	-5.612121103000007	-1.5349270728805013	-0.23083630782000034	-0.2990936555705001	0.5846702078175001	-0.02652888736400002	-0.1497913746135999	-2.9820507226450013	-1.4157176975709977	0.7814749174884993	1.3608358953399984	-0.6380954638185006	-0.83524591983	0.5756684934000006	1.494400506249435	2.0734494065207034	2.4991995678867864	2.5274923840191086	2.534223093800986	2.4372926866035582	2.682088102485523	1.79876968983254	2.284113053293828	2.570866026576639	2.6162274318510907	2.712443085592146	2.7191466725548104	2.7687787500603185	1.8132800986185316	2.2425369585605823	2.5332887934185906	2.472850538505151	2.601660986567717	2.7033877872096377	2.898864713678424
F4398588	-3.110271128206498	0.9665617399830004	0.9330505268199991	0.5547642948825008	-1.6172850406570043	2.3433929581699995	-0.7963504679175007	-2.589574345039997	-1.5367511733699968	-0.9529621237510003	-0.12931315584850003	2.6572211471455	-1.6967299359615011	-0.36953315716350027	-4.388594427699993	0.3962587691109998	0.15013496145	0.03174367036400003	-1.0263341566500006	-0.6057371654350001	0.6139466399149999	1.6713146746506986	2.6916354548521246	2.7222859537412125	2.7181719153364	2.153146302911684	2.201045263553345	2.618220258591524	1.4649233358047842	2.652558139807373	2.6629026400665428	2.570318090788164	2.1404023223749697	2.204113221813078	2.74743711486546	1.7830250715722291	2.733753709957185	2.693571396243453	2.526101421943319	2.517156075227097	2.57976237241696	2.924986717119001
F4457453	-2.1128755913249955	1.2343861931704994	-0.6119711256590007	-0.8200192229449997	-3.912106118112501	1.1956869814150013	0.045618202025000006	-0.6062305616899978	-3.599359434556502	0.1993310048022999	3.415959075075	3.0539623416500077	-0.15144143526950038	-0.9428942961045008	1.709967828075001	2.0273217844174978	0.29534413535699994	-2.278304207325	0.9111322561810008	-0.9563629924249994	-0.35087575317999947	1.4730711951164825	2.0654022321978425	2.5712201742143885	2.517216346694789	2.219998039831969	2.1753766492676183	3.0207876537090037	1.4555827477485546	2.292369382213764	2.477303503893449	2.378362484576506	2.0551703205279175	2.1029790456908426	2.9245615612642313	1.4957821688511288	2.103617658330265	2.307245406210891	2.3521289026779653	2.2408332464570786	2.198172967873699	3.012956775593351
F215097	-0.986058634201948	1.2812076792185014	-0.17500812058000018	-0.3142882358099997	-4.376821003199998	-2.350513205499997	-0.8850196939610002	-2.4180514682549994	1.8847886809549985	-3.581569578694998	-2.755748203717001	2.623995679995001	1.5370007041300031	1.1028659013150026	2.651073991450009	-3.305306046300002	4.185921264529999	2.6745617291250006	1.3701553350549986	0.74188405025	-0.3095985338200001	1.5208477539466803	1.9879396849496116	2.514401610463644	2.521787864020002	2.1300560999167035	2.450174284325662	2.714112234827651	1.4013922458443349	1.986809238168891	2.1969788259455276	2.2583731918998313	2.202203869827601	2.264334318689916	2.627873816841119	1.5217923426199294	2.186478597722212	2.318490337699602	2.2337812188176027	2.128215035046291	2.1866368095514996	2.940149895686353
F336761	-1.018049441476799	-0.6947227907135003	0.24550365670499977	0.3140223095579997	0.2901180265100006	-1.7146115828205	0.11666303071500002	-5.957032357500012	0.22928872120500027	-0.3996637278379993	-0.4592730465999992	-0.5149876429179997	-0.39850047370499975	-0.39784055853999994	-3.379803848385004	0.3237702990975499	0.12030713207499999	0.3517009402519996	0.6099338506150007	1.8043935098899977	0.41478121461000056	1.5561910957426386	2.6333975848762705	2.719878631179863	2.62968296512949	2.401144451597571	2.262743881890591	2.6226930839672558	1.870990126726955	2.6964424313002593	2.7568676337629774	2.6641825141963293	2.559236929692044	2.569051551260286	2.7909003612024357	1.890206522287575	2.8056694627010015	2.711803889098405	2.669446494709821	2.499394519858411	2.497781273091612	2.812033556356259
F149327	-1.7392697067920058	-0.14933057727800023	1.6311320346550031	1.4791967730174023	-3.033190248310652	0.8498033338099987	0.9123630027150023	-2.065057020615003	-0.38184088460499993	-2.1004694899650005	-0.8699973929594981	3.0184852496200074	-0.09009960979500012	-1.9552411404700005	-5.408148098799996	0.3750466584900007	0.17459476005499974	-0.3214314088819997	-0.14194062191500018	-0.43830621575849965	0.7226432259199994	1.4857364147048155	2.446095109396037	2.659826693339022	2.5698465704447617	2.2711805345090608	2.216254327052709	2.4848360568629637	1.4234232983452446	2.315298798823858	2.4608628923903995	2.58503079128989	2.3276702083502454	2.1903019553790113	2.5926548413063446	1.9600163807703357	2.688409931971629	2.6389442710483504	2.6160940535912975	2.61722173385252	2.765416795487881	3.0938014451602958
F71089	-1.5806306414575007	-1.7732748234869955	0.7019006385149996	0.3889675789599996	1.3383939481295015	-1.7743236049120008	-0.9180467975454997	-2.160477300564999	1.3050434463065013	-0.6931538958624992	-1.1858326887849981	-1.7714201548050013	0.6013624540700012	0.7212363090150006	-4.723954608850004	0.2563022651454993	0.17589271946249985	0.48215034657499956	0.5634776098875003	0.882995068980001	0.7496166629824992	1.5094590365355123	2.3355657606496556	2.5143869410765114	2.527267322446279	2.1760793661420537	2.502383817941302	2.559684393265338	1.5136065795278975	2.3311093454064276	2.388733654268516	2.4427462005566403	2.3355018870927586	2.585640631541624	2.5470639935409443	2.0698168307463765	2.686702403572227	2.755029165947198	2.6896701533515635	2.7952589904604905	2.8175354858378614	3.0314045413538526
F4426438	-1.514368273825002	0.5891515445505006	-0.9057810670210013	-1.0730597752749997	-0.707950132865001	0.03310663535750001	-0.995639156870502	-5.76333470300001	-1.7510489892999992	-1.2800658711100001	-0.2759398447999997	0.3075367897100004	-0.4020046263500008	0.33143947672349977	-1.8049003915215	1.2072900856499977	2.179592284064	1.1121651062705	0.012758822975	0.6748093101300002	0.19611078458449988	1.5382010533138764	2.312216647516679	2.5301801610999046	2.473684218578665	2.3866898474744556	2.3846708635082434	2.786284603272866	1.812644431912479	2.5164730877008363	2.64174651998207	2.565677987376366	2.5698081508461477	2.6514761706125816	2.821560829696238	1.5590449922911802	2.6528132757505793	2.5463995942767905	2.4180909642097435	2.4569090870352674	2.461955081258723	3.03395214236638
F192255	-1.5792000816	0.8407335828350009	0.3425482611550002	0.10286498180700003	-0.47965405301400016	-2.3667075965350044	2.485214320774999	-2.442069223480502	0.40101444340999987	-0.5622249682400005	0.3752515233009998	0.21904042494500017	0.31717236681899985	-3.083164271989996	-3.0679568177399954	-1.2897318835849998	-0.08065836848500008	-0.40476231961899894	0.42064443465849954	1.6396550954295026	0.4451186610449994	1.5133843796340847	2.1639045307127955	2.4399345407603428	2.5102983416405484	2.1482264214013207	2.139037513126895	2.385487626292304	1.4756994971367086	2.1561314721676403	2.4454976609814625	2.371301582202702	2.090010014019214	2.070957636618468	2.4689874683554325	1.7027991337040365	2.395910199265737	2.5929467079784714	2.6026256805963537	2.5686380185464253	2.3006990217824757	3.0383670333819377
F845444	-0.7983765212369515	-1.783055349549998	1.1638276400819996	1.0606130462684973	-2.1689327233365012	3.3443082132000024	-0.1625693853349998	-1.594231482594303	1.2235104487499997	-1.3077741985949978	-1.094350384099999	1.688850011874998	-3.483578921195003	-0.770289523969999	-5.294021791750009	0.3540656870349995	-0.0031355222099999146	-0.017710717617499976	0.35651109508500023	0.24667921562499995	0.818074693071999	1.4868453986649808	2.2341323805227087	2.630515583801695	2.627870200633804	2.1183816583459616	2.3045825183836275	2.584788886022077	1.458319708699336	2.1639577727141446	2.309273114228657	2.331883905066152	2.076474622517651	2.3877154268155425	2.5891766771067912	1.9744739708769465	2.638572093844866	2.607762856430362	2.6681847441519695	2.677023196139279	2.6622026300758295	2.973541394853106
F195157	-2.099277914735003	-0.5786126966704992	1.7795202537550006	1.4048442092449998	-2.0075030342550013	1.2887993111049996	0.10199298382100004	-0.8330457299084193	0.35613981472899997	0.46099713044500024	-0.7542414352505015	0.6138451175515015	0.5165055339659997	-0.5567347418269004	-2.6738530089799983	0.17517299070549996	-2.2907473491300014	-0.7892320911410009	1.5988895120245004	-1.9351962511295	0.3272575520749999	1.4217134852860067	2.2162317720771343	2.5722049270718723	2.4752342856618337	2.0542530666022683	2.025075358394059	2.2267648944567835	1.3466653178762718	1.9384603432953875	2.2280295240177557	2.265143562298343	1.9763895258463535	1.9473599047684067	2.259575843458649	1.5562522157219048	2.008798434616749	2.223187216113062	2.390024302939826	2.250341785271361	2.3498276518533214	2.945365276445022
F372146	-5.0290615715000015	-1.2504019346449995	0.25025318482500064	-0.5684143376694989	-0.12884356976749983	-0.0917285773949999	-0.4247697323810003	0.3808773615775006	1.7367018013835005	0.7862295691900003	1.3237238508850013	0.1690405110375006	-0.41357349198499926	0.07868174527600001	-3.1016487874899994	-0.5460647456600014	-0.9824026778699996	-0.6909666650559483	-0.0010520081800000386	0.22623421467000085	0.5374785689249997	1.8060646894827186	2.2800304372931466	2.6500304931925975	2.6975264723245203	2.7093445175093125	2.6713280907302055	2.733085844189579	1.3993969702389983	1.9965653281144742	2.4017138366452833	2.459810774173186	2.4733284238520636	2.491551583804491	2.670856415254424	1.8569481226214615	2.019096718853101	2.475188752612646	2.502311471787938	2.613003262045063	2.846304046043455	2.890764913329831
F295205	-1.0698331468856506	-0.13765837806650014	-0.2227742057599999	-0.38457892622090034	2.4541901169400013	-0.4577180050899997	-0.7182835333200005	-1.0631772782574993	1.2640090352870008	-0.13237216982199967	-0.6833873648499996	-0.8441097494899985	0.6156767072290003	0.23762601782949982	-3.615128323004997	-0.9947039047154994	0.17880910819249998	0.9841579068565004	-1.4785755726949994	-0.25406439896500027	0.5334085829649992	1.459189787495522	1.9751399965446645	2.471847507189409	2.5123579096861977	1.994242396764307	2.0917461474264094	2.1642017674683847	1.4350855274729588	1.9693363648370141	2.2507479991728663	2.269935897936249	1.97751912261596	2.0662929989990317	2.159342467206249	1.6711057167264152	2.298897210460708	2.492286024449168	2.3576151889483734	2.35844678761921	2.7317905043135546	2.901246409811585
F197329	-3.0924773666750025	-2.3780001426150013	-0.6282299395149995	-1.0386761347228497	0.4382158589999999	2.9686321669200004	1.3591690383079997	-0.6839162162434994	1.0773783964050005	-2.4257728020715033	1.5034591393049994	-0.12518792855499974	-0.5416229875480009	-1.9814314293969975	-2.3140525509649987	1.4870686844134986	3.251540239364996	-0.4754367387010001	-0.1911944708635	-2.5768914920549966	0.3574945705099999	1.5221848666824012	2.3250253314309193	2.6413909216576403	2.638988660515452	2.409948574065446	2.0518169733197786	2.45078838340333	1.3682846133459887	2.118507034002896	2.2823412413047115	2.075198021870697	2.028905446480365	1.9974260257550398	2.4801627175279153	1.5580216162419103	2.5764121229610097	2.345617941900767	2.123447987499534	2.069488702182154	2.2854709154456057	2.8995726713461125
F358030	0.8622472786649998	-1.4484784581799997	0.5811143310929988	0.6139787094599998	-0.9532814622999998	1.441596217865001	-0.9028594429193015	-6.341606199999999	0.5598839328750002	-0.14929786486999988	-0.32129141816500006	0.32618961131999985	-0.5439442690949996	-0.07972883634080023	-5.070214358299993	0.4091659176454993	-0.08367285659499996	-0.15313137159499995	0.28886866540174944	-0.3459488607049992	0.7131568895010006	1.4687803479825021	2.4724914381161187	2.641743273994967	2.6868577482367466	2.5037949631190495	2.594523085340893	2.601296413808507	1.9341972933699545	2.7951814568368127	2.7352480643268984	2.8368390222496562	2.6001623968816205	2.628361446828961	2.7999000003399526	1.9727058870978036	2.779114679273127	2.8007163828115096	2.68512193505629	2.7053555516786747	2.780677916367888	3.0343536643308773
F4460021	0.5460542771400011	-0.2320713218049996	0.23671288883500002	0.35257819342999897	0.20307963756150005	0.5904477837344989	-0.5914241843800015	-2.4199885401549945	0.8413735389649993	-2.8767749589160028	0.7816024409400001	0.23580820920499992	0.915635896864501	0.2018953232149998	-1.8758896210550018	-0.7118169989409996	2.8110579095205006	-1.1374731148231787	-0.3796031586599997	-1.4646489874100028	0.2154683520500001	1.3574176197059784	1.8746051669120842	2.2866473052193528	2.369045568314685	1.8344520196984904	1.9233977295330873	2.1255028810709895	1.3423607087758405	1.90142343468232	2.17669942211689	2.13444861699581	1.9256821186124302	1.986028351215897	2.1462457222731612	1.4364044100351296	2.1350329443600797	2.3665063878214676	2.0683890272616337	2.0576054077642256	2.111767139447027	2.965666667967653
F4413903	-1.030271872869998	-2.182226138084999	1.358459377570996	1.2208194751699994	-0.2400779618999997	0.34427573140499984	0.3909446909200006	-0.5685760745250001	-0.04694835136750003	0.4080196723599997	-0.16361985022099987	0.7439784788219987	-0.45507368333	-0.7853367396320009	-4.404269377950002	2.0692524443140003	-1.8258217485100006	-1.051647646503299	-0.29477199416750005	0.030361015114999924	0.5436412492809994	1.4090135215137332	2.172402118821492	2.550381279852468	2.495463076468432	1.9320555595554427	2.0622329210125336	2.239562868341025	1.351120051792899	2.043818166244499	2.236411265882754	2.330727584337748	1.9573187528144786	2.0945518190938444	2.215989677634003	1.7777735721959478	2.348061606455739	2.3827419873866873	2.6052716865052115	2.555193868178904	2.6049307019494763	2.9799819869100093
F4296772	-0.8898951698681503	-1.005804681025001	-0.35973898128000015	-0.4760657245400001	1.1205330287249993	-0.14112634556949993	-0.5153572214149998	-1.0326738823700006	0.4004623260030006	-2.009567680064999	0.08992727371499995	-0.9494330968069999	0.6253726861415496	0.19420629906200015	-2.231873546528003	0.9270311803849995	2.5192627918549957	0.4440100071859997	0.036150699356	-0.5049864064504996	0.3171564977950005	1.336487522116877	1.9657522582470943	2.488020201900412	2.4620299958331793	1.873634013164958	1.8511917144601984	2.1757455358637916	1.317971397243042	1.8991395256660297	2.166305331665217	1.9850174033072097	1.915279392222621	1.8904371944070664	2.168996503659416	1.487542553047209	2.5722893560990743	2.318562215292334	2.0056158404624718	1.941815478458744	2.0112282180268304	2.952841523345394
F48084	-2.086322388200003	-0.9925883157766922	-1.653473432443999	-1.9370339430235015	-2.4931092198100027	-0.8775366001214998	-0.12248845587600003	-5.615844806200003	0.6407689058049993	1.3528896449220016	2.4775957866199967	-1.0060383010599987	-0.06296431666549998	0.33024778029049917	2.985615610749999	0.38497991677849974	0.2614234005605002	-0.395794342564999	3.2860839471850047	0.7660067416001011	-0.3909018972550003	1.619974565640991	2.137174589260815	2.5110598841578224	2.3953763451912007	2.3070978276096206	2.6920205788713774	2.804124041953052	1.6151452642776079	2.74111337553022	2.579095095769524	2.439405151393803	2.295255414852939	2.6304367847282055	2.846167893786046	1.5078010655037715	2.153406035283086	2.4145346600910456	2.3236600853914218	2.2632497631032824	2.4609471192728503	2.821864898024207
F182117	-4.8901763286249995	1.7953115673009978	-0.7060330892899992	-1.4844510909779989	-0.4419400876064993	-0.1457613331255	-0.2902023867569997	-1.8940071707599986	-3.3001595747360004	1.0850712817749997	2.0261434191249976	-1.668144752464999	1.8079857625059974	0.05412843842000001	-2.176469353665005	1.7217955123800035	-0.7005726085350005	-0.3942316576460003	2.219092787380002	-1.6345044250450005	0.175749883365	1.7936317126331782	2.3950818527818565	2.5451988484737162	2.58220389775832	2.5929321066961553	2.8010298223736196	2.7925206814227423	1.4766672790655226	2.274582656201504	2.4379123174437187	2.440109318691995	2.3080310087380322	2.4273539259887738	2.6835536012062464	1.6052763660014748	2.397882148863502	2.34951906401936	2.4908964289888926	2.316026368305634	2.5314998910186874	2.9808472823134635
F174033	-2.6848402754650045	0.8379267132450006	2.1887003641069995	1.8726874476400002	0.17293414775744972	1.341225132630001	-1.1608183950300006	-3.7214264099	-2.0576574095299986	-0.8621882584814997	-0.12159589936849993	-0.6333343746699992	-0.6408015292349997	0.1870330760540001	-3.8115655856200044	1.6514396562600024	-1.5810415580555015	-1.5045573604549987	0.07465770941500008	-0.4104968580340011	0.5647804867449984	1.5680756216065304	2.618666002386239	2.645578562358043	2.6053615207797765	2.4648355388761845	2.5844469979978304	2.765318717095896	1.607337440754189	2.342012557223162	2.3785116998360905	2.4910045092950233	2.6433313021099263	2.628658838839083	2.865267396343909	1.7901000864304288	2.421614479342299	2.460399103052189	2.471250411782973	2.5865760395069817	2.7108237957385226	2.9777126494293102
F836693	-2.140763571884998	-1.3306502785515006	1.5415940819735006	1.2090232016424998	-2.342525799095002	1.6688136457374998	-0.7840465599450015	-1.8189210883500015	1.2627939703109998	-1.9406287280595025	-0.5136529535549998	2.3271374373080023	-1.5037381860784995	-0.5257961779235	-5.437081941000001	0.045317582938499995	0.22268047917949985	-0.19113863384100005	0.07897589552699993	-0.15619223966999973	0.7874391815949999	1.5043286038210868	2.403997493628239	2.701375738110949	2.5917946200740767	2.226946360832025	2.1815840388274914	2.786998671746391	1.4914592597620038	2.2486847052149956	2.4765712331432943	2.506711057810174	2.179850233722255	2.1264396648805652	2.732388966708172	1.9235534286834741	2.7648220751471317	2.762829471130342	2.7645874292135653	2.606484184175213	2.5699730794250337	2.9244901627421314
F1062061	-1.1177024240850018	-1.3061865276600018	1.0933549876101498	1.1166619451295003	-2.4209470481599977	2.4345620165800037	0.1727128978015	-2.9995226379000033	0.9123171910600006	-1.6559492940520029	-0.7520502967200018	2.357994454520501	-2.531409707717003	-0.8383488671244976	-4.937567203370003	0.37800359040200027	0.35849289650499927	-0.07172856949050005	0.15981002901199998	0.054711760984999865	0.7391704887649997	1.4653725450171882	2.266920428683668	2.5576326033420975	2.647611930433434	2.2396752809707605	2.26992197335812	2.5090667067334174	1.4946690479237763	2.275367701358709	2.513190591692773	2.5265782648200306	2.3254835208211113	2.4451922118346348	2.693440563199625	2.0009923783048005	2.688983363075078	2.849155830801822	2.846469648980438	2.512815309395412	2.670647360060026	2.965155102193497
F181718	-3.358465243099999	0.5181420218900008	1.2196387448399983	0.7611899823249993	-0.3601804601650007	0.11959395348500017	-0.6697795883500001	-1.5019428946845008	-1.2064120052814968	-0.6834051572449992	0.7682831292690004	-0.8652721846334492	-0.32220750500500034	0.4482309586000005	-1.6227696720700004	1.1296571242959994	-0.4292013532199998	-1.521339955795501	1.3241160647800034	-0.08356940196950002	0.15778042134999962	1.552481167075258	2.7302523988495127	2.805276146931133	2.6337432810080634	2.131731587486905	2.0359271891761495	2.3410675945057173	1.354373811078368	2.484047265509877	2.237745505591931	2.2369518748656305	1.990288126155593	2.049719246975929	2.2732643477830328	1.466295099431969	2.6189830010895965	2.3141137014945126	2.4076169156201894	2.1505875978634776	2.1414516278391704	2.84464854390732
F4474380	0.05044328400000011	-0.312262802065	0.10113990508499977	0.1980249590785	0.5492821288400002	-0.08630964064999999	-0.20020791154000014	1.198301644577002	0.3978580533599994	0.1268426654399999	-0.46187248082500004	0.05916813849449995	-0.19175292581999998	0.10663613369499997	-0.07387567628399988	-0.20294010183499972	-0.044356654858749955	0.29289678404800046	-0.7768013080749994	0.06572720336899998	0.02982854458499999	1.305388196534755	1.73110315602876	2.383145927906713	2.482331188223771	1.7823262078227513	1.8286284211497639	1.9751316608218037	1.2673799443649365	1.7353687086869225	1.9129851007225827	1.8891520671681625	1.777885072602365	1.865155271659484	1.9896274718721711	1.354125028232584	1.7477229119985631	1.934120238786371	1.9259222272458594	1.7987564054840073	1.8644623376938252	2.98347253982393
F1522739	-2.402027630134997	-0.3729734192554991	1.208886196345	0.733436254636	-1.922308597565003	2.02186617850905	-0.6082828900099997	-2.0088689742349986	-0.3332277095800003	-0.3959956899850003	0.5786153018530003	2.5181405605830025	-1.81215045723265	-0.46478485198950015	-3.9258197682999993	0.7821085781750008	-1.1357840510845008	-1.2405469147099981	-0.45424160617100107	-0.15115936912499986	0.4578970988579	1.4883133442738274	2.0183111125208266	2.5213374863322993	2.5082791071097845	2.1123907197232343	2.2148327913890915	2.6840146726214043	1.4668595381253908	1.9592754268784096	2.4323264616710514	2.4459579503046274	2.089549663549865	2.152111591836844	2.650675010996647	1.8490126052588267	2.0498089889199536	2.469859120394115	2.618324129446272	2.5446603222593036	2.6508717841996443	2.878442469245504
F197539	-4.017656225836494	-2.0037081116925033	0.4331414212450003	-0.2941225724569999	-0.11975485630499998	-0.11906570090750003	-0.1845163669699999	-2.6189487377900065	1.3622854425799997	-1.4028441100535003	-1.6201497265850031	-0.8664210955550012	-0.4108307443879994	-0.31756791701100023	-4.521361803699998	0.8125217300805012	0.9654411076665012	1.233689852220001	0.9483858874800027	0.6051373579494994	0.6467551022199999	1.9537196824580625	2.3111644565046148	2.716819332672052	2.8417718270526304	2.817941744389727	2.782766266650211	2.896750704216193	1.8506206306249953	2.2802087170097636	2.5704242765778917	2.5462067553763785	2.720030402317934	2.7803393438094632	2.8695923481616776	2.1732060089881715	2.6265504084937024	2.72494072166763	2.611479365966029	2.787238231968248	2.9265022268812744	2.9678368162412467
F4460560	-2.345553260817997	1.0591829986250012	-0.7046249966867018	-1.0238471316949989	-1.2903944899349993	0.22132605544249953	1.20042895761	-2.457896187120504	-1.3286021119299969	-0.7985753018299986	0.2863377873399998	0.8857271545174982	-1.2366219514575019	-1.7864739551400004	-2.93762394799	0.4979230484550015	1.3443463699634994	1.2044940959054997	0.21494595736499988	1.353365901675	0.36003597499777545	1.4593323185333098	2.2567033243087136	2.511590674130642	2.540891233320292	2.240008836224511	2.3675051956597577	2.3735620712952588	1.4170932718474916	2.2873306350229936	2.4508499637378494	2.3719866986082367	2.1256699978775706	2.1593646433037477	2.5214309309154332	1.6591928306116692	2.7066903672659697	2.628346320569455	2.5097366409104835	2.357836543792108	2.328308693912207	2.950439919078912
F100198	-3.7451810272500095	-1.1007625168699997	0.7057256403600007	0.09301174345100009	-2.121746851024001	-1.4565791917050026	-0.600083082120001	-2.781408894755004	2.519042731335	-1.7670010396299969	0.7516258483630025	1.7980652920809956	-0.4649845747799997	0.5164857608050003	-0.9615127664699994	-1.6634091989650017	1.148876182270002	-0.8074160216900004	0.017625465142	1.7601696767149997	0.1740053515695001	1.6039314748022684	2.364400529192	2.6375124288229177	2.6554002636501584	2.375541376569169	2.4769080616345165	2.786638006803938	1.4543894690831851	2.4088668503120507	2.486782126499763	2.329061000969549	2.237064365905483	2.217348249847539	2.5668304908706814	1.5049128135826095	2.3534730499588172	2.373551412275568	2.222736445800527	2.1956434553324846	2.2356324811111254	2.9343474486599597
F4448724	-0.049064728580500115	-1.4210141838474	0.45892761189000014	0.42149441505300067	-1.1440206309655003	0.7384363883099985	-0.47772404970500043	-5.2938190772499985	0.9453847063119982	0.34156894808750043	-1.1873699945325007	0.15173160224999985	-0.4332568350659998	-0.22682562997799982	-5.064527322050008	0.19961865995000058	-0.24563925712500012	0.3616621654100009	0.6105021548779995	0.05775282532649995	0.6373512552850008	1.5312865137669922	2.6532181076430574	2.6955971715629854	2.6371799721254283	2.4782720954619686	2.5390784103960886	2.6189492322892414	1.8375975540541962	2.5351547094840368	2.708699173294475	2.608421552157358	2.6614115359677277	2.732741246387308	2.745547358111828	2.0382613766599977	2.7301349081486928	2.8268632171416113	2.735582434250829	2.6943156908558	2.776573605315613	2.9043623187630536
F2617854	1.0166429214865007	-0.2877576966439999	-0.1896891088515	-0.16712471259000009	0.09261277390999996	2.1891816420904977	0.2069801836149999	-2.2207784356250047	1.1744160759240028	-3.234758454380002	0.15379122684200017	-1.5665099439350019	-2.2493465376800015	-0.33582322633000017	-0.38457763668390504	-0.9849315844200016	3.4453385402405012	-0.20533571780499993	1.3747472115100001	-0.1801678625699999	-0.046796493744999945	1.3730228705149359	1.9733322322568811	2.560530758351644	2.4333986273086867	2.0651171630990808	2.165982436732017	2.656347940543115	1.42531405058162	1.9644063013876247	2.2390999378400487	2.154826416402971	2.074558985440208	2.3999606558097786	2.701021584597438	1.412500756450577	2.127646722048365	2.272297904516814	2.207285677300934	2.145065247040405	2.2245898493361986	3.0781021182137263
F4475758	-2.361340086140001	-0.9793533960750015	1.1541186242213528	0.8726260419749993	-1.333698576454999	2.9849666033454993	-0.7639624405599997	-1.736299770505002	0.2699468146795001	-1.5365146351645003	1.7092772909300002	2.392910472509998	-2.268821602674999	-0.36087924242999986	-2.7959730991500016	0.6216940736749993	0.15292174366000025	-2.325895741495001	-1.2776815970785	-0.634924678205001	0.4355492232	1.4325471473157938	2.1285348802089126	2.5455789283867247	2.4468566824943667	2.121300301426626	2.1896077714156594	2.854703250802148	1.4210048686100178	1.972518958895847	2.255015855579314	2.350263061902271	2.1282427523515577	2.217213363285953	2.8406166759659066	1.6013837283027335	1.986813089162612	2.2679780870231587	2.2826188859970933	2.389940526953512	2.619314338431172	2.859966719512434
F4422556	-1.3614900849590004	3.2650535261100058	-1.136781232249999	-1.375142009439997	2.080294847610504	-1.2593979319524986	-0.2270737026299998	-1.1192620171614995	-2.908378093464505	2.0463562408499993	1.7225215130750007	-1.1700944195594996	0.00914640351000003	-0.06965185757550003	-1.4378457979740011	-0.35406678647899964	-0.9011162253375	-0.40416338309999955	-1.0235793772294999	1.4735939034950039	0.2204776196549996	1.3691436564449682	1.922881803118945	2.3993592506228207	2.431351721673065	1.8223078381931483	1.9717797099557959	2.1628812810723885	1.3422744509507654	2.032933297893283	2.179332077705788	1.955040584390631	1.8737846842712809	1.9767660542780219	2.1766896815036163	1.4263782813082535	1.9490764338624873	2.2334958047367017	2.029015276009273	2.2232058591333734	2.177845280415833	3.003302316480634
F186883	-0.996604333152499	1.3668787952649988	-1.6262143843650034	-1.7129607961050037	-1.1366079266334999	2.5420160160650003	0.06196709749050003	-3.410391666870001	-2.058025089706496	-1.1617914240779998	0.13329116984500014	0.7613528421000012	-2.1576522651650003	-0.447300201515	-1.0209818478700008	0.8140422468750008	3.009917087600742	1.8003807823550035	0.2713838157550006	-0.2995651542199989	0.18869643981249998	1.3668885698385067	2.0428024764753596	2.4929511162071636	2.5304438294267957	2.0972360410552344	2.1145906837654813	2.6589871623921186	1.4278360086476232	2.103381467589896	2.221187533718692	2.08370734173184	2.0634530313133537	2.362750817824523	2.683018481528274	1.4963744126459746	2.6008282136441365	2.357321190438816	2.101568764996281	1.9877414576891022	2.0429900915111623	3.047959130775616
F3868447	-2.0668819521039996	1.5730707838064961	-0.6956782353599972	-0.9847373923599977	-0.793851303064999	-3.148866702880001	-0.9088788748999982	-2.0329248449605037	-0.9407917124970018	0.6322895423035001	-0.45978368040999884	0.5901859326702503	1.4942985742095016	0.4348662874065003	-1.808183198150003	-0.7302604905335003	0.04421462558000001	1.4591829199314954	0.3513875250549996	1.7513532310400015	0.23011767350149942	1.463067619994165	2.148078688298726	2.5760842631863907	2.6081531438262258	1.8632689779891538	2.2330527314911586	2.569385100182893	1.3607520018633203	2.2495630775463895	2.355157983933563	2.331469682490058	1.8683931231257949	2.0106417822294476	2.60302344137235	1.538017193631151	2.362379366453609	2.3973529213077556	2.294469093503234	1.9513509004799452	2.0480813494526986	3.046194488756077
F4479989	-1.523936852193002	-0.47420651054150065	0.8173607686750005	0.6011345668075007	-1.3384699345549984	0.3164920311849997	1.0826075367649979	-1.266463255791001	1.5537112196149976	-0.29895871358700066	1.0309438367224997	-0.4918981985000007	1.5811401852849996	-1.6479896283529982	-3.0571743082350027	-1.1730664555199997	-1.099643757862999	-1.1862459372149983	1.7140329086499981	-2.1019987345680025	0.47379749875750027	1.3850673195901348	1.9749400597539857	2.4346448391675115	2.393592785147584	2.0293916390249365	1.994871104679406	2.1899748563133055	1.369088737908	2.016434202199289	2.3446669850228523	2.3706407764828548	2.0126585562359667	1.9745078015254973	2.17218804614513	1.5816417227268444	2.0385815324423726	2.511121543296211	2.4589278856377224	2.270242105915718	2.3288986502978983	2.9578504700922177
F4306262	0.7399487906999999	-0.8723523847901009	0.3066713728310001	0.5037247740250003	0.9842315813108479	0.4257833055239995	2.2779757256600006	1.5535357415489994	0.7653590640914991	0.7869482424549996	-0.9050320248050012	-0.13027727547249995	-0.16980483922050008	-2.440199834949996	-0.26411820824	0.1127806806359999	-1.3400637157499997	0.3763297283555009	-0.8553417822130003	-0.19320431382450018	-0.03622245801499998	1.343778169465159	1.8980507335163852	2.4556377917272347	2.4475676761713485	1.7989372755196236	1.8426954838323455	2.1506033634321775	1.3173947077851345	1.8849421107528352	2.115350466469549	1.989979298107615	1.8195582729607844	1.8965469487526603	2.143824278489914	1.3870302803553607	1.8839724716267263	2.0634982553556456	2.0104377168351775	1.9187759742741337	1.9213868064217068	3.0028015491059556
F14251	-3.859922477349994	-1.2558237896118505	0.39262304542599924	-0.1903379547100004	-1.0672436746536007	0.020441933299999986	-0.07760941956550008	-2.447138478535002	0.3936835059950002	-1.5229400982999999	-0.17273030437500025	0.9208061818249986	-1.0003268099499998	-0.4835780508595009	-3.9918969226000036	0.654901608154	1.0703179586100016	0.7844155917050014	-0.06379029852999994	0.5061342559199993	0.6409544545050003	1.6898291439733464	2.300125165952525	2.5752310444135826	2.6636310537525616	2.3698009674645166	2.7553484364051894	2.94573412677291	1.5582803560036693	2.2192044898195245	2.417894606108018	2.4172727694122362	2.234472331752722	2.580236594021174	2.885607173490035	1.8351808016973234	2.546110626665696	2.5443334135400035	2.4488755467212666	2.4418360219136326	2.7622242412289197	3.0900770012970775
F4442899	-3.5645519432300006	1.5356752637199995	1.526750383555	0.9455202738079995	-2.864035462765005	-1.4767377935029995	-0.46715794572000074	-6.562246537000007	0.13465561022000005	-0.5015460948345002	-0.08998113423999991	0.7859921175975012	0.18430223983999988	0.2014915615939998	1.1511883375049985	-2.127202343470001	-0.2904128147850003	-0.9670792726750005	1.8790918976300022	1.3150769314235007	-0.1915822348899997	1.7247292007879054	2.7294815204326373	2.6651769049822835	2.6515452945635083	2.4985568736344335	2.647068514839783	2.932219202782811	1.84953540778666	2.7220159463506306	2.786250998838314	2.5467581207535437	2.5926297303289187	2.646387191710622	2.7672629157301043	1.5622394827787955	2.5329390144952897	2.563710060141001	2.38861135031146	2.453053288403284	2.4240898070093984	2.9769595227647847
F194258	-2.445316123137505	0.05748724179499987	0.47741122841850137	0.1264698662710001	-2.044274282784999	1.6804825342415028	-0.6574432688484995	-3.892688154599998	-1.8795737713100011	-1.9465315782199986	0.24849837172999967	2.077520839318449	-0.8055892193200007	-8.037917799998296e-05	-1.9407986169949991	1.4400262241619508	1.8261553055410018	-0.4799239102150006	0.1881806964250001	-0.8280994078499985	0.3472539623880004	1.4939974628603705	2.4797736697660078	2.6721599099200293	2.708501520437987	2.1173924735547427	2.1240348655636727	2.9260248655541146	1.5247942612960335	2.449969329888427	2.5427544065616496	2.4406432444789052	2.277720183735524	2.0553621685155106	2.841479562296798	1.5813670854749324	2.5981566484335703	2.544220084119425	2.3569482941584488	2.0921975484973188	2.005701006292801	3.0965467555667687
F4466220	-1.7220673066255507	-1.8544955688700004	0.805698642555001	0.5555899778595011	-1.1809118002460008	1.9220205176849985	0.34378895187500064	-2.710542498599998	1.2803490894650011	-2.1427738692199947	-2.4290095716350004	2.279226779880002	-1.6176625583027966	-0.7060947772350009	-3.526748485199999	0.7836983141399999	1.1880171564380029	2.0144636093800026	-1.1757915263450014	-0.44118802858949957	0.40086874642499937	1.4666398181481348	2.357321064371406	2.571616609397645	2.4525536602518883	2.3009321843684716	2.427724600156605	2.6385227553359583	1.511704701187264	2.273322662017647	2.445273257696844	2.357407253000806	2.311601619256908	2.6052948960498976	2.806461987004086	1.7000534248534143	2.670562034311344	2.596408350423779	2.489660321081906	2.362638043368674	2.6466114354192487	3.003454620445502
F4452400	-0.3961501285800002	-1.0156075832900002	1.2052072094250004	1.1915502257100008	-0.4306516871174991	-0.07854277890999997	1.222417296044999	1.674605980683499	0.8100605221649997	0.5569215641099994	-0.5442890169350015	0.37845317387299976	-0.26112331580244974	-1.2099543740219987	0.0029457037810000164	0.3561902630524989	-1.8228391025600035	-0.4204509607295001	0.2309706314695	0.30933132529050017	0.04948791837999998	1.3013739523284054	1.7073781924060625	2.4848989244293613	2.527201073124391	1.8345496781945339	1.8008977529605399	2.111978660952831	1.2947432903150333	1.7043529199359924	1.9942270741060937	2.027588326050256	1.8251304656329086	1.813643165184849	2.097854436350778	1.3437175401399988	1.7372493350139855	1.9874765674826502	2.045258620846083	1.860039682698071	1.8689635402193965	2.9602386522835156
F335719	-1.2415747871115015	0.5563488893020007	0.19452199412499968	-0.07301989146499997	-0.3917040589550009	0.37284031988462385	1.3149360224049993	-2.8753046301499987	-1.485527519440001	0.6307742862940008	1.3029216449850036	-0.21808974267500034	0.07134107506499988	-1.7360326989134982	-1.4240827875974509	0.8808487092000001	-0.5052511113644997	-1.315129970359997	0.5276785078269997	-0.42530054769999986	0.26208908927924973	1.3683431739571836	2.0138118793657434	2.481683173605692	2.591893222903914	1.8889045195443408	1.8843348224277892	2.393445872038411	1.3769027782639034	2.2454599787391256	2.369971513448041	2.1155301526802712	1.9445920690707932	1.9398362473304387	2.4653742528534353	1.4265000365504032	2.035214145352903	2.2485648618178606	2.1041685160976344	2.0205765484286036	2.058002969093267	3.0969515411450863
F672919	-2.5675737106745045	-0.8025850116500003	-0.6976820586550005	-1.0648298764235025	2.12350797219	-0.6451023972589999	1.7326243535140045	-2.1527001510699946	-0.23263958293900022	0.5030953396150001	-0.5055783464595006	-0.5872200875465005	1.0527895180200018	-2.238427361138501	-3.779856936250005	0.8315257616349998	0.6435177629185003	1.4674277254129433	-1.367235818659998	-0.13299714826450035	0.4742834186520004	1.552423275054199	2.562124516857259	2.490925981177072	2.6700245471204425	2.199110013277238	2.3091339275642935	2.507106541817911	1.4219660711255129	2.57308650792566	2.5444835062065767	2.344019406466234	2.067611432339614	2.281183866661473	2.485141111392684	1.7768037123398934	2.7150430422892855	2.749495927448619	2.4868380819922167	2.3349967206371915	2.5825807804144048	3.075193989207287
F4403854	0.04502841528000009	-0.746606367835001	0.6382467098464991	0.7163587971690004	-0.7122110680100013	0.14168456617749992	-0.4214858575835004	-5.905445157	0.33901423607500003	-0.32135187422849987	-0.4219593790750002	0.2816798888244998	-0.13790713014350017	-0.11658551355	-4.556355042999998	0.31815109611099973	-0.1598993379600002	-0.0917316190949999	0.4913461769030004	0.0010273206650000062	0.6381364282999988	1.5414573812146108	2.6674248023925715	2.668860867032198	2.6885282104798285	2.4634812488214184	2.47758577893866	2.5624878053785514	1.9256915230041014	2.703912463405029	2.796260612572924	2.6739620560837256	2.615234536493646	2.7396246953288728	2.6552681067978514	2.1129129834352076	2.73698064110233	2.7883931282662444	2.760389904667914	2.57006399115308	2.772062680289077	2.933634020479524
F48887	-2.2272516047994992	0.7544612208950001	0.5959922628250002	0.3561455211599995	-1.5077998322219976	-0.6600095215490009	-0.3025596134299999	-2.7926113819549974	-1.4645681123550023	-2.0411874082495016	1.0537641182149973	1.6302052630149972	-0.6633728495700016	-0.27324397171999987	-4.033199725416598	0.726630374839999	1.7480879544971004	-1.5469064002279982	-0.041286165705	0.8452612673920004	0.5172780558199996	1.5351895293841702	2.231612526409368	2.5206827720405265	2.550804133234504	2.100196549702163	2.689790636862448	2.875048290306003	1.504752328117157	2.1455155864814124	2.2494012279533635	2.275063431267312	2.1536002642473964	2.607522386772537	2.70494166392074	1.814074352236568	2.5715125928408638	2.4075253773821945	2.378129630247084	2.6392455396182495	2.929665590848915	2.926755705208344
F199710	-5.66551666	1.0557637328790015	0.3867012711249995	-0.4181513316299997	0.3266932248944987	-0.019475810358300174	-0.20946194360499987	-0.3700066896340003	-0.24988817370500013	1.1492329927365015	0.8181992030654986	-0.571006669052999	0.014047811773500044	-0.28573641821649975	-3.76737110721	-1.022059710926002	-1.1911540508350011	-0.4306287080238943	0.2648850871439996	0.19430027178	0.5507422081800007	1.9652774340188548	2.591957662251202	2.5647481312892744	2.749091257317219	2.640266854564568	2.7138238600481226	2.6642197276757273	1.445257553657321	2.3940775733567254	2.541414225417663	2.3585732483904183	2.431481168502179	2.5409208724410193	2.70635648598459	1.9251480377504904	2.4797852949252315	2.6020506768734473	2.5577822473694525	2.7415033767806998	2.841427951595327	2.9252676935373407
F4472195	-2.2230814373650007	-1.3205060127249988	1.1603884250309993	0.9038170143549996	-1.0685221091350015	2.4731056111424947	0.7755673403250007	-1.3541023650489972	1.0125888291050005	-0.9241651297275002	0.2871474037854997	2.0513535680099984	-1.3269273642799981	-1.6553117499749992	-3.531096933819997	0.034805375515000014	-0.4971888364449999	-0.6702363043250008	-1.254144579019999	-1.1996793156900023	0.37328134502650046	1.4694383929443877	2.2189089198945835	2.554022131536334	2.600707539471115	2.185205248039499	2.148969241930006	2.5133738835380877	1.4176922486476227	1.988225596067846	2.390879781717185	2.3676090084125176	2.1050344107323906	2.1478031993028597	2.524441451477834	1.6394307181260555	2.0845292449675843	2.392873661575036	2.4290095454363434	2.4477562051356836	2.4874301007853927	2.959020424554696
F4379957	-0.4286682014651495	-0.5123229069900004	0.5007637090500002	0.35299582240500044	-0.0020370346365000042	0.3140168124399995	-0.7124806222369996	-1.231530162369999	-1.8110303582249998	1.6826698771649988	0.790407241940001	0.18455433713000002	-0.14302842948000002	0.12696117404500007	-4.270974412850002	2.173763665884503	-2.036498240300003	-1.1667230166199987	-0.3160880908340006	-0.2260005933249997	0.5965311193199997	1.4036206579226587	2.090137014415869	2.545344104328238	2.5698066074211727	2.0359570989294316	2.014921157954571	2.1722413699942367	1.3611767637364796	2.2184703168993583	2.420108442026732	2.3340150494517853	2.0391385150856913	2.049281042130519	2.193276109953013	1.696065861010671	2.3464690709053775	2.3736912481751364	2.5980356863157295	2.573208705569336	2.6330020045879685	2.99674700753665
F272978	0.09293109824500002	-0.710973210358001	0.7775383606050016	0.7248299538384997	-0.47194840512599967	0.15190419852350012	-0.7260062281999994	-5.895892198500005	0.2270241031115001	-0.3530535342449991	-0.3899668658699994	0.2053067500950003	-0.14464662684000001	-0.03361214929549992	-4.688045977580008	0.14596564868999998	-0.13437575637999982	-0.3014440613949993	0.1902191723150002	-0.13371487856499983	0.7325928681435004	1.5412599635037767	2.5828845542826935	2.7062510827273463	2.779665664955022	2.5308746501961714	2.3828890277932224	2.652123680762392	1.8990446957178237	2.7233562109296083	2.6992369411436083	2.734517373363624	2.6160292672563146	2.646908798959185	2.7186877007269326	1.9754097139033988	2.726058678500522	2.8712824910104366	2.6797204348989445	2.7031369335065802	2.6357837961873765	3.014290326444586
F338570	-4.893237693999998	-2.484732234364995	-0.6882929327499998	-1.389538524169999	-0.10918216547499997	0.40808063403500094	0.33630548729700016	-0.6538660760700011	1.2600842267249983	-1.6756099345249982	0.07833462733350022	1.3625314892399998	-0.28045180791249996	-1.0356694715845	-3.419663479905	1.003703115412002	1.927399911554998	1.7239247573475025	-1.5441455865949973	-0.2538853736300002	0.43866389395500016	1.817770214352945	2.26459298880165	2.6152322627114057	2.7214127409421778	2.5936486564830745	2.643082279480778	2.9804581635358183	1.455974272436675	2.1964305181928285	2.448878758419037	2.42189426173963	2.180637269148252	2.4581561105337686	2.6997868963115272	1.7262171172225973	2.6931035536319845	2.6326078453739243	2.528267301462038	2.385380219987216	2.51713869622796	2.9825741260115404
F4403974	-4.148588167487506	-0.9136422719349993	0.5139091205399994	0.013416358211000025	-2.2010215391649948	-1.1226029983300008	-0.43685232614500036	-0.3598788437700005	0.4955059621300001	1.2058555301049994	0.5676437881610004	-0.47977535656100007	0.40438609828999983	0.3373681028114996	-1.0864605447700018	0.5081778383599995	-1.9621210861450011	-0.4851491606604997	2.444520192555996	0.9267353444949994	0.1820845591149999	1.594513614490223	1.8713644213807339	2.4898774317480177	2.5215486118843904	2.3592854895053494	2.565739039247558	2.711861833929937	1.4080101832204373	1.8151402834570285	2.1210657768709043	2.2948035304152112	2.057263939088856	2.0261472783765635	2.6343184353656928	1.54367862166111	1.7992880592056486	2.312305293287824	2.352147874961507	2.2598939341842965	2.1169644781599963	2.937900728797262
F2052289	-0.5583026204620003	-1.431351012109	2.0005257958050007	1.8331454438749961	-1.1380194607840017	1.6938919654150002	0.12426019152699998	-1.010217647615	-0.18965032774300009	0.10210258755725006	1.3000389222864996	1.9249659983200011	-0.9446244640854994	-0.8488215807095014	-3.943818430535002	1.4300484569195009	-2.561336915159999	-2.4793312881850005	-0.774295918799999	-0.7173518255299995	0.533941581366499	1.471852265080943	2.143154700194582	2.5376902859961543	2.544113831457159	1.9338002802292822	2.012508910798915	2.1636404006571968	1.4451557668540265	1.9774370642981762	2.468518603743753	2.3486629945306174	1.9505014910221783	2.018370152142965	2.1359063346957274	1.708277187903437	1.9538204732771591	2.4392773650310082	2.4177481261128695	2.5116969527143587	2.613405668388975	3.033938235351813
F30587	0.8448289200984995	-1.221621820212999	0.58000614655	0.695005807939999	-0.4458560651965001	0.49711973927649983	-0.811874036085	-6.1151113735000076	0.5654206573115005	-0.35038288643950016	-0.3742451208970002	0.30814035873649936	-0.2697707608300004	0.18630309552000024	-4.88426963487499	0.561095196214499	-0.05271645888049993	-0.30566017776500043	0.14725317065500013	-0.11824780150149972	0.6982650712799979	1.4824490902866514	2.506177981638077	2.6806392330012194	2.6133520162703294	2.356461314560285	2.429575499052529	2.619913342253003	1.9248182279277413	2.606207801200206	2.8249497270075556	2.7311813292360525	2.5936315657856546	2.6546887893291835	2.733087637918696	2.0478125550801365	2.667192912274482	2.777254822769885	2.760390688241298	2.5750449415421475	2.7194116627397715	3.0103019660875945
F3504774	-4.319483517594996	0.2673867029240001	-0.4165383379999998	-1.0798556295549981	0.129544198195	-0.19358848223999994	0.18072879668749986	-1.4319999266350023	0.16076763757000004	1.6133835559050023	1.093892166459999	-0.9701850718299992	0.36508136617069925	-0.9873186887670011	-3.728789720624995	-0.6004459926100008	-1.2400489545249984	-0.32520615923499974	0.3568288514300007	0.017321362944499964	0.4529965202950002	1.7548624428847723	2.0845740500430185	2.5950605741055512	2.6023346855549097	2.683983210162475	2.657218436018095	2.727350675334787	1.4612946925091317	1.972504594122467	2.276549506671374	2.3863827088705403	2.4729895124798422	2.5879565146396133	2.707913802883129	1.838597174145932	2.149290248960546	2.4558181422256284	2.5803305936825462	2.6512214756782835	2.730450923448591	3.031667294736306
F177697	-0.9315604094379983	-1.2525134417149988	1.2084215399679978	0.9595684031647487	-0.4138449186599994	-0.07040765532150005	-0.21038575735149995	-0.9470511248594978	0.9665095119000002	-1.0689246899399996	0.2330997000444995	1.355507680430001	-1.3256608927897016	0.02472384464999999	-1.88328109474	0.31923869178299963	-0.9120906346549998	-0.6655138154799984	-0.9619665603850008	1.526392289234	0.22123243568399967	1.4079138724218097	1.8031985422759431	2.499199794281871	2.4326500098851276	1.8475069337994046	1.8687032486475825	2.1060467964917513	1.3723550744219295	1.7929308068383716	2.3067287753712877	2.2840169531740884	1.841069318696315	1.8606934405389155	2.116258526705109	1.4543283693678462	1.8145579453418754	2.3822374356120806	2.4215664433002106	2.089273841334373	2.1255253851374	2.9640343082881118
F290396	-3.316565393094999	-1.894538563839999	0.551916685319	0.12253367014999998	-0.3746028085715004	-2.2406513954909997	-0.8924804802250019	-0.6790259586080006	-0.17310944933699973	0.8742948562199985	0.5389128877350006	-0.2843471716150002	0.41029034366750017	0.5293643744840002	-2.8101825695975045	2.1890894930100018	-1.483675058219998	-0.7353976555985	0.6756899584654988	1.8425007374699982	0.3498191713549997	1.5576569451000641	2.2455764635327484	2.544632283297015	2.614331800290218	2.1958632843820753	2.3463174220860803	2.6122141181667504	1.35349541531114	2.175343993576674	2.348723115555721	2.330068237875379	2.0577353829358653	2.2299796589108687	2.6420063247067795	1.5853124137956247	2.394693981386193	2.4424369337363805	2.4294306796915923	2.419723814055172	2.352424464821767	3.0305448630124237
F190219	-2.083127812695003	-1.3165979754699986	0.10546093534699989	-0.20267003226149988	3.2950016541499996	0.5440852168509993	0.08764416653999978	-2.878248382949995	0.3775693487749996	-2.1941456927450007	2.2501489363729994	-3.011810078215003	-0.8241067483409987	-0.4556324382385007	-3.5137559954999937	0.8219837253719997	2.0843079358699965	-2.1234741733369993	-0.3875565671849995	0.06420134003500001	0.4664421921904995	1.5456121633807367	2.3926227302457477	2.5949944748460405	2.6372770508514902	2.300639762848153	2.472522032833228	2.6470508467829412	1.6142787186739977	2.277436456593899	2.3344120165381117	2.349856682074398	2.297971037528395	2.712114040718037	2.960629745429209	1.8183004279537183	2.5251673533047767	2.4370264962263333	2.3536422804551944	2.5750393806086636	2.6737622131874055	2.951587090623207
F151401	-1.0213590377469983	0.08847611946350008	0.9409010783	0.9318209122939997	0.4458875359849991	-1.3271240945149994	0.2113044956050001	-4.963973237999998	-1.2274940051364984	-1.2584599341880016	-0.8869257177300012	-0.5367256116834993	0.12479176629000008	-0.4605777401000002	-4.511021419050005	0.6628464748990014	0.32909006293949994	0.08442679099049988	0.22525517800050024	0.845387428359002	0.6798250402450006	1.554043535590417	2.636549833329009	2.63957580122305	2.7494801486401244	2.4925858597803474	2.572640649671699	2.5589610200021555	1.7784226778890133	2.455910440584348	2.650766138407983	2.599380892114121	2.6150349921552234	2.810958989680375	2.8295494121350258	2.122546527019787	2.691867300522094	2.65141464188912	2.6850810368991413	2.623371938696676	2.715478454817893	2.9759089389199254
F265676	-1.2988891208380497	0.5742420130870003	1.2246234239400007	1.0080953281029998	-0.865753860808949	-0.04213105453185001	0.5592414487489995	-4.431744651449995	-0.13240375603900004	-0.4794108845099994	-0.07613579643400004	1.4905913932619994	0.23419258689500036	-1.2731907090849965	-4.832194848500003	-0.23689304070849987	-0.6500301594450006	-0.7832644903400001	-0.44777089900999956	-0.1209656388274998	0.793431236300001	1.7047933185507766	2.8839123172081575	2.7946478200605043	2.684286620628946	2.273750037217253	2.2091026416851363	2.3969146002276487	1.8090677193967781	2.7658310951496516	2.734245845389343	2.7178503867310773	2.4153144238719504	2.2624034071756896	2.4054388833668265	1.9881911287850507	2.792485397964128	2.7674843193294043	2.756545756494506	2.7659244577269964	2.710146037461318	2.9040205591442767
F3903651	-0.1973177615234999	1.7604217278065053	-0.3677509635299998	-0.460664769141	0.5246556196350002	-1.1070753603940509	-0.20939610219500016	0.3106677896594501	-1.6351114357674998	0.7900126942614997	0.5870877114749999	0.10946645054000019	-0.1635696420214999	0.06537346856000001	-0.387414242891	-0.32231139411849985	-0.6535805155699986	-0.1239530546299999	-0.6546816734935001	1.216203446395	0.046180363535000025	1.3984009967230087	1.7054123213394357	2.565738187276666	2.4096221719002724	1.7970284833789756	1.8593241251640698	2.0832727563057527	1.3758808660752353	1.736650802392866	2.012049928988393	2.039060913398409	1.777147447991376	1.882906831306911	2.090394117384738	1.4173983405898598	1.7443012243805585	2.0038555665553632	2.028793462435767	1.8236818956932999	1.9526070226809316	2.981903239702146
F187751	1.6484347774950008	-1.3150913083399989	0.7270098173175008	0.9175315073640022	-0.2486414794075	0.3040115534150004	-0.3016842429634999	-6.32710260685001	0.44517639427415084	-0.2648151156199999	-0.41952803635049984	-0.06899789084500005	-0.2286879133184998	-0.3119359712580002	-4.8898296039499956	0.44334687270900003	-0.14269433974499998	-0.29567319921000024	0.08560834665499989	9.754561999999233e-05	0.7626553105049999	1.5564644662772258	2.7597879934434464	2.6723521135929365	2.727514903319459	2.394102923682603	2.399568614853722	2.5879922506276203	1.8588026078486024	2.7538358683710737	2.769454319297538	2.6946384376354504	2.5243446525908326	2.6475031304801546	2.824222994515812	2.005568926073463	2.852334969983704	2.7693130961723504	2.6664031233923824	2.5968905958001365	2.6149563797775963	2.965735530059604
F174842	-4.717846335850006	-0.9618143386649991	-0.4004345204890006	-0.9946720761300011	-0.05532878078499993	0.3275279051214997	0.11930691229350003	-1.4005377976999993	0.4567937397439009	-0.16030305878299994	1.0122641076650016	-0.35435290799500024	-1.5825751630150005	-0.7300281873200006	-4.683864710149995	0.44721856653000086	0.27058635175449963	0.21171243514000007	0.6573339006664997	0.8311373660525483	0.6537324961950013	1.842879528280827	2.379605784077209	2.6241955976517954	2.6906328401741755	2.669904413068701	2.737956373306653	2.8371572639778897	1.4870235747510427	2.2608339897247176	2.5397438417090794	2.5301057449729103	2.410284265453269	2.7059882258523706	2.7552184801397632	2.0066998205164164	2.6798033199880957	2.761960587221997	2.706868768722425	2.5957017359957058	2.785983741025931	2.898217419519323
F150412	0.43935647746699935	-2.2311655534550003	1.7251919150364972	1.7542022351208488	-0.92691029841	1.3504305935549996	1.1300248481120014	-3.0411624579090044	0.3715724986399999	0.9783512279564984	1.4975036172985015	1.659312229368	-0.47218316259699994	-1.7917949136349967	-3.425707363650001	1.8766614154499976	-2.9184097239420046	-2.6475767950099973	-0.7875255341090006	-0.895499113750001	0.43916163955000026	1.4166952823244374	2.2065168078605693	2.542578018997462	2.444863956490445	1.9391519315764028	2.098702879768029	2.3662661895189347	1.4765821441923497	2.3339434870210085	2.4611515806574715	2.448957328809883	1.9598336158244989	2.132681894136208	2.45039440733766	1.6945149197637277	2.1635657974233484	2.519190239656076	2.4998300721672186	2.5096453295193193	2.6507526951347287	2.9896745802058877
F181174	-0.4929228520250008	-1.951625145909999	0.16031218866000002	9.769023999999615e-05	-0.3718944818105001	2.481102391441006	0.6984179603449993	-1.200555647209501	-0.15959389258499992	-2.2408563398600023	1.318790762405002	0.1795795877889996	0.3900895428699996	-1.1541037863549994	-2.5069711459850015	2.3367909231100006	1.7903917766100022	-1.2529602902549979	0.21946342608	-2.7459040362899967	0.4808530698349994	1.3243881998884632	1.9504751444273916	2.445840488854475	2.4749636934944466	1.9027970116857083	1.8836947117643443	2.241968228829239	1.3183089347711987	1.9448537715408094	2.132801610963138	2.1646099055038768	1.8758669415415352	1.9254540532219364	2.2818958036810004	1.483921880297948	2.3535148587727965	2.154445857934448	2.2347064491809308	2.0078201513993643	2.1827896680296686	2.985453094333182
F4472091	-0.9977509551554987	0.9554477220804986	-0.23108549741500015	-0.5426068010299985	-2.3640740943099994	2.1996521662950004	-0.30268816161649964	0.1281783731155	-0.2547801902500001	0.7153849228450011	-0.812744741980503	1.0357678464565003	-0.2273445587900003	0.1965514762084999	-0.05909147305050006	-0.6585679281384993	-0.43817236428000106	1.333645670638	1.1619758383900012	-1.670033319397131	0.04648775894399999	1.351651385121085	1.801785232663493	2.3655449358418448	2.4315393034324506	1.8180800518965428	1.8336446584792914	2.08252672636142	1.3250665232119683	1.8009821757997517	1.916451287760313	1.9764820140612869	1.7632732202608037	1.782545033904705	2.0764508184155996	1.3917794738869267	1.8151204306031745	1.9063086848505095	2.0256292405666225	1.770429505151968	1.8283742456824663	2.995066032756021
F4428714	-4.950727630050006	-2.0409552208801522	0.5512826630390999	-0.3894276850550005	-0.6789937307550002	-0.22186408383249986	0.4249552806099997	-1.2753129362494002	0.7771307053699988	-0.5490662660900005	0.6535466143899998	2.124624334325003	0.6683143091020001	-1.4009058786949993	-3.76900363049	1.4493731605150004	-0.5106878691800003	-0.5555721472849987	-0.7611521316299993	-0.33875915015550034	0.5008303210249997	1.8065492385658266	2.0556355582190253	2.668346071012687	2.636539084608857	2.6769402250164718	2.6981775858711727	3.014567190674699	1.5484850154362244	1.854564501079856	2.4877588218275077	2.6090744653292495	2.4759251350089637	2.44144875883481	2.8214621990503623	1.8662642805739336	1.9479561186269128	2.5428631667957964	2.7475178273062952	2.5531811674413483	2.7561493726544373	2.9697252539569754
F821330	-1.5820415524694975	-0.9172020208179993	1.2703213496850017	1.1503432454434999	-0.88510356241967	-1.0029510609300005	1.0724631685010002	-1.145216364446001	-0.30283690833850013	-1.5679683882899984	1.9099851352949975	1.1576309794894994	-0.04147258003500007	-0.9619872952404993	0.3166171995349998	1.0718067326774996	0.018657227175000003	-2.8399280139965	-0.18557052343249988	0.92477364999	-0.07444780375899986	1.3692212154624381	1.7849430667462631	2.45422873086072	2.3842115322884374	1.728551859546716	1.791635128197224	2.1007765497766338	1.3508177233821252	1.7643703974037803	2.123500111376896	2.1533833647100336	1.7272806181671791	1.7868230752743954	2.137958443782494	1.4238153724421583	1.775660323831471	2.082788467712579	2.1090370428586267	1.8113322727412215	1.8171655526712067	2.9309484464244413
F199716	-0.24772538986259446	-0.6584820452449989	-0.0012399632544999896	-0.17714287924970012	2.361847557104998	-0.7080148700635008	0.29267214444500034	-4.2901988139	0.7241070317600007	-0.8267026575400002	-0.46431732325009994	-1.6059822815549982	-0.728298938145	-0.3934950873649999	-1.589739838885003	0.0073477953100000585	0.592333698686501	0.9890044204300023	-0.9733996854599994	1.5165291860490049	0.27807546549300016	1.4170013390235652	1.8372984050241778	2.459675013693966	2.613284840138932	2.018882113097511	2.134808531366115	2.5978674343874903	1.5570356636712948	1.9149179359524329	2.4100423997052203	2.3686893871184966	2.3256117465310666	2.498892721893182	2.629783422946271	1.5053766282122012	2.0249038285712926	2.2898989601276405	2.316829104024766	2.2172519704280336	2.2521848085187046	3.0300241867793605
F172857	-4.169064635999999	1.815613793650001	1.505140274155	0.9105799323625006	-1.4794222940600001	-1.2988723034049983	-0.12813175658450002	-4.293991490100003	-0.24896213386999977	-0.33364444334950044	-0.1627012537810001	-0.22309383642500039	-0.42865406746449997	0.46002388462999905	-0.5261244308704996	-1.9910788132299992	-0.9879646558285	-0.38127230788500033	1.281344023159997	1.9182622639850007	0.04951703605809999	1.6879322772719638	2.6581558951552897	2.7379059352951853	2.6799420543166486	2.456184730006084	2.637089484720759	2.5377819633539436	1.6292078738115112	2.622149976798224	2.6108156656167476	2.546687616069915	2.5943936064042274	2.4774808509740893	2.557669190982108	1.6282019633531681	2.5454092930688477	2.597915864230427	2.617830902389203	2.5250396708852794	2.4900636197907358	2.888080241774567
F178811	-1.1979333131549967	-1.0087461738925005	-0.019105191924549986	-0.12967036242250002	0.5454236452999989	0.12140268338499992	-1.3666732375850021	-6.007284824099995	0.3101206192399994	-0.33100362477149864	-0.5520805596934996	0.3535944523044991	0.3196710964710005	0.5046360617430002	-3.6143329330850036	0.5941537765495007	0.41697239419499976	0.8164056177099999	-1.1439161524300006	-0.5428745183729989	0.494877385784999	1.5840671022906145	2.521815606803669	2.692796969634451	2.5426989644516134	2.27264282596415	2.323516799296489	2.7540974188698013	1.972166847854453	2.6884782657418023	2.757270991648788	2.6346129771272784	2.5069061510382418	2.7054046795854303	2.986802393437495	1.8422084613080192	2.74955743398404	2.6449403571616785	2.595426531944361	2.365740287036662	2.5668553572884956	3.100074708772566
F988375	1.5257302313200063	-1.191287478409999	0.8729113116799995	1.0628896899849982	-0.3450553276249998	0.1907399170405	-0.7347282240971511	-6.229720049500009	0.44486272058000065	-0.3414062159850002	-0.4799819068194998	0.1391366360349999	-0.029982631095000004	0.17019704741050015	-5.0289267480000035	0.3376791445950001	-0.2077474042250001	-0.2559689711249999	0.1492477734284999	-0.1631044021589997	0.6337223428850013	1.5755386314313853	2.565125781101302	2.6882598431533307	2.755167991717689	2.4971175101716283	2.4394401512161266	2.611311101046202	1.9380014072855014	2.7470729010631576	2.6779684402861172	2.6927962402516292	2.622424200920489	2.6114198336138905	2.7430668351311915	2.0201936505593627	2.743273189410864	2.8313452659554352	2.677430213311821	2.636765651058365	2.755577908108732	2.982809328684664
F198542	-1.8939272592635015	1.8676581231999994	-0.9489057627860006	-1.3085579095150006	0.06923394558499994	0.8159236571149985	-0.9157647447349997	-3.5744131948199973	-2.4989975395339945	0.30137078359200026	-0.3998446891800004	-1.097385969471499	-1.116712643072001	0.10817737069200004	-3.256626671465003	0.4923949915599999	0.8929756096999997	1.6815256219299972	0.4785385652145005	0.6944232053360009	0.45612459451850057	1.498846474689796	2.250262858397393	2.587828146491827	2.4881854285011245	2.4057615227237097	2.346468392472288	2.7544920276231575	1.6024889819443964	2.211088841466397	2.345228060448399	2.204951666329036	2.4743791273071105	2.60514891133444	2.90306736175358	1.6436142958204145	2.6216981095804024	2.606075143792465	2.4097545340864257	2.4863104255882584	2.4578289818800316	3.0012826475910495
F189820	-1.2280892227099993	-0.8404645416485009	2.0247626057150034	1.8573118453970023	-2.503746745849994	1.412568317616999	1.1511808395089997	-2.4710293252700075	1.613151075984998	0.018488549409999954	-1.011350605004999	2.925244099704997	-0.7580232618859997	-1.730201539419997	-3.361537915215	-1.2691806059570472	-1.9601977649999998	-1.0171492908844997	-0.33264004699499944	-0.4782761737455505	0.4518566218054997	1.4094882664960202	2.196288253891241	2.6077650839695634	2.5593210688009145	2.261308420586373	2.2242194496159775	2.3914242590060577	1.3977386223085548	2.0360219928893204	2.3220851399087525	2.402212537031679	2.2522726492095257	2.2308666731416915	2.476902248038376	1.794266865122868	1.976989483635595	2.4916567435470123	2.5389806773463484	2.7842245192951425	2.724747503004233	2.900785777878305
F4451152	-0.29209874126000035	-0.9853191123220014	-0.047388337340499895	-0.15693785727999987	1.7451328896450011	-1.331025338675003	1.1726380563699983	-4.0378152514000005	2.893235952494702	-1.056709920604999	-0.5595080658365001	-1.1241030350100012	1.3384414152199993	-1.5500026825630004	-1.3769956307819984	-1.7709316114150042	0.6019458476799997	1.1484268616650002	-0.68036733873	-0.044541992729999924	0.20036556825200036	1.3967907906222905	1.906093808329872	2.3809895399845704	2.493301084954111	1.8709499533823413	1.9740307603502187	2.4715598638784853	1.4546327391106313	2.14802782921249	2.3580860572571454	2.38537217223864	2.092139289986118	2.166503561198509	2.4863902015943866	1.4707250812120676	1.9235329792628186	2.3047880617540395	2.274156259696648	1.9538302633877416	2.054404715499794	3.0050874738348305
F4373156	-0.6908244502249998	-0.8979879650989381	-0.3066443579405	-0.34808179449999976	1.4507049739749989	0.6398114415814996	0.00869418653800006	-4.226097720800003	2.390909424504999	-0.0035084718300000253	-1.078943542809997	-1.8547341400800037	-0.5678886479349993	-0.2836312989120002	-1.597537162472898	-1.6962269482850034	0.26408698595199975	1.6973565934700017	0.4677508049300001	-0.09391352330499993	0.29959868955999963	1.3620418050465468	2.137119886892474	2.4685896810366024	2.495972647773011	2.024353710304415	2.113387226407459	2.7497022334333274	1.5369149467869778	2.342337776029254	2.318044291036916	2.230777964884712	2.33296095494381	2.526558906073391	2.818361505849282	1.5089578183901504	2.376291052208386	2.3975159473203784	2.4170588816840555	2.1351666102231532	2.2679843239944004	3.042604345300604
F361845	-3.0300874501323016	0.7313901007950012	0.7854850533050007	0.3801619899249998	0.8810595777950007	-0.12619420977999987	0.7542832049134999	-2.5216191025249914	-0.9575545704949999	0.02229175033500003	-0.21608970728500004	-1.234384160429347	-1.2764735604694986	-0.9338311759149999	-4.723584047375003	0.05247189633199995	-0.3664845829080008	-0.24399832210999978	0.41578226279800046	0.824211052424999	0.626034493865999	1.7298967241552374	2.7226588954875988	2.6640260682773658	2.66907473817526	2.0506169902755405	2.5811961078386623	2.692772098898803	1.540823534150826	2.5708616125748	2.5461359475324516	2.442319516274835	1.969722117248586	2.541959257560958	2.7306951664156616	2.014445768800129	2.857147943043613	2.7867755195151376	2.624173020400189	2.585750234020418	2.813165367391712	2.9603181772385128
F339087	-1.2411249926440002	-1.6960218517050007	0.7963041611450011	0.43523303906499955	-1.2946345573700022	0.3905289870350007	0.9373268473049993	-3.3934218902050044	0.857673486928749	-2.3143936088800032	-1.7402898588595	2.065540823175498	-0.9261095619949975	-1.2282800365890014	-2.250854614695004	0.8459502646999986	1.4044889613264981	1.7422605844249999	-0.5975012751549998	0.2107594002050004	0.2560745527549998	1.4547370737226624	2.3748201027307934	2.58565040724093	2.531486111415374	1.9074532069794772	1.8727777675646888	2.5114369927494145	1.480811651203145	2.3350123373286347	2.561733785906719	2.4412343724276497	2.0384779205973063	1.971846606876302	2.5304737001613136	1.6161767241523368	2.609406572781161	2.7259676109424915	2.4327064425851153	2.042280749867884	1.9613764374342717	3.0323717496760243
F849346	-1.0078275055060006	-0.6501629643715008	0.41269196017849996	0.1576305574199997	0.14888027858500008	-0.24197840077400007	-0.4986379160520003	-1.8675153410250005	0.1848239730629998	-0.9902480231517011	0.5495998024350008	-2.2213705481650003	1.5565546159769998	0.28029831977950015	-1.555003945889999	0.4971480663999999	0.6695442808987496	-0.6887525838725005	1.9262602517864993	-1.1992975230555034	0.20894228002050008	1.3992210392580209	1.9028056742917927	2.4201866433791133	2.408051908596999	1.9304245507179194	1.8441041699160718	2.176490231986197	1.391707513068537	1.9226677798935543	2.1626560251733773	2.127588342892848	2.1314604816660174	2.1023022322096594	2.1548490952465005	1.4599839185845562	2.054437288593025	2.1711872343420584	2.1130075127006087	2.021941575621285	1.9453141071186508	2.9961550012975517
F4465746	-0.015240787285	0.6970868788399984	-0.4573803537664998	-0.47973665063999926	-2.0499717761799965	1.7089168051254982	-0.515728057715449	-1.4050796927039977	0.982668226681998	-1.1815996627889997	-0.26698986838000033	1.4628666278795008	-1.7726640768675055	0.30066575983999977	0.5715015422260006	-1.8872811264450002	1.9227388105299996	0.6949731318099993	0.7976925144249988	-0.1552439373684999	-0.21402049301499967	1.3155309215017017	1.8331914456674334	2.4068561501187817	2.4769687994601486	1.9596612639549902	1.9973821635055813	2.2169304553218367	1.2878256831938997	1.8738611449013949	2.0959251803239267	2.066608207932032	1.9101981285022265	1.9934593427042104	2.2581651500677604	1.3681166058380407	1.9750325971752747	2.1185523226005936	2.127906427435855	2.0382220032159397	2.052959797080387	3.076083521685963
F4094866	1.634303998885	0.9915049542900018	-0.5610981020399998	-0.36086511924499964	0.8433671236134993	-1.522948434733001	0.2733328947395	-1.0914314349599976	0.6562501515479996	-1.298377578439999	0.7184692011714994	-0.3372993362224998	0.29017510199385005	-0.7765125961725006	-2.706005512164995	-1.7484865640939993	2.0314102243249987	-0.5322316688205002	-1.019878806185	1.2779704387800017	0.3840627471694996	1.4104829944178694	1.8204999119713248	2.508784153039513	2.4192568838819417	1.8409849789206982	1.838589188777859	2.082393532255655	1.3585928861819583	1.8291428256783195	2.047374990957815	1.9669688760643196	1.8851667763570592	1.83310220813569	2.100303047936003	1.4682026132253667	2.1280530575946677	2.1171831099398446	2.0166920271001803	2.1379960575095236	2.0859122345786294	2.9817235255628107
F183849	-3.499326906925002	-0.5221999991299993	-1.9742735565050005	-2.4872146765400007	-0.6054560133359997	0.09825629113000016	-0.14668558423800002	-6.206581584999994	-0.11086476304864949	0.5791989468569997	0.057311413213000074	0.6997500752839986	0.7164884779530002	0.16502345866399978	-1.1120900768899975	1.044436596960999	1.0990114346250006	2.649539299235004	0.16232837356800017	-1.191117804128	0.1204456328850001	1.8008221087691616	2.337216476246196	2.5672939316408643	2.517705758983916	2.6937757134685776	2.9348243556927502	2.8377917171769123	1.9338235704295728	2.7599833018912685	2.6756642246202937	2.660395098988181	2.6872236004013454	2.775864464806502	2.844761545499503	1.6940391202403897	2.596319664562678	2.484941529407825	2.538817507196394	2.452002594220741	2.715232260626095	2.987683746380626
F4395096	-4.704619177800012	-2.3747691972415037	0.6408271445349992	0.010943724545499967	-1.3567976783849989	-1.365507813944504	-0.8322988687079992	3.904965832150002	0.058515057084999975	3.605503428145	1.3592447946849984	-0.3525829893700001	-0.2578230091415002	0.7875672094589993	-1.4084381975540021	1.9539904345389993	-4.546821538169999	-1.4108701338184984	1.2652693663500032	1.897063116655	0.3407564140799999	1.5569341388979534	1.9294089582209322	2.5726719628772563	2.548329705465493	2.4868284852374773	2.4828128440145134	2.6091279187422263	1.3485623748078908	1.9103709926222603	2.3217625626732823	2.266844241130611	2.325920035941217	2.3069451601788162	2.490245382133063	1.493302784581088	1.8908682803437125	2.34479095958787	2.348404116066138	2.4691508453371562	2.4130492599631865	2.970146020155885
F1912118	-0.8160753995499992	-0.4704548875104999	0.08144710189000015	-0.1579081439950002	-0.3746346820154999	-1.0741475135315013	0.7185131172799999	-1.2187114351600001	-0.00793830360500002	-0.7423857425549992	-1.401405413145001	0.5728628416799999	-0.49135811987500005	-1.1909533411460036	-3.4219021742675046	0.5515780143974995	0.7226403151899998	1.6590939081849994	-0.48215881717	1.5512182140249995	0.5144436390787003	1.3574698550794693	2.1274701036119796	2.539382263655181	2.630197660244186	1.9421816032935282	1.8965278177701688	2.1851525643973493	1.356326286743798	2.1151748457460022	2.367633575195403	2.345568811691821	1.9470104695699004	1.9432567236366196	2.1856501062386697	1.6070616890673513	2.707289833862225	2.5843951977587016	2.3286485975098032	2.2040502336336236	2.153254475801091	3.0034743694649095
F592913	-4.976298038649998	-0.22996233485500014	-0.5633226220714994	-1.2696371945955007	-0.45739433993359985	0.04731807586000004	0.3164972384450006	-0.6894763405950005	-0.9941820732199997	0.2781404931200002	1.8437421995700003	0.19910221883999982	-0.5271076376349999	-1.2694943711750004	-4.9627899307500005	0.7566555702265004	0.3435215148544996	-0.31394730407	0.1442686186089997	0.28287717248500016	0.6645103570850011	1.8791149413841974	2.48047133324587	2.6927527019822097	2.680989424888347	2.639845890971582	2.5230708543975897	2.7267149690988117	1.530545464443258	2.5000366647021126	2.6178376363688067	2.54010142853081	2.3984117427805396	2.4420194671986626	2.813676579444415	2.0348291996216963	2.6705911807333975	2.7741570354374	2.797043379805131	2.758451040780099	2.788591554069808	3.055241568372557
F849110	-1.6132983695740002	0.060667708894999936	-0.9417731127299995	-1.2639994623200033	-1.9458077341999998	-0.29880296463999967	0.6308273044855999	-6.339120723500012	-0.2888085105745001	-0.59899556141	0.03929061974500006	0.39703420829650055	0.054450920710000114	-0.5636241013349993	-0.9911043696800017	0.49930728064450053	1.7802820329614977	0.9559787675495005	1.3065152101184982	0.24333148845499988	0.10872159022999991	1.5560286730629087	2.5413948490027547	2.5099235789569776	2.6314920607202525	2.3032957716846587	2.505235025852731	2.6394114458989955	1.8830221691445164	2.679472734601291	2.6649886495340347	2.6664039465569536	2.618533531188548	2.7388612106397185	2.758714094714333	1.6531787905369677	2.7519798158673923	2.5778795870353894	2.455514351569712	2.3047413350755366	2.441561421011121	2.887509993310125
F121873	-2.000165404044998	0.7971123393400007	2.0726509439949967	1.8581336531800017	-1.5253154092399999	1.9994396823700025	-0.1800140932270001	-1.3826399896999972	-0.5663542100918003	-2.648000977579998	-1.080623010267501	1.815599072384996	-1.804877196411297	-1.0845779834794984	-5.313332803650002	-0.12357665484799994	0.12315242621	-0.3805708370350008	-0.15723071984	-0.15907982728150005	0.6937484021499992	1.5838974522094729	2.6838701668357694	2.66550475442016	2.670069775976651	2.07353728133836	2.051123123551993	2.5542153286170275	1.4482351617802875	2.453658479105754	2.4386440687282334	2.5453725788447654	2.0997919099815263	2.0591375245516	2.586377993513112	1.9425543922514255	2.8440979648630598	2.7542446048084783	2.597092412154868	2.5036221656135225	2.6483194283582447	3.072449382873713
F3973322	-1.6475283198950013	0.3576012399593008	0.7330652807299991	0.5877691573100006	-2.515669771784996	2.6602636752469957	0.9109905062849998	-2.620442244700003	-2.1098748225449957	-1.757822054404998	0.29111309834450044	4.672817126649996	-1.509739463339998	-1.8448394917149997	-3.4369274507999945	1.495452410325002	1.4563714108999997	-0.8187066115255183	-1.8983925625700013	-1.1658220899899998	0.5534240334150009	1.497282336466116	2.5452401601159327	2.5651301977413614	2.7131542968663687	2.1363103933497225	2.0382625861106916	2.4238180818320525	1.4687359226187924	2.5086345082436745	2.5894542882770737	2.3727177112033395	2.1493703818539496	2.036155900925291	2.4004004165831496	1.7090616924523219	2.6279494958784784	2.570925183965508	2.3540257389521972	2.275208530079922	2.527055308101442	3.029566720032022
F147100	-2.557989638800002	-2.737227684582002	1.1790390975890002	0.8672915782100002	0.03628620483750002	3.0613152397499963	-1.067152115638502	-2.0366972325735033	0.6023654941699997	-0.556650056256999	0.719485438142	0.19778411749580033	-2.8336423253899996	-0.08369171474500024	-4.165877922650004	2.273014515000508	-0.9829388814900015	-1.2723570764250003	-0.09659223345999995	-0.14817939890049958	0.6476993805423498	1.5229826541923563	2.034833168667815	2.5141888579208858	2.5053833685047677	2.269882319335971	2.452835557481508	2.7763324342282214	1.5633240479592767	1.9640934885314991	2.425174941478176	2.362843100715374	2.1428144188242015	2.3695298024222193	2.8806867392569018	1.8027786652269593	2.333578936401267	2.526742029916052	2.56098692418661	2.672973498519241	2.745726639469164	3.008176859868782
F350398	-2.1390807098199986	0.10629571914999993	0.12135245228500009	-0.055676911540000096	-1.3652174842149989	0.5928206270849998	-0.7308620058454998	-4.821940055505013	2.330735993995005	-0.08896012428700012	-2.7922930232015006	-0.14524430296000038	-0.30912578439399957	0.3386644198849989	-0.8669038610044996	-2.3959055927000006	-0.005392976070000021	2.8349390219400017	1.2437206526234996	-0.1720648291200001	0.14405148658499997	1.5013157113430509	2.096770068701958	2.536228948040276	2.505058293409293	2.2842734886590925	2.366553699866157	2.862682672118575	1.6965301311672623	2.29157803425907	2.2671986000205577	2.2763681320954507	2.4981963815305024	2.7356438932176337	2.8521768250549195	1.4999348298299402	2.2325757437175047	2.3337521012471303	2.2286577905877927	2.194334796950363	2.330895826980179	2.990783480283815
F2183213	-1.6283696039329971	-0.9978726911649995	0.35859573799049915	0.05673695603500003	1.3026703183569983	0.20040428834000049	-0.9979292665702004	-1.3125122156850006	0.5473085763355	0.0022225366065000427	-0.4066750340669995	-1.530798954231501	-0.8462525132949997	0.5345354073999998	-4.919131944099991	0.27938797230499995	0.10840148485999997	0.1190571342794999	0.3573996224	0.6385544174044991	0.7085100317594992	1.4884604599541367	2.2970662649118387	2.6030363439030486	2.6478689833692144	2.17147433963206	2.248072591407527	2.380949865064719	1.4289619329217396	2.2638395382423053	2.3950432175811445	2.285267163256614	2.1356669843391702	2.403506959152041	2.4468434001339436	1.9990507834882585	2.9034051192986476	2.620877547815679	2.6478231556865333	2.693321765308949	2.764235905456401	3.0581515211506383
F4473509	0.34234534062399996	0.2825062551294998	-0.41708666922149984	-0.3486300009529998	1.3851086014950005	-0.8653298448160005	-0.15746869855	0.9593452620399995	0.2239744876389995	0.19844771799149996	-0.461618168875	-0.03360652174149998	-0.2759113186099999	0.3676386134140004	0.3051399499500005	-0.38894705530400053	0.2795350745150005	0.9298853488520008	-1.2053041970849987	1.1362676734100003	-0.0014163888785000214	1.3185072977938006	1.618329118552616	2.469746045338232	2.51527704972634	1.7545604709417058	1.8070292166017596	2.0475638781849783	1.296654686869957	1.61262004462324	1.9534167827103206	1.8808989250139916	1.7506271895466523	1.8049899000288048	2.0534403153856964	1.363296832745685	1.6258702660708642	1.9653115738344662	1.8953343306848163	1.758077898810954	1.8262101543600031	2.9367530868516325
F4384516	-4.185560843900007	0.9619727128200012	-1.8019024103149974	-2.393343356948998	-1.048193317319999	-0.639042500479999	-0.5190200098300005	-1.4818943101650006	-1.7446174067284952	0.428221442950501	1.9452966315350033	-2.2700591926800016	2.0188283334599992	0.10388590269099994	-2.7532740643350007	0.8447141263854981	1.0526583810199988	1.0357349195450007	3.3095063637199935	-1.0376918356050011	0.4337954899709998	1.668443894325988	2.225356472122245	2.640050204848112	2.6453646406777116	2.510544829286279	2.6877826209076785	2.623655691004144	1.3918603462193777	2.259487735118652	2.4740482404484005	2.5065165501414715	2.2315735505207726	2.225085668500661	2.6276495322088786	1.744146847199751	2.7321786157620767	2.611150075810299	2.6071868631679544	2.3122024883495444	2.237781164215267	3.0703894455839906
F360660	-5.586138953800006	0.6267128161599997	0.7965197961000006	-0.1466091079819503	0.04333676366700003	-0.10817299635499986	-0.46969748834499986	-0.8027292079085006	1.3715687569249984	-0.05559456502499981	-0.22174251676500023	-0.23324628083499985	-0.8799640808249994	0.41163393085999966	-3.4536217171199963	-2.0293580138520033	-0.518602183825	-0.07215271056749997	0.27203555878200025	0.5000841271559499	0.5583680280595	1.928323234769314	2.7473495107855714	2.782248947098396	2.8709297615429596	2.732150224839627	2.744898831938367	2.698618112824031	1.4506530476538957	2.2372267124730083	2.366874376433097	2.4976440191840763	2.4346744965345155	2.5690158737825017	2.7562048143893563	1.9123450906388786	2.405421301194081	2.5475087532119836	2.5894975431393554	2.6760637908728993	2.774725819564688	3.0137983567924795
F3943186	-3.9963808499000026	-1.1079321456199993	0.2616296630349997	-0.420616388245001	-1.3349390040319982	-0.41743006146649964	0.2075836222799999	-2.5117826568200017	1.0886817241000002	2.055437504142003	-0.1606920364050001	2.2258209414850008	0.9800417375375008	-1.0277014513000018	-2.814600833139996	-0.03412870519999987	-2.3100249586299957	0.4793766084280003	-1.1869112474640016	-0.6212033307360001	0.35601420565500014	1.7249923798197653	2.3624425135141407	2.5907483341418405	2.5274046613333656	2.4421106432748596	2.691249743323316	2.7284730572798916	1.5520722405972989	2.49441298587073	2.449298730916617	2.2599366365100657	2.3601219237805284	2.37832572880792	2.7660029402969397	1.7313955287961136	2.2772943238786088	2.3980113821684372	2.370779925413306	2.5187738019158674	2.5716932008857007	2.97824846899467
F110192	-0.8107667478399992	-2.656835913676999	2.5951760339804975	2.4759419022940024	-2.816507769729994	3.0460119640100034	0.7756142646180015	-0.09599469410500015	0.9728898400599997	-0.13197543039200002	-0.6989010834165	2.990779986523497	-2.0540252544650004	-1.293206817994999	-3.9125546739000012	1.505880656854998	-2.750219331125	-1.6304749201299977	-0.44550845177500087	-0.6204664989600016	0.5202209009395	1.4620569625166937	1.9940869669907262	2.4534944973789163	2.5496296597804116	2.030557587994289	2.1441165582451798	2.146393757875888	1.386044162917023	1.8492947108155202	2.1922505776644114	2.2706916163453092	2.023178006031607	2.1205013786832265	2.170385808456134	1.7018946220940174	1.8654301100674446	2.355842327687065	2.471924054408525	2.6095627661133567	2.596472571423072	3.089227603384822
F4456027	-0.05984969432249998	-2.8070935818109963	2.3176595627884944	2.3392638115250026	0.20466364317950012	1.1597730522849987	0.5264172219854996	0.38137370009	0.48065534199799986	1.0783549724459984	-0.43686239779499997	1.214654739469398	-0.15704417288400005	-0.928369601860001	-3.215441650939995	2.1493219069370015	-3.3733150416499997	-1.657880157734998	-1.5915288140350003	-0.8341183081560003	0.4472078927500002	1.3822272611065312	2.0472292346083076	2.496807591662676	2.517220662421745	1.8942737857803704	1.9798060123523282	2.194055510648971	1.3391717091557722	1.8442712197902322	2.2227232193291724	2.143843533454505	1.8954326454493848	1.9668549700457987	2.189329488570974	1.5694942741705362	1.8014107204985625	2.231774718492285	2.207454630721552	2.2979937215283512	2.479902637558294	3.0165038075221404
F1135084	-3.126906097962506	0.08200389341000015	0.10288429566049975	-0.35183619979499925	0.6935807162199998	0.06627988952999998	0.43534097528150034	-3.3639841543249998	0.143150288261	0.26973507564050003	0.9924219785185008	-1.434427686134999	-2.2518356767450034	-0.7102975185170005	-2.8907946407400016	-0.05993703813499998	-0.10295906325049967	-0.25905587607999997	0.7176884484649989	1.8426180595499997	0.3166390526100002	1.7874168493081368	2.8638143657549007	2.841963055494765	2.6722771250055413	2.1648849821204177	2.2745312149410744	2.6219014303668957	1.7139253570067319	2.792413298156316	2.7192016233836465	2.6913407350690792	2.262166468769195	2.403097315055937	2.66811970417296	1.8982839127224498	2.9268085655273217	2.8404149330920583	2.6754694501650795	2.4775735707432425	2.5537182846865623	2.992272439821025
F266274	-3.251716784979999	1.188128161486999	-0.7694636908694993	-1.2513301822304999	-1.8129554282800007	-1.4622638308080007	-0.7100373265849991	-1.3629272494900004	-2.0656231721999987	-0.2113379478300001	2.2728006696500005	0.8118176419504999	0.18133202516384977	0.3423760230849998	-2.8405860585449965	0.7154658296	1.3038875294900045	-1.0177553941070017	0.9652098197105	1.3166569586769985	0.41865490716550086	1.6505096738236702	2.445640040628734	2.57173761862603	2.6317041383632214	2.3816684388526914	2.5313128227378794	2.588733962783297	1.4112561788083295	2.471339832716387	2.484154556607744	2.276715493858036	2.3226498870499874	2.3420070936733546	2.6077926285377573	1.661918072597788	2.746335394523932	2.5465350747184328	2.3767326673396867	2.5064590652305885	2.5096516257439183	2.934599821677312
F4478125	0.9369953360950004	0.057121478135000035	0.06088256143	0.25980625047500033	-1.2188584678900023	0.2202320365949998	0.6245729655629996	1.2918914340000007	0.4110660310500012	-0.21412203301500035	-0.5157040543294997	0.6994481671445004	-0.39721861523000046	-0.5073091252750015	1.4419459196300008	-0.15838254968999999	0.1789693197239999	0.20395231520555016	0.4994797891385003	0.31928436276	-0.25632649840000016	1.3598023010791838	1.8333883807160583	2.47854876817234	2.5367335525996895	1.7807583014895831	1.8506214643973293	2.2308667397849016	1.311949424112424	1.8221216473279147	2.083682265892548	2.052110029434008	1.7750157867226273	1.8703472104278078	2.2346408452112736	1.388262603102733	1.8765947913835492	2.0980302587674577	2.050550649673248	1.8773086234411782	1.9222375113992054	2.9830849318005797
F327887	-1.8437026848350024	0.7043800447800005	-0.27499263300499954	-0.5310573653899996	0.5659222898249986	0.6133088681519993	-0.8764774571699998	-2.2047381434984987	0.42810632472500004	0.2306751912809997	0.5138867532652998	-0.48098800346735027	-0.7623630947215002	-0.4394472268015002	-5.473297661499999	-0.6077437207069998	-0.005881636471999909	0.029205364022500083	0.09146904267349995	0.0526120657285001	0.8063275083549971	1.5211269295747485	2.6851715656072	2.514721261592914	2.485242550139329	2.1026309887714616	2.0294490214650067	2.833555343048958	1.500608014721823	2.7013082636560584	2.4547177244446274	2.3257699916344943	2.1432604192311175	2.088753371106631	2.7806897257126244	1.9191228857779206	2.851217241115751	2.6254526203725304	2.7224516473461513	2.6238432724806233	2.610255207455458	2.9697178883292876
F3134492	-1.1441422912769976	-0.06374722369500004	0.767346936296	0.5254849384600003	-0.8974822588445006	1.259243249030001	0.32918743188999944	-4.773325989149998	-1.5373246849045	-1.6677193568010003	1.2119741952640024	-1.4252733498355006	-0.31388837747049997	-0.52292268978565	-2.1435719910099995	1.2632394934274997	1.5999874415494997	-1.9749077207289996	2.3464829119099986	-1.2853351580600008	0.357809153904	1.506749916570559	2.7124540721480033	2.595885062414391	2.5265559375246442	2.0147622474865607	2.3012932199179894	2.534020370036536	1.6553783732180245	2.553748934396675	2.460268917476308	2.3198271606498015	2.4345655338257455	2.63094868089034	2.6689888411690625	1.6594763331329807	2.6337634043941502	2.653010416746723	2.371422341090157	2.165504487867965	2.547521334888684	3.0024767935699446
F3865949	0.31693373312099976	0.044148941412999944	0.11301710919050009	0.17248169791999982	-0.4238966877949991	0.5645327110500008	0.34178686899500044	0.6173292309794999	-0.8405704797740012	-0.18404198434000033	0.7410645849549993	0.44331072384499953	0.3581081063149996	-0.48680969047999983	-0.303129926727	0.45604148306600084	-0.020019714151000203	-1.0634076552900014	0.1244779245820001	-0.8627331799999984	0.05353596112600002	1.3614536608998258	1.7999767083282863	2.3672953372675116	2.4118405773184683	1.815508408205869	1.737536593385044	2.1220246683773833	1.3398420847043437	1.8038456097323419	1.9711498299367367	1.9014886599084784	1.838867176947338	1.7563964465448216	2.1482146696057174	1.4159004665278827	1.8402005608292236	1.9769565857202982	1.923449920494518	1.8744541031929958	1.8222355194732198	2.822008120767408
F180110	-3.427986558784996	-1.3966021873899996	-0.17712303170349974	-0.7585800333480008	1.7025094258199986	-0.8353576253999985	2.610344511560001	-1.3720238962700022	2.6927754031999975	-0.6678042814679499	-1.2762167094065	-0.4314689114650008	-0.5803661553980006	-2.712935967104997	-0.9368410177100013	-1.2491558960199494	0.8691993230445015	2.068256995774998	-1.0184756790654996	1.145429021971001	0.132925516935	1.4183161486616007	2.373857584350506	2.4073014763880987	2.6300547977401254	2.1627216575893504	2.12801984988874	2.3585927923219647	1.3224939358462557	2.099289236326083	2.374317797575614	2.2518889604748176	1.8576493019374207	1.9738627068436947	2.452954476535542	1.423568268227745	2.1410369799612945	2.4316918365623788	2.3212380026218984	1.9284054543740456	2.0677222933792936	2.9957814611344107
F592616	-3.0423451372100034	1.2121332190050023	-2.313322674056498	-2.7778215348549953	-1.2641535784184985	-0.526101421868999	-0.18276150180549983	-6.280024646000002	0.46012550849000006	0.2969273955154998	0.3804874766669997	0.39828252443500095	0.37497635646535027	0.11647180993919996	0.9152527841749998	-1.511653811239999	2.169043551318998	2.1220380932399965	0.9950266153799993	0.10282487039750006	-0.2064734165499999	1.7135883557345541	2.1875001051367917	2.6200201734190274	2.6201339948909226	2.494885900567961	2.7471312871817943	2.893719721991053	1.8435643235895935	2.5878034597532915	2.7060868763133614	2.5498170132563986	2.6042901708859394	2.7465375885102463	2.8306632547330373	1.5187764726462292	2.2977079714009	2.4597338993466646	2.472762919925867	2.3660785993871682	2.4953140762120456	3.046991876624625
F4482983	-1.008677066690001	1.256490103629996	-0.8379056933910013	-1.0133630817335015	-0.7058095251260017	-0.7002224863215003	-0.2933657228690001	-0.1728767088354995	-0.3816230046900001	0.45541345557534946	0.640894034025001	0.015150998799999966	-0.37319935269199994	0.45003635936749947	0.3420430884650005	-0.8894792294939985	0.49864935154499934	0.28781179672365004	0.6815234244564997	1.156300789927001	-0.06491288588649981	1.3726840555559505	1.786340043005301	2.384210791102571	2.5134585502211113	1.8525356113807385	1.760434908816369	2.102897805474038	1.3539515617252884	1.8376308657000215	1.9653555104697118	1.956834338116522	1.8181061648090726	1.783591160990237	2.1029440106211896	1.4062218016554484	1.8745527767142403	1.9750347731888993	2.008436110927808	1.8373921112064606	1.8168514751234779	2.979177598427037
F196596	-0.9039546463754985	-2.6626339730500037	1.590511424586499	1.3272647864399996	0.6701666120135009	-0.4152826301839998	2.3595974793944996	-1.1149730713999977	0.7448080341200001	0.21598654985000018	-1.586147885734997	1.2182764166049977	-0.3041475904900998	-2.759811676590001	-2.1403102099700018	1.850933773229996	-1.8206754734120016	0.44405777460100015	-2.2322503852650053	0.8448939874462005	0.31178231193500017	1.3794897618712758	2.033223552155285	2.486939536240126	2.4483498023259505	1.8462792958320524	1.8046491019593813	2.3422374770576946	1.34982400950288	1.8421381140302808	2.0960136647900076	2.1948212457614367	1.900844964348349	1.8371832625546074	2.347104388950806	1.4589871007760336	1.8811411897324977	2.140516203468518	2.1360837029485555	2.085056601936957	2.1803591655584276	3.0159146720985714
F181934	-2.795727172935001	-1.6036677449010013	1.4613479071900024	1.0698767607949993	-1.3708555689600017	-2.9144952776164947	-0.8063961490649988	-1.7690582230275018	-2.209275286234997	0.3746052827529504	1.0445824852350039	1.4387604987449998	1.2391236814950013	0.40633033328750073	-2.6232493503000054	3.6611383360949947	-2.0665668025620043	-1.736364568244997	0.4115226533984997	1.669189172409999	0.35096765086250026	1.5072939411237876	2.161294411810565	2.57538350361984	2.494412582736167	2.0448233970437375	2.3092501441042845	2.6236892388053317	1.4416735519564887	2.166613369592665	2.405966096324297	2.4732148828048386	2.0570117535723798	2.0890365156517414	2.555555138173026	1.5604988995319564	2.2450687116722796	2.414693787761991	2.6119125649002584	2.436123523050296	2.4587531233263453	2.9213912449473374
F3889756	-2.2474376188550003	-2.8300652000179998	-0.13900693572650008	-0.534431543612001	1.5861447808749998	2.31167204035	-0.17113750937500016	-2.7117996922749974	2.690790233006498	-1.1102361860950014	0.454401035009	-2.0609103870449967	-1.5521623314049955	-0.47416879691499997	-4.182980345699992	0.19886331793500006	0.9381973390969978	0.5285623193199994	-0.16354041136095002	-0.3763982804560011	0.5537836467249997	1.541213646310253	2.248538443271141	2.4851994317844905	2.4602076543648086	2.4065771767794164	2.4641031598579923	2.672247605825546	1.572633064084018	2.336136708888174	2.5064759034026776	2.4568772351170565	2.4406159030484864	2.562482268018762	2.7206212149190874	1.8847899101544843	2.772555810429111	2.634480624958459	2.6113051892311723	2.629363299945237	2.655208133662465	2.7993654131987316
F227565	-0.5255790469649989	-0.5573177995650005	1.2879966177250004	1.1591450819000004	0.001924474302499996	0.13644961413649997	-0.4133247428473997	-1.1775104135349976	1.218074804600001	-0.9498316023155001	0.409613276654499	0.3098087285955003	0.050354241760499956	-0.07690741260200006	-4.876222985699994	-0.63415415842	-0.5339113636144991	-1.1758708890850011	-0.2594237301319995	-0.2515805853134999	0.6231326510650005	1.3977533055847728	2.270952526031027	2.5041614081815093	2.587188083232957	2.0244224417591656	2.0160229050842946	2.135391234775648	1.359698163791798	2.2406145304561136	2.4865128350418937	2.5181477411572004	2.0102094087837252	2.026232845965937	2.1557910325615874	1.822096268121313	2.4791354583824585	2.7789540213256423	2.5913559113340474	2.5739207174294942	2.6018453195679587	2.965777805597967
F4329776	0.46985994879500076	-2.6224495370350005	1.6706356262574995	1.7495466256630041	-1.1300466685054995	1.0438568281694978	0.8806756909609996	-1.5068789730120002	0.699022242485001	-1.0016340813334996	-0.14476757996499987	0.37006313464644974	-0.21282487793499974	-1.3679647017149992	-1.541341645520497	1.8774590417659998	-0.5660149685609989	-1.5064408397399989	0.7992918636249998	-0.6384342158599995	0.15840651447799994	1.397913218471343	1.8869408434078496	2.489254389669078	2.44675994680811	1.806021231325273	1.8388120539854287	2.1829969641312417	1.3870774401929877	1.8712452181624646	1.9875686914775486	2.089856210699523	1.8554731510667508	1.859628007613251	2.2209894677989954	1.4377095679041831	1.9423576764887451	1.9553847877785226	2.0851350867448173	1.9497164235841338	1.9636694691344758	2.9600037613076533
F183144	-0.25335303587999974	-3.1310213716750077	1.0618161183300003	1.0951044193200008	-1.5911781538909995	3.268901379674	0.029946862995000146	-5.161933068500004	0.9020558195724988	1.6857655573229997	-1.6799520892549995	-0.6965403431349995	-0.565647605635	-0.3079963205800002	-2.192859935565	2.436860791434998	-2.6185597553700033	0.3191168125299994	2.237643017125	-2.5107761205549988	0.29936700587600035	1.4336553771322984	2.3110729348570063	2.5684272096529064	2.5583720087947888	2.312870763829366	2.287716676003521	2.5334359910375577	1.6225630991310078	2.6156646731733506	2.3929283809385615	2.357888420258558	2.4765287259735516	2.665951244904814	2.620293691628519	1.5605995242663553	2.4542165548035295	2.3443553714176675	2.4824457039897667	2.398710319172241	2.33813349330858	2.9749372425191614
F3195723	-1.741412920464502	-1.3669733998715012	1.9556326710099976	1.7023373935749986	-1.6540566360899986	1.9606033047450038	1.4247488184994994	-0.8897099681205	0.8856529507359994	0.20311730266000055	-0.12727918268500021	1.8222330531143025	-1.5883573931849995	-2.1947505890799976	-3.8078239196800006	0.4044265655410005	-2.18950878722	-1.3196261624499996	-0.30672988834000015	-0.508272761495501	0.46923796144249963	1.407908634935036	2.1423339718803693	2.4894550420773607	2.4649167790061135	2.177965231828797	2.0901517184945693	2.3899776897570018	1.3746721116103924	1.8595688793041838	2.225834567485938	2.276551589831388	2.116209106217582	2.1140995478407074	2.364079683480311	1.7968936893720602	1.9250325679214588	2.3218092620032142	2.437551143675146	2.545839609516551	2.7543535664749186	2.972961878969737
F2050168	-1.4067562919249983	0.706875967055	-1.0367692225039995	-1.2465960109589997	1.576589779450001	-2.590002272845003	1.8807588641200004	-5.471023808499996	0.5178947716000002	0.344343545385	-0.1938557885750001	1.0060679381480009	2.090052415767002	-1.9336796738800006	-1.1032426344829966	-1.2951660573364987	0.6011211762221492	1.662920158641501	-2.4946143882999943	0.4502680871780004	0.22735834408499977	1.4105627254257929	2.2974959544068145	2.4402030389026894	2.539543336127426	2.1223083746759848	2.282419631872078	2.534652925712936	1.7120640791726414	2.7684827554331735	2.7083734015519045	2.68417918783896	2.3966977605891606	2.344054983564381	2.5588488114767163	1.474155003295023	2.385070166651091	2.5408419676149925	2.5249620558901738	2.263798354496508	2.289141308814322	2.9400592961037955
F24175	-0.25192070983499976	-0.8227489678065001	0.66195252093	0.6101848426749996	-1.9510540680823476	-0.03974666566000002	0.41845876871494975	-4.919882289999989	0.3276946746740001	-0.07007828307499993	0.03479680100749999	1.3087875417199983	0.8221884414250002	-1.0865632593250005	-4.844911103750006	0.23998134862599968	-0.11759519223500006	-0.3140104919149995	0.1370772450599999	-0.44329105432499977	0.592111365539999	1.5326567475301673	2.5943171110208922	2.5994591116346526	2.6014349810391906	2.369884419967223	2.4243115491973026	2.4907730194883997	1.7730262118095703	2.761822176230043	2.7199902929689292	2.6559785570552945	2.5698315766041957	2.5406421938372112	2.469979896775014	2.0925628366289386	2.767302784576141	2.704738792202942	2.761667368202563	2.708776512035087	2.547452735691991	2.978343008003358
F342449	-1.02122624031	-1.000939593355998	0.23687409342949967	0.14180337800000012	-2.7881109031350007	1.4018842986349989	-0.17240901096999964	-6.166096233500005	0.25844640063500046	-0.3558931385649996	-0.6159823078049984	-0.23608204892999973	-0.29382562152499936	-0.10893111843050007	-2.350759735315005	0.45990576297499947	0.34781700830999984	0.7202976066609995	3.048216725259995	-0.9806519181200001	0.3002617228355003	1.5398859056542658	2.757173047597181	2.692185521930105	2.6182480117027307	2.3421699056447403	2.2004141684153846	2.5617064175999653	1.9630262840652204	2.8966674172421367	2.8288523775750725	2.8257002998183793	2.5613942837652686	2.634014754670013	2.7431359709665757	1.8250292720346872	2.8183781152019343	2.741050966882189	2.664498512361279	2.3108193088939832	2.205698665153426	2.991370147531716
F4341886	-2.5579536756999968	-0.4895158906850008	1.0850353865900009	0.5960798835599992	-0.8436353107049986	1.5649766411810013	-2.080562105570003	-2.1615314321700034	-1.909501750724997	0.2739149987100007	1.090105908880001	1.0497010536915	-0.8896665423499985	1.4322845504399988	-3.821967885899999	2.237589461364996	-1.590204085315002	-1.5533243817519975	-0.3369679638400007	-0.38846296811400005	0.6271975871549996	1.4779735581488702	2.4254166783510303	2.5259825225446093	2.459553159532031	2.2900241613089967	2.2807115605813233	2.4705512560890743	1.411570340536123	2.327655991294032	2.5709611001552704	2.4801976138197137	2.2958471119560406	2.3268890526483657	2.3973950436015903	1.8040289694482425	2.4776444755295666	2.433922452875532	2.6440929408616034	2.65062582720532	2.6703480557554653	3.106827495749068
F193919	-1.6366231144564998	-0.48027106645499923	1.3223589646789993	1.1076208782930022	0.2099410784294996	1.5982319266165037	0.15591979358999988	-3.9706725449499993	-0.22729666015500014	-1.9584842161460008	0.8875605708839985	-1.8659892584249995	-0.27143794898500034	-0.29749074574750034	-1.3783162044899988	0.7176862784274998	0.6671218026700011	-2.1173932574649976	1.8429582864649992	-1.5278739660550014	0.2535262225664998	1.4323456295693286	2.3664935725499348	2.5955467741588008	2.6166442139614015	2.063220187219471	2.2404980562801193	2.638057440770704	1.5638230169590093	2.115366723417745	2.2846727182001123	2.282708252433463	2.229742819142371	2.547150321902126	2.799899996429597	1.5498550765301624	2.1013821002320485	2.1822128365832345	2.3211851847042486	2.1973572677823947	2.2808457137323708	3.032941320135763
F3055954	0.7893211752399998	-0.8817431918375014	-0.45293310106549994	-0.3211411153500004	-1.732481712959649	2.983985536344505	-0.69138359951	-6.519579557499993	0.19008653639499973	-0.40985333703449955	-0.7921059493500003	0.38552127595000063	0.03619598607499999	0.24940214348499978	-2.732677597354998	0.6411077376330003	0.9362913662150001	1.4803140801599963	1.2880757766390007	-3.0251802299300006	0.2848668604619996	1.47365093174194	2.4754589020001974	2.6611526989424035	2.5598884538329614	2.1415108703723047	2.2625813976023665	2.660625615537296	1.9016966980072318	2.7838034779577687	2.692338233966353	2.599358089676507	2.538825268899874	2.5694175075067114	2.757514074978101	1.7205050367064953	2.7370961853154205	2.719944586708427	2.667097361650316	2.1626420706840395	2.284704815285174	3.0695813339178994
F183845	0.9404206428100009	-1.2588385992675015	0.5786088651489999	0.6559253700564992	0.17376523352099962	-0.13000229864000026	-0.5010927397949996	-6.151166061800008	0.5087201995780007	-0.2330878721534998	-0.32214702764499986	-0.057754206575000085	-0.06281317200349992	-0.10169885600899992	-4.772580984850002	0.4056390876400005	-0.03812893650999998	-0.24399303888749974	0.08109827939999997	0.08648511510049993	0.6993988920224994	1.524311528528862	2.6481737127998417	2.5959196707367402	2.7754024662132797	2.3772181544464934	2.3729153235287352	2.646533191048575	1.941366939156045	2.8049710415667013	2.742066860150546	2.6578363606710402	2.5785298834861368	2.6503591109842914	2.7508995514935672	1.9810550213473554	2.7234457859236287	2.7149733622124304	2.728805336538947	2.6024161555329237	2.595701557098569	2.8930959885181267
F4404181	0.03787811434550001	1.2677962172399977	-0.03843379858849982	0.03951154539849988	-0.14751594964949974	0.8447202489474982	-1.8875327036699978	-2.3035178424000033	-0.17960489896999998	-0.8560315205080006	0.013331783480000034	1.0367724036949997	-1.3804168817850009	1.619769675691004	-2.680320208200004	-1.2073030540669993	0.4501773234700007	0.6171209473500016	-1.0831282071405006	0.7513663973149999	0.4378006126500005	1.3673820354991255	1.9379853225918888	2.5812224998702207	2.519143793499057	1.873025576801798	1.9275520611590673	2.1607116435098193	1.368503431368412	1.982798569588176	2.456050170657764	2.4093794637977437	1.8630389287840747	1.940454161500947	2.1893729506322996	1.478410731689065	2.249027393395876	2.5038577594256632	2.508439254551245	2.174511987527962	2.1812651403244594	3.1311191244647976
F288810	2.565859741501507	-1.6167289189099954	0.5954365012990006	0.8771165554899993	0.27748622960650027	0.04249165766500001	-0.4461984442899993	-6.538728564500002	0.7027219372749989	-0.27087028431649995	-0.3656700475935495	-0.3082733119689993	0.005985361083500044	-0.21554892261999994	-5.090449233649998	0.5474141563800009	0.038147759855000046	-0.3577913555289999	-0.011915778359999974	-0.00105792151350005	0.7433492287499992	1.484017150464048	2.6289230107420374	2.6481402718185394	2.640019741648257	2.4060691326978962	2.420179941337349	2.6028934719957744	1.9346289569175863	2.771267578994434	2.7509920485588584	2.695518117917618	2.5378123958021512	2.7429649070713387	2.7629969795280154	2.0431078051307034	2.829255310702874	2.96879864747682	2.7026534900406975	2.6565387944583168	2.6692527373381885	2.959957625702967
F4304089	0.06264320719499993	-0.9949783364099996	0.4475639894875005	0.4809538609499994	0.13602922584384936	-0.23287835534250012	-0.4198727845999998	-5.9295104982500035	0.4949785942499996	-0.27467123810499977	-0.28807019104575	-0.12750667371500005	-0.07867740722000015	-0.15767300716099977	-4.610859033040007	0.27170868425499994	-0.005393787844999892	-0.0991563847905001	0.019576821964999987	0.1447001869584999	0.7031592270994986	1.5061214970706682	2.6148295577452747	2.6250125674142795	2.7546258522665	2.384491788978052	2.5016575091154625	2.6152108727863888	1.9481789588659508	2.8467373856789426	2.842387296407064	2.6827490193819377	2.656353312081548	2.76754211310093	2.588271915249895	2.0583781729214112	2.835647356695064	2.772165867500567	2.693777008827051	2.7139274513871245	2.70459870153701	2.8874630137344806
F3924627	-0.04444060550100006	0.6369135117519995	-0.22004797563550021	-0.1792119282348499	2.4374293580099984	-1.9198039387300019	0.9750641282424997	-2.8845538756050035	1.402838454265998	-1.8062536267729967	-0.7906794681505006	-1.2362313757900019	0.5660170563804999	-1.1742110301549997	-1.2049571099365013	-2.2186184572050003	2.080700045147998	0.6341594721749995	-1.4370934893975034	1.249898905484998	0.22249977266999993	1.3771952673281418	1.7772433475032974	2.413884124200212	2.484595822682258	2.0019486343717077	1.9933477654137925	2.3891867592353346	1.4282693674156932	1.7626016769388642	2.1230981544686953	2.052448478516878	2.20255489194253	2.2213753728120857	2.534029910865252	1.4883650222915756	1.979910980354501	2.217221086130062	2.0662999141710077	2.160998136194611	2.17862841969422	2.994508095514496
F331491	-1.8307950597499987	-1.3826106464769965	1.979188385739998	1.633567151190002	-0.0703822862580003	-0.6740814893424998	1.3786719045669964	-0.048288858582749915	0.673851865435	0.5591065728800008	0.3989655272515	0.5120136256285006	0.4991057003554993	-2.021211833000007	-3.4087460095299975	0.6243945872550003	-2.6849071055449953	-1.8993020762699981	-0.5093385252848496	-0.18015424497850047	0.5461506916690001	1.4455957333774345	2.139877242344907	2.6228655923725026	2.635941159318156	2.000473090512329	2.023056483374411	2.2248369455263743	1.3679643125713556	1.8586131713048892	2.313390089377195	2.2982922478580505	1.9572912590243616	2.0085283560762424	2.222592566464453	1.7785481362001625	1.8642058010396736	2.4076335169210803	2.593494513035311	2.63844321432058	2.573464653068518	2.8806294773722
F184314	-3.1019835288549995	1.0313508829885003	1.0339629466475	0.6986659841755015	-1.5026786926599998	1.392584419419998	-0.6209105647009995	-2.343697695839997	-1.2620053623649974	-0.6425815948505006	0.40283406979049946	1.1753842372600007	-1.1637661251485005	-0.49555810336499995	-5.1661629746000015	0.1236474472174999	-0.38448114208499995	-0.7736440646000013	0.22987686892999992	-0.05788736359000008	0.7956744497100016	1.6858145472710562	2.8247419974326045	2.6820772620494213	2.6039375887844884	2.1896842851641205	2.321000313165836	2.73279443102085	1.541992612398391	2.7408117369545772	2.6505941821408263	2.637942959645143	2.194340833876729	2.2838343207095404	2.768984919660263	2.014887804451177	2.888202905572998	2.8902969200744786	2.7443507170219332	2.677466965431508	2.6742897974178277	3.0127005646334166
F4337199	-1.0784853194664983	-1.374059342032003	-0.5529747776710012	-0.69941357500235	2.58197970895	0.7226413413000008	-0.0628434470885	-6.015331575999995	0.399717566305	-0.23018004343	-0.5385143714529992	-0.24990255270400005	-0.06826576008499985	-0.421981593745	-3.036032934425004	0.7828744142849992	0.9674112725450004	1.2937150835550013	-2.0775837329550044	-0.6691405041914991	0.35282771614199937	1.5488093764154716	2.5398670740419287	2.7478685315486473	2.6095821622475057	2.367898386156103	2.3826001822293468	2.656485269056064	1.925011280538401	2.7301803639546285	2.676259902585937	2.6699392004596074	2.7384479515264495	2.715701194981951	2.6972446825931096	1.8640242923509005	2.7077815413873174	2.825980828301324	2.6002555608251168	2.448976290210118	2.4870295125040913	2.9886452318773986
F187081	-3.972234470150002	-1.9850790936549974	0.44534558810499963	-0.2416705472356002	-0.09684709590499989	-0.10397320146000011	-0.21587259495599975	-2.9469696204499973	1.2234652401414996	-1.5214406166600007	-1.2307529726124995	-0.6484245758050011	-0.41582601225149884	-0.29442796439500063	-4.5069844059250075	0.7022469998349992	1.1492707393480026	1.0158726682780004	0.8664952068799997	0.5516405148150006	0.622296440100001	1.9022995514556653	2.3399528921147716	2.725571058348808	2.752271293731349	2.74513630719243	2.834137913798729	2.9536423946037638	1.7390199380114448	2.2816047657507887	2.542104658126458	2.6851367555065098	2.70607239622448	2.7370130887791633	2.8669793594048083	2.1712914361979783	2.604041727209769	2.6457662875622856	2.7956973233696765	2.7864753242474762	2.8373399340141225	3.003787109980673
F274569	1.073319872736	-1.281804998649998	0.5608564749200001	0.6586427631200005	0.2381358478070003	0.01653345379650007	-0.7054063456484998	-6.044346938499999	0.4681823845020002	-0.21217204224000052	-0.25930894161999973	-0.1691167476549996	-0.09685303683249989	-0.013815412325499953	-4.749392468349998	0.3719202853269995	-0.009713943163000003	-0.21883167976999973	-0.06346125010999998	-0.14051503938500026	0.6759545539275009	1.5363156685133086	2.669720183235333	2.6548363768397967	2.8374586620460454	2.400552562216064	2.3656433869690434	2.7262313298002616	1.8853816627312427	2.672847733480693	2.657353095896556	2.76377690106226	2.609269810175638	2.5515629357538927	2.7996627947928436	2.042195414251652	2.6971120958845236	2.7278520397796266	2.7481544148910797	2.604377972514309	2.6620119548058248	3.0991002567580237
F4311620	-1.1222122718944996	-3.1435498633750054	0.692719503945	0.5630794142700009	0.05049154845999993	1.6786785642099968	-1.4165706241469975	-3.6681763612849925	2.926998457010006	-1.2592448098450006	-0.015749635897500093	-1.1636830061800003	-1.199873461779999	0.1929871748310001	-5.325180836800009	0.2874319575849997	0.1946250406450001	-0.03998682491644992	0.5277155323250002	5.470048500000235e-05	0.7358896337949999	1.522596798733166	2.320920840141442	2.6166005690134573	2.600485970456986	2.4431672482582028	2.4883707596260423	2.8156383229135544	1.6456811587692617	2.383091380706475	2.394483503888215	2.496262034902143	2.4441407478094717	2.5715706165640615	2.851432947118911	1.9205105408739187	2.726143515225913	2.5468113810373656	2.5999469316939168	2.760017570970515	2.696697769731068	2.9649308725835066
F2920309	-1.4353778437849987	-1.7820567323800007	0.6158864780469989	0.41231528910750037	-1.275657002490501	2.4421783399000003	-0.5088764169250004	-0.7825872358384995	1.2453674565271513	-0.6502008337900006	-0.09456988484000005	1.057785257155499	-2.4207138363250036	-0.15272629233000004	-5.330989426499996	0.3116154627399997	0.22109599738000024	-0.13662150188499994	0.33305534233	-0.07230155902500011	0.7679186571754998	1.4162563051452952	2.3091604814899913	2.580266360401716	2.534653921153914	2.2636248558982768	2.228471148741802	2.1581202678054305	1.328150269373226	2.200722889289971	2.486865605344123	2.353029005710284	2.1775531392735896	2.2538132265824786	2.210222508567234	1.9360682795037576	2.720775770215781	2.651836716301229	2.700102902698871	2.7142033011966307	2.727825189622413	3.211135908328915
F179291	-1.918248961309998	0.3827632028024999	-0.9334179759579994	-1.1324792851949983	-1.1123767072850026	0.6869997566500016	1.1802726192749988	-2.991088690085	-1.2075614167575008	0.37744454907500063	-0.3069391924399995	1.332164796908002	-1.4494672068949994	-1.2694818915149986	-3.619789532374998	0.6817393231050013	0.6170373785000004	1.3514748072155005	-0.21991190745999992	0.41889556825000024	0.5944701471329985	1.4823854648947452	2.32603626351888	2.5220741721783333	2.5557205550325364	2.376364073583122	2.6907435673807214	2.7135934478309216	1.468674027224791	2.3585943644277134	2.494390423487504	2.290898880310489	2.290864977804931	2.578381236051589	2.59312659143382	1.8383574676143815	2.586413760720727	2.6335582209227133	2.5506597603849075	2.4951670511355433	2.7008952643800535	3.0035329748920483
F157894	-1.611630164190496	0.12903845311550016	0.6319012758479998	0.3792310718849999	-1.178503356909999	-0.3467172910799998	-1.2731588685215018	-0.9948316976245006	-0.13522613622999988	0.5424040431100012	-0.6667588140149994	0.05507561357300003	-0.27526950781849996	0.6611830873145503	-1.5516418892614996	0.02698427410500001	-1.3652554956050031	0.211039349922	0.9658538443499998	0.4747610820750007	0.2282423291550005	1.3034427216656532	1.8605133563278646	2.4742334139036255	2.4720198703300227	1.9982576942237325	1.7812670178839962	2.2123552542757228	1.2624556392014645	1.8441399961317468	2.2138680936563335	2.238598918260473	1.9476186983365318	1.8123396697919205	2.2003922025880307	1.3604865830059147	1.8848424953221856	2.3116618501864563	2.236725852256609	2.1233384587835524	1.9339696206253236	2.9935379437689096
F208479	-4.8524046206500016	-1.2576617401834977	0.4181734876669992	-0.43649010426350016	0.033679185430000015	-0.2839236119480001	0.17863996439500007	-1.8568437617900015	2.627443623465001	-1.0893775183860004	0.5543299735000016	-0.5181863617850003	0.694203667699999	-1.0504905285699992	-4.152225833424997	-1.2961736334270013	0.2776866490424003	-0.040309469335	0.25229175864099995	-0.16428730372950018	0.6144687232099988	1.8584608903044986	2.285551610600498	2.733820452085041	2.7339011807769706	2.7822116680443227	2.642056270196659	2.8591140289552412	1.5398382223506482	2.037728246005685	2.4248528385969617	2.542669952717648	2.6058742473867746	2.522409698540728	2.873942944346044	1.877502127886724	2.271588366198785	2.5592701519624343	2.6303340710745684	2.7695005296999273	2.7341755874622975	2.8758305656922807
F1624481	-0.030408011833000015	2.4888173035350034	-1.5535147903449982	-1.5512921888649982	2.5562954760994936	-1.7890447076289997	0.02397304832900005	-2.599340137360003	-0.05372203133725008	-0.8127196939069999	0.3901756488549992	-2.4479849379719987	1.004976945095002	-0.0037425065399999983	-0.26756776453069964	-2.436105470104998	2.6913388358799994	1.220753439049001	-0.27245037047899956	0.7932830581155007	0.05476098572599996	1.3391395076158932	1.8558578319020276	2.358786109583309	2.3737537409254132	1.8334692320288482	1.9196903479824095	2.253310920410942	1.3317387933343012	1.8803916377593313	2.1194068544568023	1.9619447105665289	2.0851537632488837	2.1619352910705145	2.26823719670951	1.3782210947971412	1.9982491132168723	2.167830755822461	1.9899033750659554	1.8636966833491797	1.976862536325168	2.909752179291693
F207252	-1.5253139651799987	-0.8519017890950014	1.7627587637935007	1.518768780979999	-1.1205176346319998	-0.30346119254999976	0.6920370150839992	-1.1390478138130002	1.916380038096999	-1.8411825135150026	-0.5205993576600005	0.6449051381725008	-1.2860277825154982	-1.196160332904999	-3.548344314905004	-1.2554964912095024	-0.25110922005050074	-0.5884887063500006	0.35095849226500037	1.6423058993800037	0.48150050995399973	1.4522419554728045	2.2746779357095197	2.5662131535853634	2.6285805517282186	1.99286521843304	1.9737409852129792	2.1018175005582496	1.3963709464573164	2.0301547279417824	2.4440123689349793	2.519279750377342	1.9790537249448024	2.0111649228892423	2.0997400766254306	1.642110028372003	2.3326186606712995	2.585171154632008	2.645504445634758	2.5502686299794237	2.2733941799774726	2.935274132091116
F4289862	-1.2117629670040055	-0.9899292504629988	1.6418520479350016	1.4339263431499978	0.5510968333100006	0.34694882276299993	0.012044917295000025	-3.3370933954050037	-0.6078412350549998	0.039389722150000035	-1.016380473752499	-1.042229833195001	-0.6514249413549998	-0.4880186223260015	-3.685140827879992	1.465547094132	-1.716832166250002	-0.6295241525689992	0.32330701614500074	0.27878853131199927	0.49846018101449957	1.556961959271747	2.3347642211104094	2.580343522976327	2.5255211340017674	2.3225766831017554	2.433229721904762	2.530202705726888	1.5858223762520778	2.1794469800486245	2.2437810387046975	2.355807503192458	2.4547874423935845	2.672047238229538	2.7115708695848513	1.8743735718007901	2.4337739532188527	2.3529346758125578	2.495041424000307	2.661770459010463	2.779776983739349	2.9629903422527732
F113542	-4.913810670999999	-1.7077122287734967	0.27519036922000034	-0.5213629020728013	-0.21155503314499996	0.23494418274200007	0.32969792018000027	-0.24611014588500044	1.104761654138501	0.4529832532609991	1.2158045440239984	0.45872799636500017	-0.13971063993999971	-1.252300614405501	-3.5014572131350006	0.5718321191050001	-1.1013814732650007	-0.8257754815265008	-0.18456359874999978	0.05289883313499994	0.5568847804650013	1.8177709218248659	2.160765321337578	2.6294080155568755	2.6214001296213687	2.6768028347393877	2.6434544682398973	2.892094753276136	1.45977125243417	1.8977513313209298	2.558221665770277	2.540165287730992	2.423092518725063	2.4910218464875844	2.85731284790414	1.875606910004596	2.013876175901606	2.5458009291281964	2.5844960241876764	2.734337926288502	2.665664086749927	2.9680764493407854
F351659	-2.325583154550002	-2.088205731255001	0.610153058083499	0.3651422614799997	-1.5021297311450044	-0.03309775363105002	0.23736572409499956	-1.007518604756001	1.5578133773699985	-1.0241241330550004	-1.5167519517949994	0.7356503710399998	-1.0988120916500028	-0.3551261652785007	-4.6310185512000075	0.6098149572099993	0.42651535907499977	0.6792212789279992	0.8759195644919988	0.7822601799349996	0.6481769294659999	1.5657459584732247	2.2329114205500686	2.54326207546212	2.5368623306048264	2.48480415862788	2.515450205413948	2.5278197021521054	1.456501053041915	2.1267208399404844	2.4118697644231935	2.3848871956356694	2.3343228623198313	2.599671182409835	2.505418004219529	2.073512720693363	2.65329634047507	2.605422734959252	2.649530452067876	2.6248804575317437	2.8339707507312024	3.0939178166713086
F244484	-1.5074627769885007	-2.5296785264000023	1.6631109572170018	1.5114614640749973	-2.029070040324996	1.9663429428140025	0.6773463064364998	-2.428882562070001	0.2932476341099998	-0.6974186058705003	0.30364936091000005	2.407936163290002	-1.5993228954299998	-1.4001481549544	-4.044254017450013	2.3645449534850047	-1.3994045942649984	-1.413720216907501	-0.3401708818549998	-0.2828404269650002	0.5620780373154998	1.518656203341224	2.1577823652212045	2.519924395912386	2.542818564262063	2.2043432632213302	2.237013074621569	2.474734156319775	1.4779324223557264	2.0820510922225335	2.4091682027146932	2.4881667461827015	2.2618494357064733	2.3154373522814167	2.5056915408507443	1.803825533084298	2.312818241944338	2.53295707632371	2.5977841959966694	2.5889053757362497	2.6155655915941827	2.8583894774892924
F181422	-4.463422777999993	0.41182257885999923	-0.7466223793230011	-1.3736637285600017	-0.8246269459894991	-0.15499848370499952	0.07355437815300005	-2.5242218407000037	0.04323808091650008	0.4665631945810005	1.8310401742749982	0.09245071766500002	-2.5078033069050014	-0.5929850911360004	-2.236469675450001	-0.5187155423915002	-0.269903890733	-0.12977479219350016	0.7552105864400005	2.4274565005899973	0.31540048942499993	1.73617557403927	1.9430933670106385	2.492880835526152	2.646687762259803	2.5088222147979176	2.711711362868371	2.8838990276355694	1.4901242843077211	1.9980495298772063	2.4243000844749694	2.36469102879464	2.3401000388482354	2.4384896119697665	2.832360284620967	1.6020147248658931	2.1124606139350464	2.5626514361309627	2.604982348993327	2.564492402715406	2.5419277066294654	2.926311446618133
F3786232	-1.5607901964260003	-0.6841323378359999	1.0903066853765007	0.7955655891050006	-0.8489014151300003	0.31852050647900004	0.8522374859349993	-3.373559424215007	0.8277347256900006	-2.454429963275	1.6146118714300015	0.06497923903499994	-2.497576024599998	-0.9630951323149982	-1.5532661494619988	-0.3031483033000007	1.619187696485001	-2.5175426277565007	0.6697483000499997	2.3829663523479994	0.14724717660149975	1.4109700449228308	2.2133004410184576	2.5377960194470828	2.590878955849108	2.047178471156183	2.1471086850924643	2.4755910386651396	1.446516935149877	2.1722240410161224	2.2257697332619193	2.2736130509197774	2.116505710806473	2.4338717319358323	2.67720246086162	1.4766307069886935	2.207747327695266	2.3686165379037534	2.2516458294764607	2.4058869531355955	2.2517822643529057	3.095378843602444
F4442508	-1.7438296132735045	-0.6343316393039999	0.511200273665	0.28100050972499974	-1.2186257532850029	1.722299222660001	-1.5782649677420981	-0.06778602154049991	0.020063604909999967	-0.07438661113700004	-0.6047539858679993	1.2296937933325023	-0.13182374238049993	1.2099419585550004	-1.2269452259325022	0.48044249172999987	-0.6291643221844984	0.4745109203474998	-0.008324369425000047	-1.642465912812502	0.1516648863799999	1.4076789790089106	1.7785321036656858	2.4156819300947077	2.5608503039162622	1.8833278596016167	1.8148915244328332	2.1665507930672625	1.3751677141378615	1.7397001155634833	2.1056978049768866	2.0151741658986158	1.7942956999381519	1.8187366627152681	2.1378803609157164	1.4756550735702603	1.7393806612636553	2.112298499613611	2.040091281872072	1.9058755605524154	1.938346638488723	3.066526818486561
F452592	-0.868487433535	1.5752809761094992	0.5407966458600006	0.42607147632549935	0.7002263122700013	-0.30330092740349957	0.15401884968050014	-4.884880250000002	0.805256044444998	-2.9445141268000015	-1.143536575635	-0.3394728186600006	-0.18738010009299932	-0.1854411817900004	-0.26213491677500067	-2.1687723516349977	2.402285348467496	0.4141756517999999	-0.23262477122499972	0.4141831965889997	-0.0730977227709999	1.4002015076422578	2.0461800789092357	2.4710820930150925	2.5251153820272285	2.1483570093257174	2.191384997083359	2.5700291429567796	1.6679125850908634	2.0602587567943282	2.2806096577850745	2.4956510840690393	2.5098130059187986	2.5858518897830662	2.730992266539373	1.4649326708438144	2.13730589688797	2.2565510582727524	2.278773260483777	2.310353581046423	2.303974677666017	2.954248015149411
F4008139	-4.141724038149998	0.25517882045149964	0.45010456882	-0.0035605122950000266	0.6751424081849983	1.9474068060699963	-1.3888049038490016	-2.3243595701850004	-0.5280299320000001	-2.588279587734006	0.9003840751599994	-1.8467757022150004	0.035462916845000005	1.45070644018	-2.102163858309995	0.5531128124055	2.269854598543498	-1.1275964981800009	1.3065219283450011	-1.949604505095255	0.28000878706999976	1.759195791399644	2.788335072419915	2.7271507106819457	2.7648833414452127	2.5453967440246226	2.384236097536239	2.437093655858009	1.4462188556500186	2.525364422532909	2.380412453434766	2.3467707868469363	2.3827730961210696	2.4250952316159915	2.406848499271246	1.7124579134819828	2.670117610686434	2.4708423373802084	2.4031707318129363	2.349435201652213	2.404283660295214	3.0020526477939002
F4462599	1.1792135883999988	-1.9535223059749998	-0.32459760402599996	-0.2565166603100002	2.033681789143999	0.9360875325644998	-0.22567114587500015	-4.472395546300006	1.260730719895497	0.7298328007192008	1.4203017146450003	-2.7277376447200012	-1.1399720476095012	-0.5952634714450006	-5.39674373884999	0.36424822702549947	-0.34982677223999953	-0.8299384618800002	0.5233187092000011	0.3885051715250002	0.8147391676850003	1.4550120168141611	2.400238796241546	2.5475073190090143	2.5251386554971744	2.138006791547874	2.375770901887384	2.5705770842444933	1.6729679044100099	2.738099407638574	2.7546559201736724	2.619231622044699	2.2779520671476394	2.482551508540957	2.8581204238323403	1.9482184635914264	2.791945181901639	2.875782971992067	2.681969218880541	2.6986147926635433	2.594387407352515	3.0271261028139835
F4442170	-0.8910037420550009	-2.059702966723002	1.4493428785999987	1.3610406381814988	-1.2959660436450013	2.759711677929996	-0.16249547922499993	-2.9362868305780014	0.6366558265800001	-0.5398200387854997	-0.5274961514499984	-2.0323090882379966	-1.1467032002914985	-0.35860553588999955	-2.8997647716450032	1.756194138335	-0.9864499077879998	-0.7060054530850013	3.1028253267019994	-1.7945765765100008	0.4514656687899999	1.4253196450908923	2.2389439879407633	2.5997193347743575	2.5187564889019884	2.2400794713459913	2.4321554186919183	2.7464112827817173	1.5047844910724537	2.190147124725097	2.495349302577409	2.31400561151633	2.3308893215457562	2.537653643764835	2.715951600227274	1.6544377818456013	2.4786161447710255	2.4431576823318983	2.474990677648318	2.386753548158214	2.5132595816530277	2.981017472264963
F113337	-0.33542677148149985	-0.45982500143500016	0.8120894896270014	0.686411446652499	-0.13372841585499995	-0.5888877831774999	-0.5019254943049997	-5.901399599150014	0.1817481564699994	-0.3773714451385003	-0.39216352190000003	-0.03281773437850004	0.11115709572800009	-0.26438284502279935	-4.445438504432495	0.2686145110449999	-0.06361700746715002	-0.2782294421849998	0.23322924548000054	0.4002612944699999	0.5568887145049988	1.5582306419970733	2.6070838075573466	2.660163549984504	2.6283282670751182	2.3661309160528803	2.4113226026054404	2.5930024337183384	1.9291143737833671	2.751033755773244	2.7434395649545698	2.774320273082286	2.484949417815687	2.7098431228627473	2.7278673342856252	2.0786271152534854	2.76583007322585	2.8980911162070884	2.573024758070936	2.6093130161235027	2.7196208158742468	2.9907218922032732
F3550973	0.694713152407999	-1.0701472053849994	0.7923974683110002	0.8275336223649986	-1.4718681721599989	0.9030558581884	-0.9023123354649997	-6.192069910000003	0.42847814859499955	-0.28358175087449994	-0.3762708270489986	0.5470644772549994	-0.15799277335499992	0.11098052100899994	-5.066820707883002	0.4543583226350006	-0.1318007501650001	-0.30567789186100064	0.5511093638144996	-0.1975236442435	0.7647859688149995	1.5456518324200557	2.6024177573514984	2.643996560181005	2.5682794794394286	2.5307094973031847	2.625857909398248	2.702164194553937	1.9158239943682966	2.6856206275545547	2.721800507917885	2.6851807724622745	2.6706744132530935	2.643174789678025	2.7923914261297154	2.030160317591612	2.6674487525561146	2.786823359423336	2.714906212199708	2.6975440931899994	2.7525332736090253	2.9408322109072844
F4325533	2.6143438336600004	-1.370773517354999	-0.26938326189300005	0.09294389020499999	-0.5491905379599995	0.5677659677982011	-2.0186626222999986	-3.163641483499993	-0.2758887454425003	-5.242854814265005	-3.396884974804998	-0.4057000842935002	0.5449818792600015	2.412357075425003	0.910633449022499	1.7715554262250002	5.781621327924989	3.10424834699	0.7252736254779998	-1.0488115584075006	-0.12898470188850011	1.395857147155343	2.016909530942025	2.4489936107043175	2.3985052514585887	2.0600384686591307	2.068742026867327	2.3857804117014196	1.464550754843248	2.023295595637734	2.1879706217639043	2.2612202729925897	2.3926224694746896	2.396922600223267	2.3323761924784128	1.485539080288391	2.5149907497912998	2.3085274743736237	2.1603554175699067	2.078471217089934	2.1412905483694544	2.805138658934124
F2653002	-1.7777776215429946	0.1527808227149999	-1.5594967601199976	-1.7566930509849983	-1.3475544572005003	1.52300217874	-1.1412968528406509	-6.372564396500013	-0.18234430476999977	-0.24329183840355023	-0.6767584862800013	-0.1566747355000002	-0.312243580717501	0.6197468804599999	-1.0822618399949995	0.3865668129749999	1.5544130744499975	2.4748827555700066	1.525079795930001	-0.996086401114999	0.08692347651499994	1.5715995365946012	2.615505208268269	2.6501576846333026	2.6008862776827715	2.2365018095491216	2.1830043181891163	2.8988751162153528	1.8817229202002737	2.8288698548768103	2.590809148062168	2.7277830215268035	2.558278165386527	2.6690777835979502	2.8711908280998357	1.6837874412152853	2.7517079620263174	2.710395089280755	2.5387872195801924	2.1959531532003913	2.1585984734861863	3.0238559318914504
F2490216	-2.4361520788150037	-1.185215298541997	0.35790813407935007	0.030230701978300006	-1.1467844634460005	0.8391044154664988	1.4117391718599974	-1.4762534688612514	0.5769865905380512	-1.1455462562274978	-1.3948605125129991	1.0701213190549983	-1.743532628839997	-1.8688383399844992	-2.9681224530749892	0.5537278042222502	0.8148182410050009	1.5263801882214965	0.17206769680500014	1.3175019047985013	0.5348593662299996	1.4634534055096575	2.3619155477973175	2.6387813308440355	2.7024759096511053	2.240251904882573	2.2448254329576716	2.4775526156901524	1.3837302925698083	2.2380002690473164	2.3997668781504653	2.2842135538378394	2.1490344796126037	2.250493042530169	2.5267319059361455	1.634803980294285	2.7527346701602347	2.6032285332754066	2.5312851975254516	2.309658295744722	2.4322969533019667	2.9538975878386315
F4447188	1.913588412349998	-3.9785163023915024	2.578307561770498	2.8166322661785	-0.11819795750799983	-0.2864771077540002	1.1632540174595005	-0.5904106841550012	2.078548088	0.44895458163949964	-1.136319965365001	0.6608160652057001	-0.8208793220899999	-1.7083057909449986	-2.5575845124749996	1.6560987733299957	-3.148042106349999	-1.3008626429100005	-0.6458246322850013	1.3873225399950015	0.42392870832000024	1.3439636269081499	1.9072001378487595	2.4857915598515086	2.52096599970098	1.8852280379264728	1.94336554312693	2.2366989733020426	1.317378080436994	1.8317680641158767	2.2129322272826037	2.2274915026267177	1.8986988991105165	1.94773900392554	2.242398397051478	1.401890890452429	1.858746829641941	2.2974810947137145	2.300684358860588	2.2507401352010823	2.2179941774044383	3.0434685713687166
F695612	-0.915078093916999	-0.14543673610449992	0.05990284815000005	-0.1449129338215001	-1.0163431129849998	1.0898590544499975	-0.8432387963700005	-0.6033171989065005	-0.1594226309134999	-0.4976429693035002	-0.5311586982260008	0.6159362181744995	-0.6148673207000005	0.7629237540499983	-1.6112835453300005	0.13499781288250015	0.5107852774650004	0.6027644733735004	0.5517258815649989	-0.28232559670500007	0.17867872038850022	1.3381718798316191	1.7809169321968221	2.413691238327873	2.495169792267885	1.7794992424809237	1.8009271434463177	2.021160719125306	1.3067032148372113	1.7575551453755318	2.0861413273887073	2.0677288888702363	1.7892649218509464	1.8139617632097595	2.038258803766708	1.4261247948094866	2.0434975121357293	2.147926232517469	2.1045221209392295	1.8621662367749214	1.8745080964010474	2.983018716040899
F989234	-3.244452856180005	1.0919224676550003	-0.8738112286260002	-1.3699948525999992	0.47916165179950004	2.3889948994199974	-0.6377905844549997	-2.923243402380001	0.1099714610009997	-0.4131676813384993	0.4936919122385009	1.1892874248070027	-1.9728765001368007	-0.1954373323360001	-3.065254370284997	-1.2348662215450015	0.8729314538699995	1.0867218389450009	-1.5497439107614974	-0.4656348663595006	0.4461118302399994	1.5215635830409733	2.1781272520760595	2.702410744437712	2.5860630034435035	2.3933058885394205	2.3584741849423394	2.748688321759724	1.4867902859038635	2.149130871818611	2.3836399276748517	2.461515621399604	2.288733460851063	2.41308719360165	2.793855615090894	1.69832941682896	2.3719654580423875	2.499198104195537	2.4197699710490963	2.3615223224354485	2.6663731000887068	2.967436854587583
F191034	-1.4553898995750008	-2.0755041940350027	0.7563478734450009	0.4057284650705006	-1.1646432017799997	0.25257159506499993	1.1709993104999992	-2.6636358344750026	1.5947412078474987	-2.209402591979999	-0.9673646259499992	1.7567058036579963	-1.0174708806894495	-1.742909303825	-3.4189586069000013	0.6875863770249999	0.9440226400400001	0.9989131625564994	-0.39710427721349867	0.9517311493199996	0.37473377578800054	1.449798426335595	2.3167785494939968	2.5849598879181093	2.609541990989997	2.0309214545074727	2.10542017362919	2.40436773274838	1.451454527860385	2.23277720908062	2.4602727078569555	2.4290688067648127	2.038943803134251	2.0755826103969546	2.4836729927668104	1.656189254117436	2.6540889721256136	2.6796453296055565	2.6695723596064007	2.1889771617731095	2.2546774605425552	2.7980292959558843
F370287	-3.796593681564997	1.9862824537199995	-0.9713807356734501	-1.5283978127409983	-0.9583171737727508	-0.28109695529999956	0.13522339931499994	-2.4148765158389986	-2.206181567225001	-0.2533209935485001	0.7714964337915008	1.6322697601485001	0.6038786876349991	-0.8545520192922513	-3.593755628808998	0.3067013656390002	1.0161211798950005	1.20347379323	-1.03648766376995	-0.34623504377500036	0.5216598967600001	1.692617200512478	2.5529538440207555	2.5114988423994133	2.5864145537715175	2.3476933590760085	2.587227572376486	2.8237777097868184	1.5285465297808647	2.547826110421887	2.462517143493639	2.380140994286229	2.17633762580143	2.3069325425454084	2.773529123834575	1.7788769655892156	2.7493425097612274	2.6142383383367696	2.45963029544037	2.355576704039622	2.505292952586607	2.976508706834607
F4477017	-1.464605231424501	2.21520450228	-0.741804320718499	-0.9317674774510007	0.7065750728349999	-2.6891352975924967	-0.7092614231285	-5.666008893999992	-1.3286758606999973	-0.45964537243500003	-0.6950308900904992	0.19105747256549996	0.4138287507645004	0.37592674784499974	-1.6238912561700005	-1.0183312102449995	0.9145021656199989	1.8361385407134998	-1.0428655160049995	1.9242863034999977	0.14592379209499995	1.5133513424678138	2.24212975188245	2.5237498693153455	2.5338806161920475	2.192554633381643	2.396127659523609	2.7710780879839443	1.7383494260122905	2.3976457121120602	2.628449666134574	2.5256413116861607	2.543153313718353	2.6000393106470434	2.7612623806021737	1.576222552114554	2.334373864892352	2.5397723889019863	2.5121732931776473	2.294780635262769	2.4398755984137326	2.8508549373507983
F1646171	-0.16544811686750013	0.9252711749050001	0.3054129897700004	0.3267252397849998	-1.4243095500969973	0.179540468	1.3083951134550005	-3.890169442637003	-2.0788461912729996	-1.6095634585799987	0.5943871139299987	1.5486185167749993	1.4413705636290488	-1.8130512671999979	-4.282385231369995	1.3391544076314963	1.54667133029	-1.2093607725500004	-0.4609383218649999	-1.149177817909999	0.5319477426325006	1.3743743260677388	2.254077159239173	2.6435320039364565	2.5848412662542786	2.415791437216473	2.4023743885459905	2.360378000532378	1.4342191738249235	2.39574944357335	2.5049880488422356	2.477474673126075	2.5342520493696337	2.4343048328879444	2.374521035123342	1.729853143684305	2.664047141468034	2.56577718097763	2.438552851954546	2.692458221585215	2.6208093254389233	3.0833086037244426
F4439469	-0.35769039974999955	-0.47328819851950055	0.32482442132000006	0.1979108841499998	0.00697714210150001	0.4701634473161502	-0.2327050648449997	-0.17292994342350002	0.06523918442000004	-0.0775374829300001	-0.4433767519209998	1.0522930001805002	-1.0926978372600002	0.07370901325099985	-0.7572800736365016	0.2131509473299998	-0.25339773154500017	0.31615154216699987	-1.1691810458249998	0.7707999395599996	0.037129735590000074	1.3384406634377592	1.9128872467019622	2.314260442139585	2.4495528573031704	1.732033926337627	1.749273465391219	2.034912289108048	1.326011914008736	1.901951173694662	2.053960633938606	1.9509721332977468	1.7348496766951829	1.7897280070945298	2.0340073617222565	1.3983750989719064	1.8744456342562086	2.0679800056605195	1.9909783181239644	1.8805042315760507	1.9175863966109041	2.945116408307213
F4450214	-1.1043416949355003	-2.269816342009998	1.055089332765	0.8929371569050015	-0.5686453127234995	1.8764400770749987	-0.04773976343999996	-1.6391281068849994	0.6450925694110005	-1.7620146513150003	0.03376491673000015	0.6724026428599994	0.18968839767599982	-0.3194533504650006	-0.9146534588860493	1.5067582212215034	0.8883485048250013	-0.7531541438859511	0.0503687225785001	-1.8822306498995	0.07553735963500005	1.4096481930690756	2.0607968263559626	2.5322704231087965	2.4779908684112346	1.6894226106958956	1.7940672271268374	2.096872103200309	1.3495287406536223	1.8830823842451805	2.139201776412392	2.1302067009273173	1.7061236264110458	1.8355365217458983	2.095937458837659	1.4240813759448867	1.9119811659228594	2.131152464569912	2.128144661319788	1.7266590343657506	1.8742040537977807	2.882021296155491
F180182	-2.101905891340003	0.7488019363875	-0.2597120156189498	-0.6703049676949998	0.7612422370765001	-0.8920298442509997	-0.8366684671499989	-4.681458851949994	0.5265376677850008	-1.0589528930900005	-0.7130557685300005	-0.5821633057230003	-0.49203615874499956	0.16121484583000012	-1.4247527505550017	-1.3319182754999987	1.1553263927535022	1.8418029389299997	-0.5213541821099992	1.4928679734827484	0.20270887805749996	1.4950586472822125	2.052792211067793	2.529608817474964	2.52049966407613	2.218321600766148	2.310255784174153	2.799017873465593	1.631357597701409	2.1713421332811778	2.4671523643629443	2.394792908187524	2.485795956234033	2.6326527961796096	2.869114491674567	1.5650934814628095	2.299753873832287	2.416112349956997	2.4656787669499702	2.24669363133533	2.3450836623312394	2.8625269009780747
F357092	-3.818557368950001	-3.3061679016650087	-0.008445085875000001	-0.4651285913199996	0.9072585775350017	2.306554748124996	-0.036243654080500044	0.6584721056524987	0.32872779144750036	1.003247166855	0.15197249003499969	0.9529101268850005	-1.1968362883645003	-1.148124955845001	-3.4960258605130035	2.9755629730900037	-1.2414815785753992	0.45841983527000024	-1.6981229159705025	-1.275586111524997	0.5791228322743494	1.5352905956352678	2.094263838710176	2.671247373815675	2.510513801007644	2.4944048678806072	2.353018115267645	2.8297173793573536	1.3680822716784244	2.0027309905366897	2.163890905742658	2.2340916489521025	2.1851536354370227	2.2224092101570916	2.7347595250219876	1.6518833787673686	2.224237699480691	2.2349043905639414	2.307526111107988	2.426048569993071	2.646311866458244	2.9138397713082376
F4483037	2.2551914596399993	2.3175623421866502	-1.2227300403600005	-0.9222765061050001	0.5826514485950011	0.607319282117	1.5094432296999964	-2.100833049779997	1.7736281784665016	-2.4740514595299974	-0.8558758867149991	-1.8733400572950012	-0.8848969951699998	-1.3069628649650018	1.4921449962850013	-4.226722815780004	4.083297764650004	1.6831019365949997	1.3972569337350016	0.3442200523930004	-0.34358336878750023	1.3321943616576466	1.9238395826328187	2.432471229371452	2.5159037186188633	1.8586859981069954	1.904696662028464	2.5425058593544425	1.317587962934535	1.9509553416089727	2.155711121676571	2.0481679237926356	1.894611885926385	1.9821399018767591	2.6269515739060196	1.388572731741313	2.0750987880405076	2.2856168579773666	2.0541023311470172	1.9431394673128148	1.9565017423224849	2.988331363481969
F4457438	0.7154096388404994	-0.20117999868499964	0.1372163762549998	0.3302245530049996	-1.4845858713739999	-0.34669780603000017	-0.3392870500419996	0.7452324640500008	-0.18786792504100017	-0.6258676915594998	0.6686609672050016	0.8204119868449995	-0.049559658199999995	0.36481055313850014	1.1039521782699993	0.6160018327700003	0.36695861344000036	-0.8243823658649995	0.4914391732550003	0.2852484128360003	-0.23090543504999983	1.3338800398457602	1.7667933589446714	2.48594300541907	2.502229706046227	1.788262313498455	1.7417190178216604	2.107177011047045	1.3068860302088843	1.796070793054557	1.9722756692317591	1.9710188237940087	1.7958470636149249	1.7692346445099874	2.109186974680925	1.3569321085376298	1.771075873866434	2.0104748059116972	1.966540779905001	1.8426922919244215	1.8113397275381014	2.899647970626192
F4477455	-0.8879937670045004	-0.2671978433090001	0.2249657372261003	0.06412284468000005	2.246470710194004	0.4430401277349993	0.06647725731999996	-4.565538199600003	2.67562929059	-1.2648468739625014	-0.7636951503400001	-0.8876861735450001	-0.2347916009800006	-0.28064950949000056	-2.645754810435501	-2.355067454159001	0.749742190705	1.088024641980001	-1.4697944383558514	-0.4586725540659992	0.36856819700499976	1.420891332778737	2.070494050679882	2.4697380024520754	2.5700229300602064	2.1336180515816023	2.2962997154357416	2.670055889462392	1.6034900461942558	2.2142042151389916	2.3925235586902334	2.3659534162455946	2.389346639767873	2.740923374350575	2.8470269215357984	1.6772225693750151	2.107006690113807	2.404241694266162	2.3659284500578712	2.400096564296799	2.586915590373024	2.970211406662177
F166869	-3.597910386850003	-1.3974348072000002	0.07911263288000012	-0.44198653021000023	1.4023149611205	-1.2247526446650006	0.03159892626499998	-2.247404832365001	1.1579671998535004	2.4774702281300005	1.8517613415000018	-0.5141613473450003	0.9354398013659988	-0.8324465549894996	-3.3727778691149983	0.2695044836049999	-2.6879515429449974	-1.347625101304999	-0.7562733879559992	0.13714232003500004	0.45495708648999994	1.6262145278965807	2.360407650638222	2.658169507798148	2.5806527791487484	2.4090415206869475	2.44051528707768	2.774207238662287	1.5096983623196407	2.5429552653296055	2.477213828797801	2.416430473260425	2.256776288397911	2.3679276794373636	2.830046508797527	1.7718442158163485	2.2797941251347877	2.4610422234638243	2.4518833681652623	2.551956818036009	2.6965238990570524	2.9881968355992172
F4359218	-0.9217739523924993	-0.94130731195	0.03911086687000001	-0.09899230910999988	0.3252913966750006	0.1974974779044996	-1.0559351158925	-2.7889221458499915	-0.5605482169499996	-0.394933453085	-0.05036566964000016	1.0694417351650018	-1.8287140259449992	0.8943080446249987	-2.6060148341337985	1.0086567107145006	1.0077125994249998	0.36598162352700075	-1.3095461779600022	1.4405747573124998	0.3540035250400005	1.4270687694347306	2.5728160768204114	2.6213344948871757	2.698457028103148	1.8016854621761456	1.9488114792299458	2.290019654910314	1.406939974093146	2.4664572921320747	2.5173742144431217	2.1306607430109747	1.8682711071542584	2.0547294598626116	2.3289152105500484	1.5964538284741547	2.608516438305096	2.5827973297948983	2.155607000368058	2.0863192407138986	2.252193082978214	3.068697394720022
F4459196	1.6838743685800004	-1.5891638912284989	1.3009657707299978	1.5278984309599986	-0.6652034989399993	0.014662083999999976	3.103687633325001	-0.2727201233654991	0.5540550026499997	-0.49322722784204887	-1.7317940212585516	-0.1815791519099994	-0.24123201416949983	-3.2983306728400033	1.0540550135749993	1.2376664366350023	-0.8305437986519992	-0.04711784601650018	0.8861800619300011	0.27811383232800013	-0.26011777592999985	1.3421104324301203	1.8747005982108373	2.404962600225822	2.537507320913424	1.9080549307662755	1.9358463166307864	2.3117158856987206	1.369059809915121	1.8749323193936924	2.106408400461489	2.103280324886802	1.8901492410377219	1.967133551193651	2.3516798982675207	1.4237419982030808	1.9408306222992926	2.0852790990499943	2.108388932334651	1.970135594317274	2.0531203070794155	3.0398439212707267
F4342104	-2.0938276117750045	1.0718606417235002	0.09075621655000002	-0.284828293514	-1.0400688974165013	2.7306804765099995	-0.9625062099100005	-2.579074483405498	1.1558863419300007	-0.0020849881049999712	-0.7915655292244994	1.690618947910002	-3.416131258475006	-0.06199794421799984	-2.4355579503000024	-2.4002641552600017	-0.0721191123799999	1.1193887050450013	-0.5333612035235004	0.6496617576085002	0.28584325621999973	1.3881674533001915	2.109207877502153	2.534231958737638	2.491157579085715	2.1281202714594905	2.1547831844454954	2.721817450917444	1.4268954629434902	2.080327617177958	2.3310860690257957	2.195252621848966	2.053795709382469	2.262918828730597	2.8929044470220626	1.5201180940753474	2.195001289270849	2.412789820674589	2.3848566266731153	2.331240823768233	2.386795080680506	3.048875397275988
F4483585	-4.64420695220001	-0.4067831300549994	-0.5189473078249998	-0.9806369269850007	-0.6888625320499985	-0.2714394562899998	0.18769318527450027	-1.76553259407	-0.8510447287550025	0.12543612272770002	1.146373216783	0.7335345192895009	0.07993014966349996	-1.265647403030001	-4.845163581550006	0.924863986574499	0.46199103729950053	-0.03586734149499993	0.04500576630467506	0.12662524726999982	0.8023739378780002	1.8398430352733495	2.545250056095504	2.704915849815519	2.73765036891723	2.6328930722176294	2.6529374547818754	2.765117207605332	1.58532822982951	2.5112561344862594	2.5983189007552956	2.5938795100837573	2.396449196079241	2.4314190284573423	2.7552038692895757	2.071545677723245	2.6874804290971124	2.6771763007812392	2.772950690140847	2.680516385359536	2.6962141450112553	2.950659960812912
F4304085	-2.0436217037300004	-0.8571652531980002	1.5894221368570016	1.2623907914454982	-2.3707413743105037	1.9497357521699983	-0.9009995965934995	-2.739330328549999	0.6857929583999994	-2.233028454469499	-1.015008444135	2.379594930899998	-2.1521191384830005	-0.14127794837550003	-5.134469653600004	0.20332341952999974	0.4370289102799999	-0.05989991788999996	0.1967248010094997	0.25832653341999956	0.739053712185499	1.550302348856515	2.2784458409054675	2.577453154575614	2.6592219981047465	2.3683346206466296	2.412784529016197	2.7928208895038678	1.5986882757009977	2.3243246335095096	2.4371165059601965	2.529982722222012	2.3712471924721177	2.4294099482542446	2.884908525785068	2.0309838234261233	2.7143588398932557	2.7408851535142293	2.7582724397690086	2.65429851221726	2.7745134543087264	3.034094690184018
F4472551	0.8754403189349981	-1.5114048901600026	0.31884008139500003	0.49459870389499927	-1.9187619772000017	1.705308884750002	-0.21615582296700003	-5.5337408205999905	0.469367739035	-0.111323053535	-0.33547136840999986	0.9970619159115021	-0.8591417075514983	-0.3728392707050003	-4.082628350850006	0.4360442359199995	0.06623840867000007	-0.016984725725000014	1.2237411340749986	-0.9441815757349984	0.5865672780250005	1.4971485702455027	2.5905478623706077	2.697438910492964	2.6282268986911657	2.179298824225929	2.2011138240868258	2.564282883598939	1.764454441879602	2.721900599154165	2.715820934886791	2.6160490256177535	2.364127664696522	2.3167953265762686	2.554907229990846	1.8266999582501735	2.7771673488294097	2.6895862952860377	2.6296156354291362	2.358432232861385	2.3831828899921006	2.9242666661675942
F336528	-1.1032330971049988	1.2285101996519479	-0.8516690351776	-1.0015708380000012	1.0979403064950004	0.0769583124	0.46863954895600063	-4.463462956449998	-0.11381800240000008	0.26518843408000026	0.48997451724150004	-0.979271654684999	-1.223068146559998	-0.5442159059449997	-1.308298576950498	-1.177568370975002	0.20006855456500025	0.9171033418399992	-0.23781114527221095	0.8795155597199965	0.18682373290499982	1.4128766765159015	2.1600311067713887	2.4269349789546126	2.516123597015857	1.8987339152707927	1.9956385559594034	2.5709006362605984	1.5196865269217348	2.354047148452674	2.656803080386747	2.45764449895536	2.0213968688844908	2.419989692150137	2.738564903253981	1.4879869683659452	2.347251949277184	2.5073304238551692	2.3970912063616887	1.9536280544382052	2.1064292440593007	2.874538215532971
F110678	-2.9273894793200013	-1.7414950379649992	1.4325564314900014	1.0659179027700012	0.36836784831350006	-1.880673460184998	-0.017196567010000014	-0.6562743244309996	-0.07316212261999985	0.32831220112720044	-0.050597390025000036	-0.30729867925999976	1.453012287495002	-1.008896304132001	-4.187195823954999	1.9274173748000036	-1.762824807905003	-0.9562577351699995	-0.1351160599599998	0.24463813049010016	0.5946454381400003	1.5314878912314134	2.1735847412186877	2.5128650537822415	2.562072929329523	2.0768274082750455	2.287627351865686	2.896299723154263	1.4209800216521475	2.0434935242714793	2.2547865927008512	2.3247651264615823	2.034737911234854	2.268098071281699	2.7860421707805245	1.7565505136071244	2.4159340694825513	2.3439479320981764	2.482596584130593	2.549084163947786	2.689684215102722	2.8327004609584328
F176890	-2.1177277721350003	-1.3187822606149981	1.3328736262544985	0.9972707455400003	-0.09281422712500013	-1.6740274731250016	0.3423103887169998	-0.674451700421	0.16017497122799984	0.8241467270200004	0.3664372235464995	-0.28944676868850017	0.1378463583824999	-0.8320125662814991	-2.5170510870400022	0.7174941647850005	-2.356934169148498	-1.2673985335180007	0.3944069046949995	1.4779318031499995	0.35857990735999995	1.461487029766	2.0614862558362077	2.6235550942409454	2.546071472333102	1.9807075457321959	2.0179164973524206	2.253046260042705	1.393660639710735	2.0076733265597704	2.245676556062226	2.382027958988235	1.9349881319716007	1.9682006922508568	2.2167337925981876	1.6002663307629603	2.0181393098117435	2.3714816164733596	2.4696960950135214	2.4460195834736553	2.2950658154544366	3.0406610414023807
F167502	-2.3263476517900004	-1.3912465935355025	1.6382223055150011	1.3875206140250014	0.30451573151500017	0.5076216484499997	0.08288367107000019	-0.051432416957950006	0.2668839871415996	0.5608405364975008	0.3054369019399997	0.34063420319	-0.33750966928550064	-0.642702748540001	-3.432573137849999	0.9931446351760004	-2.2122792060350003	-1.5577458643950004	-0.4366885486650005	-0.3933450021899999	0.48542971708800076	1.40963546890291	2.053177560134494	2.5094040759385945	2.5606414333472616	2.074807899712762	2.2048378946377114	2.2495446878131706	1.3046153454308762	1.892749609205396	2.298947072087562	2.3383350879722684	2.023910251866118	2.1169556304734294	2.205856380252392	1.7035075894593623	1.9112034796968347	2.393113275109191	2.537246266889139	2.5850911571827653	2.770911213929267	2.8962193119089994
F325850	-0.8286176663649985	0.22819993645000022	-0.2290362863664996	-0.31353162660499956	-3.648926626054998	-1.4236557013900017	-0.42288584435000043	-3.8043370999549997	-1.331907134484997	-3.8700352673499987	-2.8720183408849973	0.3148904610465499	0.21815998287499974	0.3203976194300001	0.5225473308394997	1.4150080927425013	4.553824181440002	2.6559612101199996	3.051670856149996	1.1740711068600005	-0.06384885865500013	1.5881618523044527	2.114694884722401	2.48089932067428	2.5707606463490564	2.2770397601137993	2.620519655722176	2.9083528389881628	1.7700436136549753	2.1229878569868896	2.2799116079189012	2.468425833427951	2.533325807938896	2.8253964133308065	2.9053314663621768	1.622157306022959	2.587144098960758	2.3910954220616563	2.327785056535242	2.299807301056765	2.568903160231551	2.9365668129518796
F178849	-0.011972317084999975	-0.9858409636399995	0.5613314462200008	0.5205275209449998	-0.26737594814999993	0.3497403488744999	-0.6878958915145003	-6.019064744500015	0.33648876521054916	-0.21363286316749983	-0.13038791311199988	0.024231319008850075	-0.21671844646900015	0.04010058212500004	-4.647140256600005	0.3610934445639998	-0.09897977380249981	-0.1496183248200004	0.13902226991000008	-0.046804922634000025	0.6812563237399983	1.534045506747048	2.630256930687038	2.6830722356804366	2.699610381296972	2.4542082412982795	2.4243369477612444	2.607021829917388	1.9433861592906287	2.721915875011516	2.7385765912794575	2.7979045737163246	2.7190917113979616	2.6419105134671645	2.7192458469195713	2.0609738967937012	2.8901232871776976	2.7789326383581314	2.6485568309562244	2.7487815239945714	2.716070251072751	2.8933254640805774
F259494	-1.7612792887190034	-0.17172972973999984	0.44356045657250126	0.1793499524369999	-1.5529005845955015	1.6055207295899983	0.6233799965050004	-2.2335588185139974	-0.6888847589050014	-0.2863052732800002	0.7753712849550002	1.273543969841498	-0.9999981900589993	-1.4309291095000007	-5.279289769279982	0.6460980452249978	-0.023974572264999983	-0.56478548853	0.1580515605909999	-0.14090529881499989	0.785968066416998	1.5448997405523008	2.5285609572235357	2.6076534055387013	2.5413142758960676	2.2287351930741663	2.251015250774482	2.474978650467271	1.5284632539790135	2.5118597300616465	2.482099199769974	2.490117081120521	2.153200091304566	2.1931335102305827	2.41228338686963	2.0903633580111545	2.6609449707306694	2.78331452540319	2.581019839736577	2.6216223070506337	2.5944630748523774	2.99675899270631
F4381555	-1.6581580016040018	0.4351223153574994	-2.8917617357899967	-3.1882176870999945	-0.5427535374850002	-0.5639094586569993	2.446375281198997	-2.5576496704049974	-0.5100130181020004	-1.8784191686500022	2.0253668126425013	1.1379587448805004	0.8483999880239979	-2.4010751801049985	0.8862635285199986	0.05649626471000008	4.9524423805	0.9831027650300002	-0.5363030813850017	-0.4755313260305005	-0.16221736678	1.4374345100300039	2.0110337821218183	2.4955072709509305	2.5793579597881955	2.1004274824293896	2.32848330979601	2.5082876094158335	1.4037078793747624	2.051583681334716	2.3582329108615943	2.1963374044710267	2.04108983140863	2.092213817534596	2.5716429031388843	1.4974285192577639	2.3369765499158763	2.3848062903546117	2.2161020286764535	2.071259651889141	2.252204706747811	2.957521175820156
F110317	1.2056919263100012	-0.8760348797449986	-0.6661775993834997	-0.4523420950929995	-1.278948834299501	1.141963926709999	-0.6118187080115001	-6.676856294999993	0.014280340880000065	-0.596947057166	-0.1693006378499999	0.2123596853350002	-0.11743220977700031	0.19795789468899974	-1.5281199790399986	0.8880002816814998	1.6718537251549963	0.5780958293699993	1.150695009200001	-1.0536649869549963	0.1948427351300002	1.4262847365728972	2.513757747262273	2.678355523065169	2.5507218867463135	2.130457846432514	2.081068971621632	2.7254150240928046	1.8782343894039752	2.74135221201666	2.61233047389922	2.5778587054913467	2.583958345856729	2.5598627070758644	2.767467790072538	1.555598152607397	2.7039627497816885	2.591633174700864	2.4296843910535	2.1853558826464465	2.16809529780024	2.979401250946825
F329112	-5.3388528172500145	-3.2704108534100005	0.27342451150950026	-0.5808912089699996	-0.34265657124000015	-0.0034054184350000138	0.5539868629679993	1.2548859350500006	1.5884163864899992	0.10852445960086496	2.2274208026300015	0.813921731033	0.4089345838984999	-1.8322584139249984	-4.026067130199989	1.780239338355001	-0.7917710773999996	-1.316397028715499	-0.6109880312050002	-0.45261673659500035	0.4240980328399996	1.7431779714526907	2.127295861735408	2.6116083247818427	2.632814656499157	2.5122445842099013	2.7451544909289067	2.918253250974151	1.4220085580094293	2.0601852623573462	2.5179655149397986	2.532968601970867	2.4039078428344056	2.359040271245415	2.876444241589957	1.7904160347733657	2.1115175234492862	2.635642325854429	2.5860286390864484	2.600477078882219	2.7112341510825115	2.8166499952133224
F2407149	-3.216416779800002	0.3851947102150005	1.0041092859949994	0.6367830271650001	0.35327576784999976	-2.0357111851524996	1.9188142196905047	-0.8686221402509997	-0.4407791613045011	-1.1347886371350002	-1.5794190604849996	0.17582213170499988	0.5846230213399997	-2.576496372389997	-3.3220404093400004	0.01970380321349998	0.3218162363210005	1.0132176839829998	-0.5170696621559993	1.1657165958199998	0.48935041267439977	1.6154073956993584	2.769830546438587	2.7502367597978368	2.734507992830347	1.9614064522685275	2.214644870310821	2.4529563046112393	1.3725465778692838	2.4688751209991926	2.476591617695308	2.2326093103419273	1.935106167367175	2.1160673628291296	2.404009015542206	1.6483792187746134	2.677592880484974	2.646623112043921	2.4596643627388097	2.2601904316190837	2.2159730390217733	3.043837955576734
F191391	-3.2325178267500023	-1.362032741695999	0.15469799482449997	-0.31983789435900023	0.4131706979049995	2.885306866065009	0.5397409402700007	-3.2801517665949964	1.3631078031000003	-0.6393138650400004	-0.13830330499999988	2.1502991908300007	-2.1538087002699977	-0.8230825309299993	-2.125798842289997	-0.08471981096500011	0.14446664858000033	0.6667812814499995	-2.4245356445595	-0.7455679494749983	0.23745109347550072	1.5666309833995773	2.301474365261931	2.606712480081934	2.6983587934914444	2.5452046072788725	2.410147446102071	2.6307621368252807	1.5420452501693378	2.1821027234577173	2.4894698635825736	2.487166984620885	2.3305548908473814	2.449383592247976	2.734269234191103	1.668314978598915	2.0225433896465805	2.4644279904615347	2.4659790653393414	2.4319183505216153	2.6043187856277	3.0739769483951376
F177731	-1.781481998287004	-0.45369914764010005	0.98091597036	0.8622759397050008	-1.6017855780399974	2.418433203584997	1.2313370115799989	-1.8881482972800006	-0.01451867674499999	-0.5366763381299996	0.2589826063294997	3.051779738292499	-1.2923913202623036	-1.697892821269998	-2.8459980498874993	0.48803215767400043	-1.008958432424	-0.5417493315299993	-1.4615693811450023	-0.96402694508	0.4723598802349998	1.4060350498043017	1.960962898454531	2.509262420920025	2.4902903137078853	2.038973397718518	2.1704233539915454	2.424665585093954	1.3925398156573123	1.9266285790420066	2.441844445605509	2.360098792996563	1.9888469825261126	2.1160655236466552	2.5544944040264723	1.6423587657652512	1.9054603311679268	2.457121657396779	2.3619916708720607	2.374048918087483	2.5523888664515213	2.862462596249299
F4437368	0.3892384663299995	1.1466738293800005	-1.0277231719719973	-0.9935270598050014	2.1984821040250004	-2.177015316834996	-0.09670862269499982	-0.36479896418499913	-0.38722005226499995	1.0544023582599993	-0.9131453297620511	-1.1880364916450006	1.5705757427869982	0.07973084565549991	-0.5753490394349998	-0.74323927919865	0.048922084207000005	1.8301802638990026	-1.138517581634997	0.5703020988250004	0.039986933089999954	1.3436546010666948	1.827219676225791	2.4506187851727157	2.4465121304797584	1.7630850676357828	1.8895594789466095	2.0678073468969043	1.3294603388162813	1.8640878431349863	2.1049697768980766	1.9930232273940127	1.7847223614945666	1.9222400840604432	2.0889138113367354	1.3902452875875881	1.8886824708458303	2.107875914600291	2.033599661750615	1.8616735770756498	1.9652246577796095	2.9276356310463987
F4476065	-4.746806486949997	4.446508993879999	-3.6343407201999933	-4.15406676395	-1.417867857700002	-0.3002092672345006	0.6255686304599997	0.12745997028999992	-5.31552436639999	-0.97324387987015	3.9941349701840045	1.664443669565	0.2925328232300002	-1.3745450238850014	-0.2110242225219999	1.1749929835749984	4.824574986850001	0.09585172041499986	-0.4662369299350005	-0.062472011442499996	-0.006836477485000032	1.6978940491081442	2.3886780118572983	2.5435117514786914	2.545839746557564	2.4008697693267815	2.573417487437999	2.954080280476953	1.477928524976987	2.353097831066074	2.4483508975574875	2.3589818208102655	2.1332608882671167	2.217430252969892	2.97506608004505	1.581642037153532	2.695540889104808	2.445824262429303	2.3491065753030322	2.231811288918518	2.159704914223681	3.0394386821375945
F3028273	-4.605803520799992	-4.352679613390004	-0.5577311222615001	-1.1796895827605	-0.17869816932000024	0.5287410311099994	0.44239627573799994	1.7424018760900033	2.4837197748750026	1.785511087500999	1.9179089657264945	0.2139119478274996	-1.1985830997409996	-1.37600383984	-3.8975142068004964	1.7530618500300013	-1.3738898995950004	-0.7773156978239998	0.14448561599650003	0.2912870853699999	0.5913204005150003	1.8453917365956372	2.292721662390982	2.7003215373518437	2.723787937424186	2.582077277824151	2.647273473438948	2.989982047442842	1.4495826514062817	2.093571830482566	2.3920166795321793	2.4881518943676584	2.4984859061594356	2.615937570500288	2.742453824315849	1.815853865361549	2.154385672535685	2.4142152650834126	2.498537235296115	2.624187582757603	2.700320462995516	2.9479871827073114
F589277	0.28649858893999997	-1.2685099341134993	0.29743264321449997	0.28842022929999994	0.8533012774832	-0.6298758714350009	0.4323183416720001	-4.317346229499999	3.1785649888200025	-2.382593347180001	-0.40038362596000066	0.2569812448209998	-1.3613333640005003	-0.5516119703304995	-0.7289984392445014	-1.7306701264000028	2.1888058850100034	0.24530982730999967	-0.9769946711200018	1.8051662727164992	0.13160171619950004	1.3461650972048766	1.9655477923761788	2.4259400910016855	2.439397624333787	1.7957389336798617	1.8746718643463443	2.6462915108130396	1.4262079221407618	2.162655853396285	2.345467935548708	2.266461542326024	1.9102506349676212	2.3079895536789117	2.668595475709899	1.395825479215433	2.142439759189838	2.405237484416642	2.1819059155051255	1.881379456993933	1.9099151185970642	3.085271781031704
F319633	-0.46405939441229976	-0.19239513402649994	0.7758992771249992	0.7618646755299987	0.3544428034314995	-1.0544679564315005	0.8145193607255004	-3.2810993742500005	-0.7887801505919994	-0.6250641916050002	0.12912336070500005	-0.5160369173250009	1.387162266675499	-1.8175725740200026	-5.36323100395	0.5546594581339993	-0.017750794989999985	-0.4410267507949994	0.13751411389650006	-0.30480632231000043	0.8824150066050017	1.4902230536479393	2.549911995088083	2.644429041782422	2.5411333034644055	2.2346374856103117	2.2010354517724546	2.344319181496413	1.5362581169737404	2.537750165146697	2.6060279256347028	2.6226957080057067	2.319700868281675	2.3136232660742597	2.407853528302762	2.0720134405634187	2.7601199211713032	2.7906570499992216	2.697950553588508	2.5328319567380357	2.72050390536327	3.0086895933956117
F43700	-4.971758796254996	-1.430950154926499	-0.9490667280399998	-1.5756966938900008	-0.36531818070549993	-0.30877104921499987	-0.5411250028850005	-0.16242906497	0.827148509794999	-0.05407297351315003	1.289812662750001	-1.3060514158870011	0.01620956325999996	0.7021233156716997	-1.1838240631500014	0.27932548397950013	1.0946283333255022	0.16429454648499986	1.9642157734650036	0.13043932299599975	0.12676397992900001	1.7507197165326058	2.391157278702042	2.5992228471071575	2.6116065788235296	2.5741160216338494	2.7113105921980285	2.765047847299105	1.3860546522544628	2.240864322752796	2.261787400519781	2.131850586355748	2.060772596343691	2.234123970070658	2.663478916605039	1.5078736516891016	2.3944103754880284	2.4068001412319058	2.2355183993116725	2.159874840975459	2.254034134967062	2.9051608139842604
F210095	-2.7707296792850005	-2.0095882532834994	0.6746752258750013	0.284638654063	-0.9545486347499985	-1.3062881827352517	-1.3394083300879993	-1.6984132222799952	1.5395516263600013	-1.3848330020800004	-2.2855373941829966	2.112365260646502	0.31921123789500033	1.329522804457	-3.5876022409599986	0.35336951635499947	0.8517871658905012	1.9920825890500038	-1.2294455792904997	0.4001174188200003	0.5061496205014999	1.5736386924336605	2.284404449580543	2.592976626600079	2.466411714239858	2.1973083732693452	2.6113501873319165	2.5841118845034723	1.4754311178270054	2.2179527595511903	2.4493328252289617	2.3668870448434896	2.177432999282444	2.3984681869520816	2.5764294058861426	1.793025716064767	2.6671201877831385	2.6263682136507662	2.3612751455342624	2.3650272835057344	2.7437313579670577	2.941056354310836
F4483391	-1.5464528286875037	-0.49684585328750025	0.9104869157950015	0.6105627403699988	0.5324785745699997	-0.34527055127000006	0.7686471924769998	-0.10666855977449999	-0.3392574861654988	1.6419769691499972	1.3967999989955004	-0.3866676972054998	0.4275809317844991	-1.1832100610880023	-3.5690039188349982	0.7962241504414981	-2.708871054796501	-1.9218547345650017	-0.22407652926499988	-0.2086098058549997	0.5406440527899996	1.397431071816719	1.9229936256154572	2.50975730303953	2.551389048587473	1.976082224692062	2.0982976160659086	2.1502770657187584	1.3635491649100377	1.9039277223156028	2.292193033141738	2.325312652477552	1.994967143567753	2.085203860305861	2.1738268640482166	1.7244393539912486	1.9030099423270792	2.298941340991378	2.4165989899551463	2.5176953986534962	2.7267561283290807	3.062645993700481
F846477	-2.24035954464	0.20644557119349974	1.899210989204995	1.4755903846500005	-1.7770230165200014	0.07410614553999982	1.3831013346669998	-1.0640585138634857	-0.33659843881600016	0.49492636229500003	-0.6314214074680002	1.6189798919049982	0.592115630925	-1.8568923464900022	-3.683562158050001	0.2503875407459998	-2.281743002805002	-0.9472321002574998	-0.19864263933999965	-0.34240447982500016	0.5691775998250002	1.4670446564372357	2.389528896805413	2.5915989250225167	2.5922445444492532	2.277767834171772	2.2075802625977907	2.261021066007253	1.3785553974813298	2.1154749863737656	2.226903380466655	2.327475818038905	2.212906233232319	2.1318020285726553	2.2457057439301806	1.743183489234278	2.217970959858591	2.4221191621734617	2.573108407349809	2.6151700991834366	2.5050525101284644	2.9717786588489075
F3302039	-0.16727091623849974	-0.17622970984420017	-0.05087299993660003	-0.08547490570600001	0.7903920756319975	0.10677645449600004	-0.34570412129499917	-0.27602659625254994	-0.3759682745250007	-0.3033663219474997	0.2067853731249998	1.1843537338200014	-1.3440958813863468	0.12753242104500004	-1.3292328725110014	0.5626915134499988	0.32111424246500037	-0.03678524647449996	-2.059481122090598	1.2720619955799997	0.23611667110799986	1.3621578090318398	1.7851252972790779	2.4524689049964374	2.3455561036636077	1.8894519362135453	1.814180873117931	2.0469074249294392	1.35269877955419	1.8410211010165465	1.9998682337619693	1.9610833061415698	1.8978667066626504	1.812638827059545	2.0522919865057134	1.4201806359552922	1.8758293427816797	2.031445648354308	1.9618731626209547	2.0415343142252333	2.0380828313603803	2.750888722901744
F231952	-4.506565275499997	1.006327750570001	0.8840166927075002	0.10984923382900001	-2.0419388193800008	-0.23766499725249984	0.1179831278450001	-1.5209171816249991	-1.5994581478835013	-0.6038202228050011	0.6066371297075004	1.9599206745299969	-0.14357369173449994	-1.2135129078549987	-4.958120017000007	0.32316600724700045	-0.092248195045	-0.4999450780299993	0.0711957196689998	0.3241427842300003	0.6784238977904998	1.8081081723576016	2.7284494353544515	2.649218130336345	2.83334313540411	2.3168902314270072	2.631655168392669	2.8538950945083146	1.5163063587536487	2.5540910770715795	2.6766457975039795	2.44853662008244	2.2171404310831915	2.393626307218075	2.74360566540371	2.0300167150753143	2.790858023648459	2.7420834388713913	2.573173040119213	2.648612347014738	2.640056296938433	3.044030656216303
F2548203	-1.2964242993049968	2.2668048261299982	-0.2548417704860003	-0.4442928643834999	-0.08517387900499994	1.8302664778350002	0.19393078452999993	-3.2432807875750096	-2.093528071905	0.052003752362500016	0.7729195924699991	-0.12964005264	-2.1123687717	-0.8440330816050002	-4.8212073570000085	0.04665384168500011	0.1740771154400001	-0.20487957781000063	-0.027335162946000066	0.05611767351999993	0.6809719158050004	1.5152003550617474	2.5755862829592986	2.632774213142524	2.630482437920573	2.2147447403226503	2.3124998281173696	2.5180899390514786	1.5793161311386228	2.437323975398306	2.4771924467188216	2.517265326807968	2.2500245943088872	2.3959117089520663	2.5911343703409666	2.029035896976598	2.7663242997362585	2.648322352519465	2.70847890914572	2.725449959695277	2.673057664127459	2.9035286545540284
F368490	-1.1783474076550002	-0.60052791483	0.24381249330499963	0.10207206752649983	-1.8483136531149977	1.3083865869050013	0.148395586705	-4.754809362649992	1.4516883494999984	0.9430403946950002	-0.7171993387019995	2.513204672209494	-2.085365354399997	-0.4228130278799999	-0.7356682117675013	-1.3047759706700002	-0.5049915905850003	0.3954414195890005	-0.7230021430600007	0.7816234911869981	0.16405623168000022	1.5071845526834398	2.4989775821511104	2.759913636848814	2.544267495671771	2.2608559180206305	2.350917868479133	2.645155445210844	1.578508466824412	2.6484879157668026	2.7177506810081407	2.220388021782923	2.3480663764269476	2.383299833485325	2.731030961660327	1.5161464822756856	2.4059470219307513	2.4335093916235744	2.1827140577541475	2.325781762013327	2.4154408179601585	3.0252246823802342
F4480557	-0.052474664280000034	-0.4314483669044998	0.8820289515049998	0.7937206160349991	-0.7388684020550005	-1.5303428247550004	1.128685602175	-4.996212868599997	0.10966157827500009	-0.260140845344	-0.10868728764850014	0.7106023930850001	1.709686368590002	-1.7336599653049984	-4.80990160985	0.17225991971999993	-0.43687267355999965	-0.3766759562704999	-0.21559886756689997	-0.1243420039455001	0.6661193977355003	1.5268641630117774	2.6452757677789864	2.7141993591712987	2.6961097222414954	2.298667607395452	2.2858916214337173	2.3576342884841175	1.7447730415497709	2.7641519743886374	2.717407236627243	2.677612243213493	2.4656853606869467	2.455940408109095	2.5341081733314925	2.0335677994130945	2.809336921422975	2.7258068268455986	2.7182238397579095	2.6048464872711783	2.610084118659596	3.153173616218508
F4480970	0.5096186824835002	0.3132563447805	0.03060953797950007	0.003034206963500028	0.3902356076604995	-0.2808883930850002	0.6975151900914985	0.15489231556850003	-0.6417434095700005	-0.8145071861650011	1.498655395645002	-0.7752968083410007	0.4081074482213999	-0.3827622478299991	0.9842677360999997	0.4015987190899998	0.80510268642195	-1.4306495988750008	0.31963225266600037	-0.19127118085099942	-0.1470398826	1.3451075694173154	1.7868754225816825	2.5330458905860582	2.456017584994572	1.8058315531104223	1.8870691509719781	2.160003052853487	1.3163833203441413	1.8350572314986677	2.0698368439545147	2.0315999805443807	1.8157175008740123	1.8496411005499784	2.1826459854857188	1.38100042664589	1.823316647301691	2.0992869258465525	2.085068220567478	1.9145664278711743	1.9151973502977833	2.9726262842657003
F4357713	-2.3245550536100064	0.009330527563000027	-1.1629234832950008	-1.4451696439949997	-0.28165629674000003	-0.8794808087849995	1.8342608038315005	-0.21967230150949985	0.07964001709999999	-0.6490902486104014	1.3575374324420002	-0.35546487710849994	0.8700088505532013	-2.1390858848000023	0.36158493078250004	0.12904497398000003	1.831472717309997	0.0933091327115001	0.6770705155999996	0.18993917349549996	-0.11361080143350012	1.4359339741817883	1.8107929299409924	2.579620681556818	2.541447934358092	2.0185081002895737	2.1722464873497835	2.3965047558432406	1.335745109089175	1.827805682706326	2.146763410970874	2.035671665629832	1.9288074071498869	1.9865965949655553	2.420952047593658	1.4302300404535897	1.8550874216497713	2.1430103621445715	2.0427109113655946	2.017537270807639	1.9874309329206674	3.121556325983413
F178845	1.7153915730065006	-1.3032039264000024	0.7611048759650001	0.9861824329484997	-0.51568566422	0.7977900061799995	-0.6635765788900004	-6.392433929999998	0.46728915668099985	-0.24933554821799972	-0.581961069324501	0.17124891383500018	-0.3472181899399998	-0.13742928782500016	-5.011474056049995	0.37307404799749944	-0.08811889040400014	-0.32612734684999867	0.23744338280950011	-0.22346128689500008	0.7093032727424495	1.5114170013296393	2.6582819043351518	2.731489218793275	2.67560488511035	2.3778496425477047	2.414848463731578	2.5460362792010987	1.9065129092649102	2.643969109857744	2.760255639427464	2.7804293911872193	2.5962360952732544	2.607342118629399	2.632444632080531	2.003527162117436	2.748023412113888	2.671473193421379	2.7352851153839803	2.5493615578982918	2.5654600684683255	2.9788203556102926
F113003	-1.6030257579400014	-0.02622612802900008	-0.5350921023100006	-0.8001510394300003	0.4456197484349998	0.27077864213200015	-2.4753997267950005	-1.273715810565	-0.23447324916700008	-0.49506058841499934	-0.17739784381499976	0.22853670866999956	0.11507034203000015	1.7078269083650033	-4.204064424399994	0.3871136236750005	1.0287577778449981	1.1053155468249996	-0.7261306085410004	-0.5159288128749987	0.6238718474750021	1.4674838180346987	2.0952705006357144	2.426257469983543	2.4143990138728673	2.033593989219195	2.0897545374987554	2.422052063303236	1.4409575821454736	2.110203844162016	2.3434839614231215	2.3719812486996066	2.0254870601960495	2.12567369647969	2.339000904439331	1.783748914438867	2.727372931909834	2.5823232610320828	2.481234871740691	2.389650939002244	2.566977384609777	2.8173275126300816
F4420987	-2.9693941346200017	0.48015649233850094	1.5226437850590018	1.1534429825150008	1.3931164995179979	-1.5509165136250016	1.9981564508458478	-1.3930162662075027	-1.4883474867159974	0.25420135926250026	0.2902259847305001	-0.8611971527650005	1.364060547968498	-2.610628392440003	-3.7433611380150085	1.1295740314995	-1.770257662940001	-1.1947032060749994	-0.3082676060800006	0.035745804580500036	0.4648576513000001	1.6167906770441585	2.733063483260424	2.590064399251486	2.621452102010549	2.105681056099359	2.1553436105403208	2.475154998748051	1.3591194412182308	2.440256579359117	2.2703631268683924	2.43048706551374	2.0928830502506597	2.1762691960318934	2.4537646800259925	1.7977377675967543	2.5296453304126842	2.46067378996743	2.5130991098124085	2.5757530583953443	2.6720647753112483	2.922294421268699
F669005	-0.5131542319500002	-0.590577940165501	-0.7615157334975	-1.0236259422074978	-0.24475909260000023	1.2140127846719975	-1.2670371429449983	-4.384130760199993	0.7203855100039998	1.1331222571115012	0.5799718045009988	-0.7723829904250009	-0.8560631131585008	0.11371661755500002	-5.050443303149996	0.0009887853649999919	-0.1668017085700001	0.3034480024099998	0.6991551011200001	0.06802595397999996	0.7135492841350006	1.5638391997712016	2.4551042389120985	2.690178928447998	2.6292485082013277	2.495220330669468	2.509587568109927	2.7972074812315353	1.727390655405719	2.6402018834244934	2.5799669005022863	2.3619960024968263	2.6333388225741454	2.7182893909881427	2.8991881467613685	2.0193147703145713	2.7474727655800906	2.6656689840181786	2.681040831483799	2.608823493738046	2.69767979527	2.961973865972211
F180473	-3.5231222986650024	0.28040929121000013	0.2524364250000001	-0.010495824853000059	-0.16346779801999994	0.29556660406499957	-0.6506388118299988	-4.397665917649994	-0.44023800015249986	-0.43485063577500005	0.009819291752500002	-0.8647877853049999	-1.0568183716049984	0.07560036983599991	-1.8524419956229998	-0.29604625472910007	-0.0025150500400000046	0.58065295481	0.5509807159814994	1.0238182233084996	0.2609239656200007	1.560625366843601	2.5813742076199206	2.641274609592634	2.6057878561888677	2.4539988258437138	2.404496032995625	2.747459466047292	1.6078621112168363	2.3957748540820707	2.336452058600344	2.4735733214047944	2.5213205702028048	2.5698997370043704	2.8583223372527757	1.5224752325043678	2.4210080387177233	2.5876036757855085	2.5372471907766054	2.2773845721777555	2.410149152437804	2.9664427708862067
F211212	-0.7941731729799998	0.7513067276014996	-0.5782032049300001	-0.5659460487350004	-0.15425634652049994	0.986080507535499	-0.123517680015	-5.523027334000006	-2.3745034509050043	-2.055340561560002	-0.4137174618249994	0.027818222909999923	-0.1487323193500002	0.005660063457000037	-0.7428813103254995	1.454525240359997	2.8134519911100035	0.9274101703424983	0.17410759145350022	-0.7156554565649983	0.10888830278100006	1.4410855397290239	2.3424494463926617	2.477458080757402	2.5935168711263814	2.136744432945655	2.1600406549067244	2.7271335263532106	1.7531560672133206	2.4485504983235677	2.6297589406447583	2.5238830218213035	2.572601278465109	2.6952088097606537	2.782152472102294	1.5500500609979366	2.6527938806901754	2.5636306296382614	2.31657685655015	2.151811412390251	2.1094178875770724	2.980429373962545
F190490	-2.984384745899998	-0.2238983085499999	-2.331833002940502	-2.719702241296005	-0.7128260434189996	-0.7108722659059994	-0.3242924339249999	-6.109918973999999	-0.15866105952499984	-0.044747813959999966	0.359724783914999	0.7711785497600002	0.00011448452999998349	0.1281733429249999	-0.9109162673034988	0.5467456373025004	2.532215906720007	2.1238963413099987	-0.48028169661000075	0.8991614746699998	0.13592704794450014	1.7243160633929602	2.51389178382299	2.56681871674681	2.6158699954887483	2.6016349906243605	2.7169974746022607	2.816415634395806	1.943069902633451	2.8066909363325077	2.6246127125229077	2.6751287256178564	2.6494029727737503	2.807681806075839	2.793206693985987	1.6705836291128986	2.7299066785677657	2.55161559544864	2.3583410731352212	2.5494341560854803	2.5216588200956545	2.966951910155604
F708190	-0.09489516349999991	-0.1657293857155004	0.6359068714549999	0.6716759101104998	-0.26213579590550035	-0.0451645012260001	-0.7357313667475001	0.16873757031300024	-0.24759577799499977	-0.2166815015667297	0.0135183119275	0.010689479395000007	-0.02169952769650002	0.593650804324	-0.9363121390299983	0.49437754757299973	-0.46078167943900056	-0.601824698950002	0.09107465035149984	-0.18305786644249994	0.1077382479404999	1.3325489770076941	1.8110032022373457	2.451839452744975	2.410936847300385	1.7332051535187731	1.8225746677752328	2.118867044995813	1.3082941230010057	1.838562127667616	2.0225313383525427	1.9865007578617988	1.7107132501130589	1.833137163873771	2.131743426051666	1.3872117699524955	1.8487408408977644	1.994786176382354	2.02764508318775	1.8105013925610545	1.922123542078014	2.9691174497598944
F4454027	0.44172402583295034	-0.34225883668144935	-0.13586405530500012	-0.07573627226199998	1.7403024782450014	-1.4089952602464986	-0.3503426514099995	0.9151399287050015	0.6839423918880009	0.45772538026999954	-1.0325888651800006	-0.4266541142900008	0.6474268825294988	0.35645977546499963	-0.03675934045199999	-0.27332607968649986	-0.3347937051549999	1.3553443462900012	-1.1516557318075014	0.5087516804970509	0.00873261514499998	1.3626514595857468	1.7696215760949716	2.458521705638094	2.392184431530542	1.7469046666705503	1.7767581466144293	2.1649234133609507	1.3256852804968522	1.7769952433315872	1.9522892148316715	1.977488647015154	1.762596972021273	1.7901509615436295	2.1441516312540365	1.3882927972261767	1.766890703935463	2.004521546540503	1.973285326062628	1.7642286712680693	1.813515450277487	2.8732234732361133
F4393532	-4.620700623999998	-0.8219508157364989	0.12379340496499981	-0.6241080025809997	-1.2497846691200016	-0.4849348147750003	0.2799945859399998	-1.3765908594555007	0.8836649019919979	-1.1048257647859996	0.19465281213500002	1.5341108162600012	-0.8180360106550008	-1.0613645219140502	-2.1064396061205524	-0.5237310568570004	0.808252626685999	0.8596019248649994	-0.5409757069054997	1.460462763719999	0.36408362407799993	1.6859109858560193	2.3001769691811798	2.5338091236642786	2.4560582027398756	2.379051898778806	2.4837343768596	2.8577111704780185	1.4571249669634116	2.0899573300438776	2.4662054750559776	2.441571194322049	2.159693174712282	2.1470828474497146	2.8130514916630687	1.6277820636866596	2.3937529209674113	2.4902224700999036	2.492492150311243	2.224002491949107	2.2968946002818855	3.025295619535861
F311692	-1.9639858688234997	-2.0682578751899996	1.2671697627050005	0.9346703804199977	-0.15533045034550017	0.14681302423150014	-0.2716000853699997	-1.3213952040020025	-0.3424410434250002	0.48486079879250044	0.27065270992999985	0.2504129271300001	-0.3589455730550004	-0.10995563684500007	-3.779400578799999	2.53180583022	-1.7713970350649995	-1.1907036434504965	-0.31458952670149987	-0.05596211291500004	0.5252659441850003	1.4501483728697706	2.135234854233002	2.474110626346023	2.603221567230151	2.169506930140862	2.1929691809878045	2.3058699555958495	1.3736114622659443	2.0431249040325823	2.297702665985111	2.3482055111484925	2.147933398054483	2.153690500982033	2.345063275813935	1.7789806035043465	2.2226230263340088	2.425861359637494	2.514534546108125	2.4797475168616776	2.551826252727989	2.9526348277512735
F175336	-0.16611261883999998	-1.8003935645404996	1.8572522660200004	1.7644955398749984	0.583114929569999	0.329818472301	1.7243051829994986	-0.7600699780750005	0.8351503613049996	0.7352982830500008	-0.1755955660815001	0.05129881578500001	-0.1584038046150003	-2.3825325819280003	-4.124088604850001	0.8606871767549998	-2.5156894420459985	-1.5634181522904997	-0.5776037725150001	-0.13808754255999986	0.5624830753350005	1.4431185295387974	2.0282763067302154	2.4428677793651614	2.5734154768531656	1.9877630701539553	2.0075460964335505	2.3140743775612425	1.4147926152794004	1.8915189338041765	2.1396415791116636	2.2804616726651696	1.9855652459413984	2.024644253319986	2.4772082696159763	1.7401756724511355	1.933626749192793	2.3532695278816482	2.3466066733764293	2.597377489632911	2.5941556561546215	2.896618837551952
F179499	-2.8071004383234954	0.7024493625335003	2.095468706165699	1.7752745051149983	-0.44341313922000103	0.6533459799630004	-1.1098749964100003	-3.684899570365005	-0.5613551629019985	-2.841122013695002	-1.714700313279999	-0.25490912350000033	-0.4615890676949985	0.08771906703000001	-4.914739795900006	-0.08481509923200029	0.4867018363335003	0.15714167794600037	0.5218378241149997	0.009165451550000035	0.6591035418644998	1.7167456092744517	2.78226679901261	2.712405120160928	2.639197521235937	2.541342680467115	2.6072489471036695	2.7992026882117758	1.7660293521852581	2.398717466015412	2.512768012645818	2.6336663991042304	2.710757911256407	2.664341590104784	2.860887489753635	2.0036109056593348	2.713161857319103	2.596010449153883	2.5871658809752547	2.643669444482847	2.7713534282836925	2.996310103068968
F4340734	0.1375359432550001	-0.8219885294409986	0.6926355173015014	0.6324035050489999	0.05269179472299996	-0.9717029206749995	-0.12661474803500009	-6.031317692999992	0.3111995920850002	-0.3473708370300003	-0.3297783269324999	-0.026820883634999983	0.17418354327700014	-0.17339982284999986	-4.567364165954495	0.2518879538149998	-0.10541699842499991	-0.1467194710999998	0.18466495557499996	0.4115264569930003	0.691800943605	1.5976285102114147	2.6085938124046395	2.6159275660404737	2.7832793632237753	2.3297935387260775	2.4754719905375424	2.6879733044992076	2.0047767031499517	2.7568247380963333	2.7486610825293494	2.74225938413457	2.6308253181393924	2.6040509392625633	2.708157915738961	2.0453414064458877	2.8260272541336517	2.809754722319698	2.619481114088243	2.691024577747482	2.667927223329523	3.0395992275573716
F179549	-3.869738600369999	0.46237413561449997	-0.46321191996900063	-1.1046535034400013	-2.200521408131997	-0.810396514745001	-0.46730650655880096	0.6153173061794995	-0.5034384472815001	0.3294305550239997	0.7227774699449985	1.9075216114524955	-0.6308162051999997	0.4347656186059996	-0.36478238252199996	-0.09355834322000003	0.2336730465149998	0.22040827346499994	0.14628184365250016	1.3892620620450016	0.004733010267499999	1.5028299940161585	1.8452818515757323	2.4070654527008353	2.4182255994039976	2.3100139349333597	2.52555655105399	2.6297206685746954	1.3295399054704147	1.8812916443847723	2.025903556430198	2.0318926072516583	1.986128383720806	2.0685726752120632	2.6149213443612718	1.440488235343623	1.893634726051841	2.0747917888918392	2.055569992866878	2.0710730191534914	2.1749794985134514	2.9338979268734704
F188832	-2.616141657225005	-0.9880408599400002	0.9213364281370005	0.6263469738622258	-1.9051666992499998	0.16836451205000008	1.3693753838400016	-1.8776826748549973	1.7177505870750027	-1.2740599446599994	-0.058189671406499964	1.4365661271964996	-1.5129459308900024	-2.0334855724299996	-3.1072454061999966	-1.0186501929265	-0.04309949357999997	-0.2862657666200002	0.930958481305001	1.5064692730950002	0.4202466035844995	1.5026843229997469	2.159758316720622	2.574582941517234	2.5429477209069904	2.2737285687343647	2.2562882032821596	2.5010289829734305	1.424182352003097	2.1058117001649643	2.3942429884228864	2.4198451191910832	2.177575452488639	2.15063002743137	2.483960276283883	1.645609307936309	2.3178331219975945	2.5381863854295155	2.509886887255006	2.4732640689861194	2.3628329771942456	2.8771610944772728
F367213	-1.021176413534999	-1.932840827754999	-0.25049120836850025	-0.3979417511449993	-0.22095769229500026	1.0149102977349986	-0.23476216238804984	-5.276237643000009	1.5459445523249944	-3.6244760509550007	-1.175273927500999	-0.004847639204999975	-0.06669717031499996	0.08816486615899992	-0.5379505608020005	0.7023450609149988	3.897402593720014	1.5836863655370026	0.14107066141499988	-0.9803526772450014	-0.061073031635000004	1.4260102089904632	2.3023696798227196	2.5032766949806042	2.5127091103610346	2.0883244155750322	2.019651660440054	2.5200108541130697	1.6856036249238995	2.4162480348902213	2.2455660054862174	2.3432361761766347	2.5267073277227383	2.5819972259964517	2.7339369085015806	1.556437049056305	2.773089176609787	2.2434654085207137	2.228791415529908	2.0976780104142922	2.0438366702103603	3.114644156211764
F191112	-1.0191733547439994	-1.5727411106950009	-0.22188548404949993	-0.45605552621999945	-1.5975414503505019	1.7997707606950022	0.28443500883999917	-5.298717474499989	0.41192233248950033	-0.20991975681500002	1.6180378283899994	-1.016278212825001	-0.47089477728700097	-0.4962684851499999	-2.4779978317400007	0.8874918125399996	1.0509051100650006	-1.192614385826001	2.3272074440914987	-1.5466181740249971	0.3140453568096	1.495532596937129	2.6022758198324785	2.619093843328303	2.665391416521774	2.176099325414563	2.4353559544390744	2.6040463148013777	1.7305030552294587	2.784307865782475	2.740765376882151	2.3607922805712698	2.481183669284289	2.5711568082750347	2.796792750244398	1.7251257117064969	2.7040519382639765	2.644473759824141	2.4094526783929466	2.401422985788768	2.433763728415299	2.9658862503424674
F4300690	-6.9342126489999965	1.1311186087299994	0.9212889385850012	0.05558605781499997	-0.09209791633429998	0.33777440416999943	0.9473778949154996	1.4198343227604484	-2.439657797115001	1.3341645960399975	3.134349563257494	1.4682679214399992	0.16586137492500014	-2.0289645471449993	-2.4589363217599964	1.2225681932855503	-3.0285086694545034	-2.852472655109995	-1.18492835721	-0.6388033917389997	0.3025549200240005	1.8849973955245478	2.7128614489704237	2.7221033893812425	2.7072652061713742	2.7077107938005924	2.7338026935597712	2.888343714244555	1.4283311125493938	2.1832784519742843	2.5258728516443956	2.591747156973717	2.4164872564872133	2.38832314414148	2.8058415055654113	1.751321740931837	2.23495233685826	2.5155136526825688	2.582008980590534	2.624667340874126	2.6795753508108797	2.8857926309464164
F4312071	-5.205170018000001	-0.661357036221	-0.8547214264705004	-1.60648521163	-0.3194611696180494	-0.3225272309000002	-0.19285762599499973	-0.8778830386355004	-1.1764228706559994	-0.33627444196500067	0.9123280021699987	1.818110888200003	0.8332284606150001	-0.233793406398	-3.4261390294500043	1.304081879698649	1.227287978655498	1.2190491752250012	-1.629422060694996	-0.710777556585001	0.5915418707935015	1.7878615697729736	2.5357702150085513	2.6314719671903597	2.5965610145747364	2.487219375342574	2.7097237984888145	2.7603603420956615	1.4760260428677543	2.5737808567350027	2.6316682553995747	2.4910571711376654	2.299323816311676	2.38824848894097	2.636384851573434	1.7209073777221162	2.695301992610906	2.66512015172572	2.5314242339854203	2.433302071073672	2.6751878664277995	2.9748025650121765
F4484075	1.0642204147309995	-0.6934575334650005	0.4659333426849997	0.6933458016149991	-0.10030190169300002	0.11308144341999998	2.2011979439500013	0.518136752387751	0.035810629617	-0.6405246176630006	0.20614505715499978	0.5970549463100003	0.5211882473949999	-2.5583804202200002	0.12862209503799993	0.480749324958999	0.1521366376000002	-0.8672241692700013	-0.4287250533615002	-0.8448182798899997	0.08155814278500009	1.3092059638393603	1.7631836663976936	2.4179614802304896	2.453387251748788	1.8412675089460153	1.8225683953062617	2.1934213262540374	1.2632456482990326	1.8016404373924062	2.0288391033256032	1.952345121729198	1.8447933424705776	1.8118484836563884	2.21836933635415	1.3307142229231053	1.8242506518192636	2.0615487643856576	1.9747937277034686	1.891657611454484	1.9024437210447114	3.031183788016881
F175432	-3.450088524200008	-1.3665387704980008	-1.0839062759399993	-1.5467620555570005	0.11141985563850001	1.5921581010700003	-0.5630695629200003	-2.6226992390594996	0.11031927869399995	0.9094836856149997	-0.45352902093000025	0.36627468596500007	-3.0964760182	-0.24972908793499968	-2.8733968568389905	0.8029434798039996	0.6679800441634995	1.7804612158599977	-0.5134461733400006	1.4417303906549988	0.4929450260250004	1.58309093114506	2.675678155539526	2.687828194840193	2.728892376800952	2.32499174570869	2.308565356531872	2.777265835198879	1.5131004087904603	2.534695590065123	2.6584796672360222	2.3146828536296775	2.140085228984553	2.319589141566064	2.824155876943402	1.6916221212873501	2.807626266835637	2.708171285488798	2.476003267860455	2.2623588516076216	2.2757191601553637	2.969913277063007
F4414476	2.336241513234999	-0.7845861494299987	-0.7159023824750003	-0.6292933419344999	1.7363026574189975	0.9344188740510001	-0.6417712975554993	-1.3788441648544998	-0.3939549835449989	-3.206101963245002	-0.20377050142412512	-3.3354734022385006	-1.5540236434890027	0.6152241926875004	-0.3870773808605	1.2850724003950003	4.426567041499994	0.5954827673470009	1.313260837895003	0.6781753128290009	0.06736936899999993	1.4086652208864472	2.03385811743014	2.447245358510721	2.4376360273655426	1.9837267037221065	2.0322007047926642	2.4946945215259912	1.4192292382084253	2.094937589653258	2.2694218121202705	2.1045506247954266	2.006173960259188	2.3574429137790998	2.5203632762314294	1.5251936704971178	2.6259363064825316	2.37033260114087	2.196246357227455	2.1183637716049475	2.123193847910001	3.009512939224303
F4357811	-4.119427389150014	-1.394039541223547	1.3273360870049984	0.7404503819150012	-2.861006612395002	-1.2760011220074994	-0.748675141584499	-0.3621901347035001	0.9152644198439998	0.31889736159899923	0.1530760442050003	-0.4240139287649997	0.24495724874600033	0.5593489251799989	-0.8724080167995006	0.7264781944169998	-1.874801431899999	-0.7004987806890002	3.232033520780004	1.1650199692700007	0.047235928482900015	1.5155167852123328	2.141633959705256	2.4503022987821335	2.498543750945027	2.2667600559762393	2.3501120013394394	2.647640729926522	1.3609914505018426	1.8848781309018001	2.257805395868593	2.2994035690671284	2.0435386922099776	1.9704799267402644	2.4619225132807228	1.4541183384894962	1.9378542637206198	2.3033518306324376	2.4815760063101573	2.191853779439988	2.0464791947817855	3.0753269154151686
F4483046	1.3385240614550031	-1.0122537396804998	0.7857952784631511	1.1327660230994987	-0.3720476551659999	0.32308841980000014	-0.9472088108884983	-6.312604380000007	0.38714929153000005	-0.3259457183649991	-0.4748506459549997	0.17116363494500017	-0.16604657280999974	0.08307228543900001	-4.9791538105000095	0.3709877100200011	-0.07921554567430004	-0.5096010419600003	0.22793615787200006	-0.17439427151999992	0.6735206748149987	1.5550865005611412	2.649955958835446	2.655625354815906	2.683995837124385	2.400615881604438	2.46536491099117	2.619300815137589	1.9462161334845167	2.6458589488887405	2.8305654495722052	2.6717719935836213	2.6724231242708316	2.711350639418492	2.722621245730885	2.019646747988793	2.824152991761497	2.7856252557999834	2.69945653542589	2.701965366039484	2.7833439502837156	2.963157730083384
F2505255	-0.27683537758800014	0.7136200646880005	-0.19866651232999982	-0.10862205349550014	2.2449999231030042	-0.6065181515850003	0.09227467979500015	-4.6041927529999995	-1.7620460034100003	0.5016266706399989	0.6011535275509995	-1.501278144544999	-0.6698873098005016	-0.2572606695595003	-1.5852499669454536	0.814926961341502	-0.5758131740715006	0.16199363068500022	-0.7886091827999993	1.2348531627040005	0.18096223503500025	1.4071583269172745	1.9045030956307492	2.464570181030592	2.502613305524471	1.9872012114635742	2.285826549585007	2.568180841921927	1.5536802924789626	2.1026774997382227	2.4325741187754395	2.425021482079302	2.3048547913711177	2.648651551792019	2.635460517907742	1.4613255067858026	1.9351915137738482	2.3913317717797504	2.3952034030842464	2.206340161546916	2.432151204367413	2.934386476186804
F4379141	-2.607636393685003	-0.44123381033000003	-0.14588757165900001	-0.4956797859330003	1.4894782422399988	0.4713235890650001	-0.8840983247149985	-3.2886242125150047	-0.5813156655145012	-0.06984018803800005	0.9018605876850012	-1.2242204758300002	-1.0136144853399998	-0.08210970567000006	-5.0229859605500025	0.7410167392000018	0.2281698820104998	-0.10206622391500021	-0.19341517944000022	0.35670800128649977	0.7193528135460023	1.590613870904066	2.5367098874696943	2.6732454895117566	2.608410200754764	2.2764213469774517	2.3338423012574596	2.778360902821056	1.6363609400445327	2.5065030161498534	2.6450156683440302	2.4430128672636067	2.3191025476484413	2.464515995061933	2.7703177644497154	2.039436790320572	2.713502190028975	2.7281684501744543	2.618200939284682	2.649702791037647	2.7921530750839647	2.9058975556769195
F297984	-3.3116906716300005	0.7085063521049988	1.0936730860449995	0.6272295906599996	0.04822753804000004	2.209620603903001	0.3983512631184998	-2.3677588039400073	-1.3398781278449976	-2.9901640526900004	0.6316392099300006	0.9037850333960001	-1.9479574635650003	-0.7577533047449991	-2.966228623244995	0.8387577705599993	2.1231032999161825	-1.0821877613800004	-1.0546718425010002	-0.4856720543217501	0.4421905367900002	1.6685346437948654	2.646177515252974	2.6611895903318716	2.6464121493833646	2.2980613957869176	2.289731938454345	2.6884684619071333	1.520370585830116	2.4905473101360447	2.370368636734071	2.251087588620455	2.282928531409852	2.4391330567369414	2.6613711995837077	1.7047309989704134	2.7400311578785304	2.502771199287107	2.3683055891011033	2.466416234108081	2.608070080782201	3.0025246073121883
F4443094	-4.830774743200002	-3.1317465234250017	0.26549798013500003	-0.44324947829000033	0.16623258470500002	0.6239716602509995	0.22840096425499998	-0.1952418344700009	0.8487665784709998	-0.24536429128499987	1.1247904284234993	-0.609775936344999	-1.737771487255	-0.8279469629400005	-3.601686941509993	2.441857323540004	-0.7076893751050003	-0.6128464747649996	0.30094056856749996	0.4971013126468002	0.5497540750850003	1.8710179820850705	2.1616405783379995	2.626300656724753	2.535243470186921	2.6380943451926657	2.86418222242075	2.8658339772345847	1.5462695685588543	2.161239986768101	2.4810556443016294	2.511353747348431	2.4395146987920673	2.695988275734881	2.8726239644695584	1.990534428160406	2.4327905497107407	2.4707910021756496	2.569804483130589	2.796925484576558	2.997426041640443	2.927421556906367
F527857	-4.241235273685499	-2.8959923993599976	1.1009032887100023	0.48326860193249893	-1.533023267925	-0.4107240066250002	0.5424359727250003	2.79913582475	1.000032516326	1.2251121380550014	0.7031479017055003	1.655752928079998	0.37162484399260015	-1.7935407026000014	-3.822973847900001	2.0106972953350035	-2.506947881050002	-1.2965645808160013	-0.11575820155049994	-0.0877046636170003	0.5562515834499995	1.6674283157781526	2.054367828321515	2.590212274438511	2.5598283760308718	2.4739818573621557	2.578277802853666	3.010378974765625	1.471171858288421	2.068954838536345	2.4608813659901827	2.4205541186054327	2.254281234720138	2.470062044766805	2.6738079019351004	1.820131076831269	2.0819980864769354	2.4529497679208268	2.4673608470872175	2.605805483113357	2.8233558720439795	3.0183085549131268
F187946	-1.952781440357995	1.1461936168749989	-0.24511234540500038	-0.4361878744750005	-0.28384218466000055	1.3923540536499992	-0.8952071676000265	-2.1833102850099984	0.004227074955000046	-1.1077975009779992	0.5017383982021499	-0.38442473049000064	-1.9672510943650037	0.8057214093866002	-0.8152539113349978	-1.1814442855909968	1.4710994578600005	0.1786090040655003	0.8822041865900002	0.6232657752565508	0.14564627620499984	1.4017116908587652	2.173736069840647	2.494759008455427	2.3475767783053363	1.9739947423538862	2.0774336925829755	2.1840940280693353	1.3635901123014664	1.9757209809270975	2.1413713180046527	2.074417319049705	1.9029339227701811	2.136849137236012	2.2961509117401833	1.4089861086946693	2.2222398507146446	2.23461010548483	2.076200635272301	1.994589465428264	2.0118713349516635	2.9889754920955536
F290253	-1.7157818355049992	-1.2785728068385018	1.2457159336444983	1.1756663978355013	1.450378815918002	-2.1551342947100007	1.522997788879999	-0.9318556679280019	-1.0287588196800017	0.43560168342	1.6721483853200017	-0.6449134542749991	1.437974932604999	-1.6642196805850025	-3.729989568605007	2.239494994444999	-2.159063854664999	-2.2997981203749975	-0.5338584496604997	0.4390613911750001	0.4456873576599999	1.4033821776501545	2.167689092261056	2.545548780837465	2.5351492715208055	1.9566533772611123	2.171791942137058	2.238717657671097	1.3540235160582652	2.0161504756658357	2.330120020750495	2.4070148633479094	1.956011576279196	2.1305506624927393	2.1804681133667145	1.7629075185167657	2.0177018664860134	2.502303918372592	2.466618152604876	2.4448345964965155	2.7569853192668434	2.9194159802777304
F232828	0.35332131626000046	1.4563062607199997	-1.699434467730003	-1.5154447018490018	1.7308420120499968	-0.08563373703699993	-0.00011951400500000423	-5.9670826555999925	0.47624510685000065	0.4805194685550005	1.0605176784580002	-0.8836388102849994	-0.8292551468900011	-0.11655622187500003	-0.4879917513850005	-2.0511147896800006	1.2991950363249998	0.7433330683150011	-1.1476040728209997	1.0369192899109998	0.12072412593499984	1.372276459284123	2.2475312743341167	2.536485063610846	2.5346257386331317	2.1622205658337745	2.1099499247625984	2.6547378520554554	1.624786985814673	2.7179270887739295	2.64656248437163	2.3814854215284447	2.404422890842945	2.5970519008021262	2.60908905531656	1.4407902241797517	2.2746582741171526	2.420287387673796	2.2938696268628584	2.285930381457361	2.259330535141782	2.945880055154187
F334395	-3.1197409325149987	-1.157410289453999	-0.9579653697260504	-1.3494686895199959	0.5066227709299996	1.810055773535001	-0.6468936892603007	-4.547864978299995	0.6268372186349994	-1.9573174447900028	-1.6882887232809978	-0.36767601549499995	-0.14580455207050014	0.2279522651435	-1.6754583897775015	0.8073104326409988	2.6050421471170044	3.247142667214998	-0.0005552332900000135	-1.681088410550004	0.252594324345	1.564860769410189	2.100529408743132	2.6724519265469433	2.530293399890493	2.3884892095404604	2.435293383754026	2.8421771525766912	1.7239987539523338	2.1018598873743315	2.4136207123797835	2.56700560561569	2.5179188193694975	2.600443748780744	2.790280773272183	1.627235715972378	2.563687225477195	2.4367924264433967	2.468995428378668	2.2744784361674846	2.2964404539756735	2.981555884317047
F4472796	-0.5026158601435002	-1.0663674911479986	0.3441525230999999	0.2878876903114994	-0.47705099456600064	0.409464929156	-1.2757510978350006	-3.0176004146149986	-0.49123040402500057	-3.5672818826999944	1.0178816629864984	-0.06130784226000014	-0.9453696979479989	1.5105944187199993	-1.170160225464999	1.372745479655	3.5103063842699993	-1.4491303270899991	0.692613448157003	0.550380902200999	0.10310627674599995	1.3905591300134252	1.9840808843916211	2.5589128083974253	2.520841291453605	1.851612532579148	1.9215838524379243	2.2335473067807214	1.3731962453099607	2.0082058189582987	2.2742175760793035	2.176024386602522	1.9712761092836337	2.2366843984004396	2.307763805666959	1.4753251941888548	2.4297203877695215	2.3381724215926867	2.193980677433459	1.9171724196904585	1.982225855047172	2.9433270511184055
F4403708	1.3925436297750002	1.801325428685003	-1.7014800328309994	-1.5343342164550007	-2.800347936209995	1.1182989344805028	1.4027461258189968	-4.0562925007	1.0219125921165007	-2.3436127710049988	1.0642164821450002	1.8226191808000007	-0.12403872618499984	-1.4075128765800018	2.3119132564649982	-2.8593748309550002	4.271560336399994	0.664226790275	0.8073425462999976	-0.7211697963270007	-0.25049846315999985	1.3315801211244573	1.7985505010359282	2.4677412305658892	2.386962248940284	1.8047178591524469	1.7909107145345864	2.430526118109119	1.3497571224662315	1.8515970419668037	2.1933110833264857	2.09850575564066	1.8141077350859431	1.8379599139350669	2.5386947851983264	1.3572220152420955	1.8845815449338439	2.1640048957218743	2.039793731802188	1.8458384079380794	1.9005991629748977	2.8799136185698315
F2686191	0.6302852930450006	1.9823071978249982	-0.5624022721435008	-0.47933369046500013	1.3573354096315	-0.6671075008919993	-0.0819217401183999	-4.642084717800003	0.18525257633000003	-0.30894073498000013	-3.2697180003800015	-0.40019540728099945	-0.525441556621508	-0.09234473550500003	-1.114502330059999	-2.166804420544998	0.8490136799809993	3.6716814938499915	-1.146810723274998	1.4328810996399985	0.15757381050000024	1.4305166086076033	1.8686666607015612	2.476813486660381	2.445083158752968	2.0867444322168716	2.1232347281622017	2.6618832025108774	1.69770662009773	1.9271825198202268	2.2507675332553796	2.3106179000438587	2.465933655116437	2.6324608691215894	2.7896695504723583	1.5238291251311886	2.0966536115695718	2.356509694031459	2.318750266576746	2.1755074550175273	2.246337992400325	2.993004795204228
F208927	0.022798149564999957	-0.07690977498619989	1.2056868553254985	1.135351025872	-0.7863560616099995	-1.715532212833002	0.10438614453500017	-6.794503449999976	1.113943494564999	0.12098437687499998	-0.2754546973881993	-0.23693288697499956	-0.6202380079299991	-0.31067416281000027	-1.5179229797000002	-1.5835423321050022	-1.119218308230001	-0.5647579452200003	1.0252743368349995	2.3853176853000027	0.27396161205499964	1.4824171862207685	2.4184553870683403	2.5837294545951437	2.517324881378519	2.312603515181204	2.3012849468829257	2.514487207506755	1.820779562606275	2.650593493668742	2.689753034182375	2.7595909854358456	2.65211943523865	2.6414112356760113	2.611102136199322	1.5917369268937689	2.5579047029659887	2.623880764998758	2.566187783313588	2.471446925243491	2.4073879838668706	2.9484554128503375
F213870	-1.6109321136899957	-2.6767637493034977	1.6540150406100014	1.4077000618939994	-1.06343224141	1.8526914537777475	0.80931184206	-1.67758259986	1.1812451555450036	0.8161279196834993	-0.1383901297079999	1.1456228608489991	-1.452798614459999	-1.5064975847599953	-3.7187048892499956	1.512752552027999	-2.6828058162549984	-1.42598355219	-0.12536384311500032	-0.41280203372863944	0.5188882849349994	1.4088574244309848	2.1046830991727172	2.5603953854150143	2.4815851428624343	2.1839565311216464	2.294673313107134	2.4319253963730008	1.3901559147039515	1.9475073666918516	2.2127240885664605	2.2404833022601998	2.1341140521026127	2.1644739217767297	2.5308004615076123	1.7603565833794645	2.0245550789251787	2.2665911543949204	2.3436034417726255	2.573834100843423	2.5886842367047147	2.931965444595017
F185814	-0.39152098537050006	-0.3593622348220004	-0.15431415077499985	-0.3115799122750002	-1.0529787705887501	2.142708310524499	0.14606698163999993	-4.211156719900007	-0.5400600462899995	-1.8383412368669942	-0.4819611680434996	-0.8827006740710022	-0.8831674665000017	-0.4280076993800003	-1.4799311833715003	0.9613129215049995	2.3189503001149987	0.8364995060099991	1.5974818090799967	-1.067401200909999	0.2703764752600001	1.354958650528704	2.0811803013517753	2.5215729117058476	2.4482061061410456	2.1894269400351107	2.2174454291839063	2.662985002815455	1.507809308456623	2.117836374018484	2.256036802610029	2.1600360382066013	2.49113354441637	2.6435925763674875	2.7576043768757614	1.4464996791456974	2.6827937684296312	2.496318237932252	2.1108188254541704	2.179897079289132	2.254552484143114	2.976627898686261
F191222	-0.038974016375000066	0.4676268638999993	-0.10971246963499987	-0.16166709369000007	0.18749522210499975	-0.6316778630614998	0.30245660952500036	0.015580438565000042	-0.24897096342819977	0.14165119960499997	-0.6544921479250017	0.5537104297820004	-0.0061282929354999635	-0.2997225360650004	-0.407483958557999	-0.045851991261999916	-0.27138367160900034	0.863337257955	-0.6683865203969996	0.6080982182049999	0.10022301593000008	1.3053946593248675	1.793950991853566	2.4218508279616326	2.4347326798145725	1.7782136158758457	1.7583348123780262	2.212037965857891	1.2764992694783566	1.7848438305006824	1.9771579984420065	2.040276807186892	1.773580211206457	1.7646541203673858	2.226762054269571	1.3673682161091911	1.8150040374152394	2.0392934595848136	2.037671342550311	1.8473375465667912	1.851965506627648	3.1207321579651146
F588471	-1.7550095035541982	1.8023824561075	-0.6230274580850009	-0.9112549502150005	-0.5103836452150003	2.7508813482699974	-0.28864193534999977	-3.1262476765800016	-1.5976321916050016	0.0012048065009999725	-0.13185230685000013	-2.3435926482099996	-0.9569745503649992	-0.28822811600899967	-3.5903284231000026	-0.12487304379499985	0.5828749478155003	0.8608863939949994	2.8178196977649956	-1.7662561451049992	0.4996893044100002	1.4340462867037562	2.482244887075204	2.602739588520824	2.591793862717062	2.2558128472532095	2.3053795618803408	2.6359089022908786	1.5550600155845575	2.422543529787013	2.359336210697512	2.3956889761081297	2.3939105493328805	2.5481568427991146	2.7406499110493767	1.7780467444887653	2.875146345873511	2.642907533862344	2.527754046464261	2.319325520260841	2.44476992922007	2.952014084659731
F17311	-1.5289951990650017	0.6777686291649998	1.4207900798049982	1.1262839160939995	-0.8252767230860005	1.0101049173099987	-0.9310283881249986	-5.820355053999989	-0.22368975657999984	-0.61837445003	-0.5543448428699994	0.30526230801500015	-0.3770958158360006	0.0018983514957999655	-4.642408635949999	-0.22611775298499984	-0.4840806968249998	-0.39827154023500067	0.2082606567219998	-0.31341558354000026	0.6457495694250005	1.6979515118536528	2.7038606667677585	2.68859747404984	2.7534095072433433	2.5314185221233134	2.484247781590309	2.7260188375992818	1.9742910723534122	2.9462055016114377	2.8013943585866623	2.6343936335139064	2.5910370529590345	2.6413074837065587	2.7012345005593685	2.019617545691882	2.7830692137983077	2.804628776679572	2.7552154855264037	2.7842658795112216	2.6434875828685147	2.9322414390262566
F4387246	-3.616947587750002	0.5917197924885008	0.919343857089999	0.33301663041500007	2.281572995170001	-1.5276067276899987	1.293229629489999	-1.631022106750002	-0.8520854199570009	-1.4934119423299985	0.10465515815500008	-2.1472826951799995	1.3649952277369983	-1.9030717238336972	-4.710372124499995	0.21373585564500022	0.2842145162379995	-0.23526349504804006	0.010974106279999998	0.1901146383400001	0.6955335735149983	1.6477772157255413	2.685890113413226	2.6172963282302515	2.7429191775004984	2.4670155820578192	2.403039821505102	2.5654956473510664	1.4667492438736904	2.440102178522018	2.651999319498875	2.541581100612531	2.3311034471627625	2.346126920992429	2.6857661809991864	2.0040173350388812	2.822259831221166	2.6867592173834685	2.7333369075765863	2.721110400814671	2.6535056152113934	3.031362435932828
F189866	-2.3547949016900014	0.18657422929999998	0.9501841845620002	0.7282708346799988	-0.6533312972680002	0.9212732052479994	1.1687281726185006	-2.2468794812100006	1.1329961159800006	-0.9476488254399991	-2.013879408123503	1.8430008472900008	0.13208529963399993	-1.3903965312095021	-2.0667671564650014	-1.4916782464434504	0.05596183972500005	1.6096057452550008	-1.0853931329249997	-1.4786786654500015	0.29413752726549985	1.3731964889446537	2.2700745498396278	2.656044265260947	2.578104990188553	1.8792967178690811	2.077351426698601	2.5846814016196507	1.320880248554837	2.189138476547925	2.382918227971938	2.2030572239955992	1.908104154424036	2.1106164715290245	2.6235705312654742	1.4789560851647339	2.217941752778623	2.523365486587966	2.31991692737173	1.992258448870243	2.296474529236619	2.954504873827706
F4301122	-1.4332532388145007	-1.8300433103949991	1.2681671091369973	1.2214542430749986	-1.1602371693521487	1.077489524393502	-0.5557224826649995	-1.013010127480499	0.38733194383350006	-0.6074213133850012	-0.21653677420000003	0.15921001049500005	-0.9373094505764985	0.3993613489500001	-1.2838952631950016	1.3848064886349976	-0.7310101025749994	-0.8754959111800021	0.8519213640049998	0.11025712981499983	0.340987622445	1.4171736145449543	2.139831342307156	2.4318112597032298	2.475746643973504	1.86170976381798	1.8737067388489592	2.115179286371696	1.3419635510285766	1.923889797310994	2.063948813154281	1.9790296567832562	1.8716027976262852	1.870956057127251	2.0925117955455526	1.4400439258077802	1.9786993319897872	2.0736160326745416	2.054919249615514	2.0074099852326492	1.9812565438045728	3.0134845365979643
F353896	-2.481481408384499	-0.4416891573385001	-1.7418746350685028	-2.0975346010630016	-1.4049837051099987	-0.6425602526422496	-0.1861538273755005	-4.020679517774998	-0.59335930869695	-2.1551385136499963	-2.3157008640650014	-0.05138670757350001	0.11154863607699991	0.20906380087000034	0.42757925308000017	1.1668056212150009	3.993497463485003	4.089198850099993	1.5386744644163481	0.4355563884149995	-0.07926005758800012	1.6649214625895932	2.0699520428741134	2.4968843958614215	2.5161777496904527	2.4186125889119747	2.5225897957108496	2.8293916319535595	1.6924717086032761	2.083741222575059	2.2749675230120796	2.3484537100800686	2.7075366116127215	2.6667333314766126	2.8716189897174194	1.6373741474213344	2.7071985125883855	2.3815912745947614	2.2390333691761812	2.405434869268552	2.459579036475314	3.008998750530654
F157162	-1.5184897073300014	-0.7986573991699994	1.829467812950001	1.618540722281501	-2.854580616865003	1.1595719691599993	1.426745326029249	-1.825781187185	0.5107798492180007	-2.549917764183499	-1.168277725317499	2.5241750451244993	-0.9064723034149987	-2.0622839205550023	-5.12726360648999	0.1829289530099998	0.42956426368000067	-0.062405984078999915	0.11262739074250003	-0.37586803901095023	0.7745502423000005	1.5127746935544082	2.3404639468074606	2.62599383044938	2.570325906918281	2.275338639420028	2.198882910401971	2.333987897114052	1.4735639426160396	2.21073954461954	2.590875354418123	2.6110750821654523	2.320331120168019	2.1945459992271372	2.447603860720757	1.952639933884765	2.662558321117328	2.764983082778498	2.663369747195669	2.692186997949347	2.6434962708159415	2.9912441311429117
F178725	-1.8136488715750019	-1.8521251169799997	0.9481401763299985	0.6805518063734999	-0.6039727168799993	-1.0644589433534972	-0.6014806725499997	-2.585738216700002	0.9727004493905003	-3.1186655941649915	-0.5518046841594997	1.9145588743264985	0.3660843731789994	0.3195334526650009	-2.2184515747549978	0.9916134812844999	2.363419915207498	-0.10696973378999995	-1.2045932643185484	0.7112821751870004	0.4051359202099997	1.4058774559491085	2.3177258198795827	2.533565523000497	2.581110672739777	2.053743298077015	2.117719631661685	2.1861852330233433	1.327810431176277	2.209014742964423	2.3445473226823235	2.2814075364340494	2.224670592436336	2.206895157872687	2.170535252954132	1.537229270627411	2.667900622076713	2.503434488869996	2.281911267657614	2.3150819171926402	2.36476306125929	3.051727981434442
F2879379	-3.5249678917750003	-0.2229514897750001	-1.65815381053	-2.195892358279999	-0.7093890266994978	-0.40665286197500056	-0.16922327192999997	-4.98204655645501	2.146584636845005	-0.7512700553024997	-0.919721401588999	-0.026527480022499987	0.08757093475349992	0.09758307828749996	0.7346062258600012	-1.9898372008685012	2.3369346995199987	2.577077945689994	0.7442643928890005	0.09844491031499994	-0.21029801577549967	1.7912437451069605	1.9859498887517288	2.607924408723586	2.653118729717735	2.7062264242428427	2.766488400240696	2.939216334010125	1.7089045087864072	2.3616392890490765	2.258839716872315	2.420519044570773	2.6850046441036493	2.6384017227050083	2.7535836230072626	1.5095501626056025	2.1283599450815753	2.268016251400061	2.2809263513341866	2.3861280138013483	2.4260002141621677	2.8900705958608186
F4041159	-0.28335756176499993	-2.304305096405002	2.284603397439502	2.2434554950949983	0.07137265833449996	-2.0831616707556964	0.4437790538599994	-0.7452111231364992	0.8972047418079985	0.6736820728450011	-0.6880055846689985	-0.7785920239255003	0.5889436862260006	-0.8994037889949994	-2.555403142704998	1.3355507518600995	-3.0031244055500013	-1.5451327264249994	0.7241245125459997	1.5769714029400028	0.3572452951849999	1.3945943360950486	2.055500170559963	2.5212329126729287	2.5524019402836764	1.8948112548026803	1.8993550822492669	2.0505763041376324	1.32266143492994	1.8709381067237794	2.2053427489663684	2.223627290011163	1.9156292372127284	1.8933858072906327	2.066996887073759	1.4727496754251488	1.8938877955456512	2.2591920651358763	2.3729249215271975	2.411304017711184	2.2607219979968405	2.967903545029746
F4465907	0.17531575228000024	0.40936445075000033	-0.12202942944749998	-0.18685003753000062	-0.35108680835950057	0.8064281529290025	-0.7521188096624996	0.8327628537400019	-0.28246467634500055	-0.3026547531055001	0.3346143707710003	0.633360950206501	-1.134210145994999	0.8742696535850012	0.6809502738500003	-0.26897431128999955	0.5965860392575992	-0.18627544655799963	-0.18762475115500005	0.15735373062499974	-0.11882560490499995	1.3734350547711944	1.793056269984515	2.412899215150264	2.448689670447238	1.7860766843903406	1.734609094753218	2.114401520598694	1.354700535766049	1.8088442675396132	1.927648354458102	1.9478526524516724	1.7948926336206514	1.7361772463181309	2.1048000856616014	1.4327661558331153	1.79993470889945	1.9605798064128197	1.9209991622583464	1.8160828642493185	1.7734520935348568	3.0014140883338407
F190320	-2.418599270269999	-0.5459844684900004	-0.750147972047999	-1.0397424013449985	2.5384484429289995	-1.044720882869999	-0.5776001697450005	-2.258559487144999	0.3768198627022001	0.017694818712499973	0.6091637633499996	-3.386284880729504	-0.38442326866000015	-0.23755931692700016	-5.061963176950004	0.5354091299490005	0.5825392223295	0.4427055066049997	0.7640703857399992	1.0126301243850002	0.6503112644000018	1.6021168091259064	2.1844265663275393	2.6111742861320475	2.563469279351216	2.3857723656727967	2.79921947635279	2.8135553273321725	1.6398904339815665	2.1386257991733717	2.4512532061373555	2.4506541442587495	2.3389211476255887	2.6884870640316407	2.89211553890882	2.044974889466741	2.730182703555411	2.6432407804007516	2.6518460901627687	2.6231326496163816	2.6792000245868817	2.9733602283420444
F4439489	-1.943922391595	-1.4557175210949949	0.4511591248269993	0.059064392665000055	-0.6861651505224987	2.9310452766450026	-1.136549734888	-2.4855036294750015	0.8143749419694994	-1.4280798191200017	-0.2461034907899995	1.7177114971649994	-1.8129524058650022	-0.2051742828895002	-4.3975038535000035	0.5283386165290014	0.7900520679065004	0.5387383914564997	-1.1411045968049989	-1.0356299176	0.5529310878050009	1.4914940214255135	2.4426341279956523	2.6456068848798218	2.6070975251599036	2.1244007200108355	2.1823959307199545	2.76999949754367	1.485119822575094	2.312326431529257	2.3907918940527537	2.511705462213086	2.158447480307396	2.1241771888962053	2.804992497491641	1.756430474408362	2.6372658540853022	2.723354420224268	2.661922490567707	2.4263721576564508	2.539046741854204	3.0187762119837664
F193061	-2.45849182647	-0.6178879997854992	1.0023616132599995	0.6992595595950021	-2.5266188672199985	-0.4867900111399996	0.3296579910135495	-1.136376220396749	0.23808935695554975	-1.0950268246399997	-0.7461622366799999	1.9271920685349981	0.11403954252100003	-0.8594270428200014	-4.647255612250002	0.15297757027000025	0.15817515884999972	-0.004397043739999964	0.4707704599150006	0.5106265595995004	0.7111756353484998	1.5423467605023924	2.3279433765730357	2.7434365935775853	2.6131986580711124	2.274396862068627	2.427947283899133	2.5091161305211727	1.4656374836959898	2.3733559066044996	2.5803324423444307	2.4838963493313235	2.2174707314471034	2.4709323412218605	2.44048481629226	2.035277807619667	2.7676165343557226	2.7093601797717803	2.614308428684188	2.6728253544065534	2.625052512445344	2.9746024437140894
F4434294	-1.1093017309949995	0.7117950492249989	1.3485040918200017	1.1591967397049983	-0.016659024789999984	0.2427886135270006	-0.5421210803769995	-5.705176991500003	-0.2904267937214995	-0.6613568995500008	-0.6485807231159996	-0.06748402563700015	-0.08907614453499997	-0.06989120710000013	-4.442687287769986	-0.2709328767027496	-0.48035960708660064	-0.4592287484475009	0.07953268797000027	-0.004895990949999988	0.5814076847150008	1.7358888426010186	2.8102463376336257	2.629525517016305	2.8098173219520817	2.4150094928860892	2.3971363666225316	2.650826023188589	1.9699207581642992	3.008583509186477	2.875317298057109	2.6220524622832753	2.6617410264678822	2.6505657283851383	2.7343560742800626	2.079338235341041	2.8036368736339816	2.7757916277830694	2.8866998148585856	2.71642756153667	2.747988644768671	2.962756717914803
F368236	-3.119731530860004	2.210767889415001	-0.12768359628499984	-0.5536522814250002	-0.843406796320999	-0.5774936627300014	0.3596615472825006	-1.273569247442002	-2.1344785426749997	-0.8581475671750017	0.7625243703975	-0.3926638680350001	0.8148386540499988	-0.6503992159149988	-4.921176330500001	0.033491861505000005	0.5645544727724994	0.15445048671849976	0.7525527336790002	0.26230959049499986	0.7062210871799988	1.5039293360204389	2.5077313713240583	2.5931371025583534	2.5730285881003248	2.554154843202534	2.506062498678335	2.4239685307148173	1.3948121687191286	2.265540202438947	2.49492343005365	2.4821983381778843	2.5409486009952946	2.4765786742453746	2.4504175100686236	1.9642149422318766	2.8567505073509616	2.65549515912409	2.56799468848329	2.708710159359253	2.634873500289049	2.9895154850143597
F4443143	-4.91306346884999	-1.6489555067865	-0.015418972725	-0.5761241356499986	0.8419952993774985	0.4647871518400002	0.12495677377900008	-2.829166036190005	0.1547072963349998	1.9807491927200032	3.0929911434749924	-1.6379502154290024	-0.7310553961000004	-0.2881083387484998	-2.2125859162649997	1.377408328145003	-2.4968628012200016	-1.9901789313349993	0.3112577755139997	0.22764626000925026	0.2844508001499999	1.9285645453298488	2.3550351680521024	2.640530309465229	2.6582710159570007	2.686777857808314	2.879044720735075	2.9511892228505743	1.7041679428020309	2.3711385546653836	2.5506996346867563	2.502174043844043	2.5714120597972983	2.7348782710291375	2.9032258242346582	1.9718687909125758	2.2614558991323155	2.5695169295100557	2.6328937350579515	2.729799020700442	2.8519813905578997	2.9106156014473776
F185420	2.6111803907700017	-2.791179436782996	2.0970628567433507	2.4875138385600026	0.07369414705029975	0.7612506392349996	-0.5421455339749993	-5.989941475499998	-0.8840329651749989	-0.9142771179540005	-0.2936000460730003	0.2528558938700003	-0.07262840085499989	0.0517147296105	-3.299153949885002	3.1707610268949984	-0.7858345462850012	-2.2585440371200045	-0.49701212470000006	-0.4579724712800003	0.3881011024000001	1.4076219152207925	2.275335543011799	2.5588660805164616	2.4914499390920417	2.4079458257012987	2.566645326829221	2.6108955954542723	1.765569513370516	2.460129806385421	2.5835343961437616	2.630776715287609	2.62080781919666	2.555070576664055	2.735128560654448	1.7297539223212293	2.404232189077381	2.513925896165411	2.5042181900848264	2.5244452991375055	2.6778148861223983	3.0461358855621987
F4421995	-1.9598320194849996	0.06198009740499996	0.4430712049199994	0.24454082965309973	0.024670711454999973	-0.34842617941000015	1.3448130073300002	-2.1480506619150006	-1.0550339070920023	-0.3276587971382457	0.7580438514584994	-0.01495676795949996	0.21239481799999954	-2.012210497230004	-5.15604858815	0.49784413099850006	-0.053235124865000025	-0.48902459245749946	0.13770672255000005	0.07292407702949996	0.7022008414394998	1.5596431860210394	2.6020766778704796	2.596498214571566	2.7026077080162554	2.139737842140038	2.107544181540064	2.5212112271989735	1.4755932698664245	2.6866836822395808	2.5181764129759734	2.5059432951097365	2.152215655571875	2.153357266123782	2.527473799313098	1.9839680438893754	2.7495305282714844	2.771751396772986	2.7942136062848877	2.6141500684274774	2.5810830649024834	2.9387915225634718
F4472174	-2.3633366905245	0.4227989968350004	0.14197799342750003	-0.21241803989149977	-0.6898123471885241	-2.759166278470002	-0.6902935347625007	-1.513329585575	0.7762726627811991	-0.7452612301434995	-0.09286948850499986	1.9543618290899984	1.159776363234998	0.2564502438950002	-2.016926256119998	-1.3502349776350002	0.7883851450000002	0.17120369857600046	-1.2919303879899995	1.366223907099999	0.26578828865	1.4380141063861631	2.011957047017846	2.464789310238098	2.473843727341836	1.9072505689459591	2.3289364643516435	2.595801605227631	1.3193907317256308	2.068055764044866	2.17505687306547	2.125260668498532	1.9878773930208031	2.08172614375403	2.6431687448296644	1.4309045885732665	2.1687816541247416	2.2546733517468613	2.1796051776998624	2.280163050281221	2.2204665292124726	3.0542264334335267
F191551	-5.934111357299995	0.9439340170900009	0.7035873756299991	-0.07320326733499992	0.24359226040549972	-0.1750801238474499	-0.3786106264585998	-0.03528095343799997	-0.09034868909200003	1.0109814545414983	1.2742910296699987	-0.36149682952184986	0.3914481824249999	0.26500555784999935	-2.7968790267047536	-0.9141201006180008	-1.6891597396436528	-1.3345290418750038	-0.09769243274999992	-0.1664135452570003	0.3365452730880002	1.8701402673367524	2.653405975152549	2.673736449932413	2.713397233658145	2.632873477180295	2.681529050106048	2.6162378478883976	1.4122900124373492	2.0665633904985925	2.4149651046773317	2.444017583964611	2.4400130670193305	2.483627363527314	2.7022077622968634	1.8745569306248961	2.0966693210098333	2.455980518515284	2.5261561381485924	2.723656540658062	2.8248280372081416	3.064654353747758
F4378081	3.5731615487499986	-3.9540895592500123	2.675426597012994	3.1824987750300022	1.1129375992999966	-1.4025247596745005	-0.278140927375	-3.0994675783499974	0.05546909621149999	1.719042980330003	-1.0994529914100006	-1.6909377326949986	0.5245871276499998	-0.03180108783500002	-2.5905668398775035	3.655891981345004	-4.101907540849996	-2.195964555141	0.4761027151800006	0.9303319628650012	0.4463659993650002	1.4656067135179627	2.1128425660358343	2.3455640533500746	2.4815429898451575	2.1176339554782744	2.1309219263725976	2.2754594878183814	1.4777766659361726	2.212451358072577	2.4563925041858217	2.3080762935586696	2.2529332075059068	2.2738944307554383	2.308142526760489	1.5699246017334259	2.061635391408552	2.3734293545384006	2.362826594625569	2.393187567001529	2.420176783581773	2.9433221600950783
F189860	-4.196830627399999	1.1339376266100003	1.668870311014497	1.080377359156999	-0.480152895465	-0.28385807031999993	-0.21597249549749967	-2.8287429711999996	0.6578004755540003	-0.5786654718044999	-1.0977169561565998	-0.6263191335249986	-0.3552758077233993	-0.1664518321400003	-3.818971115538996	-1.8736715319470372	-0.8242291666699999	-0.017490662535	0.8818989363259981	0.5591354819220011	0.6222089982785	1.7718155984067452	2.5190511414445274	2.6676686341840155	2.644912900456356	2.641682199187082	2.7115297046040547	2.798091991869503	1.6503412556151928	2.276807588389804	2.352714138908992	2.5080217655295183	2.6418652042208746	2.7685749912930246	2.799507027338625	2.0071212564158563	2.345610135622549	2.655268331733614	2.5602684449041866	2.7173210456176746	2.786987619940509	2.996888679523426
F3851391	1.403152042178499	0.26053210475250005	-1.4623899602799972	-1.1799755109799985	1.7264468372949997	-1.4647868237500015	-1.6657730884325	-2.417571464724996	-0.6974560469935	0.5475672884450005	-1.0551100844399997	-1.2186862146500006	-1.054449602254998	1.3726369604969997	-3.389949611000002	0.47752745084000026	0.9117854057350001	2.296982909630003	-0.2540853289119997	2.4473040861170015	0.44247267478499935	1.3066969367181762	2.0147968938660252	2.4606238917013536	2.385281754583823	1.8466345998959122	1.9641239116247273	2.3527484881785448	1.3259267057705337	2.0374078912282196	2.3574031073015282	2.2217427331237416	1.929748554117028	2.2033355419540896	2.3566371503748225	1.5686492988137566	2.572731123571575	2.453320727391714	2.373674928706181	2.229657509554345	2.1938708592405733	2.942774993522922
F259504	-0.7200970203400006	-1.4189777352350006	1.441597644460001	1.3205859411499972	-0.3184107661949496	0.2597088706500002	-0.11550750786750011	-4.635902280649998	1.510671591995	-1.8936781323400007	-1.275298285685	-0.28516603276499997	-0.3214833500264997	-0.38608496101499973	-4.656207956149992	0.10355524659000001	0.25011757303249954	0.06964562790500006	0.3326263527890005	0.12492468003650009	0.6333674916450005	1.5291610672130607	2.531968940043582	2.6221333844555765	2.582296368982607	2.4492095168657007	2.598959573332929	2.5821050642738164	1.7961609967769094	2.5240124921290015	2.648538274128295	2.648119459633614	2.5810790030089437	2.7244711725409485	2.8543077827476018	2.1105236742950404	2.774030988358584	2.775963514365584	2.7664612542752636	2.7559765442789272	2.855666089716619	2.789410227244854
F313524	-1.6776951428100007	0.1080673313550004	0.7040378988394997	0.5192920027700002	-1.4757171858399998	1.0776989442742988	0.5381686587350004	-2.290312271259997	-1.0567282333449983	-0.4891125605510007	0.48228772367000045	1.6121390883050024	-0.9146775781325002	-1.5065357197635003	-5.274681377000005	0.3754507882549997	-0.11895277521999968	-0.5967943274949999	-0.014214924853	-0.1658166651754997	0.7013488022899994	1.5296907694822588	2.613060036111287	2.666999603940295	2.6800199875455353	2.161377014932756	2.115397353727916	2.479987578759314	1.4585381806619397	2.597322128060196	2.605865121853925	2.4901721886348662	2.156094136409945	2.0810799839841283	2.5205108861168255	1.9316378121653819	2.8835915082542165	2.7094687177436456	2.831568525943714	2.6233624169335075	2.5620993972344968	3.04393433218867
F299639	-3.4781051627949897	1.1227657390649979	1.150954559109998	0.6764158006979998	2.754993602059999	-0.6577304829399991	-1.8503164902600011	-1.6433113931214953	1.0349752414249995	-0.24699786450499991	-1.4175772208349997	-1.3146235882950006	1.520062185505003	1.3944203559240018	-2.679027413249998	-2.3042409534150012	-0.7560445720749994	0.8040278280515011	-1.6343208191699998	-0.8964687537092497	0.33630547108000075	1.5759833549045865	2.6875368499689833	2.7335461157181573	2.708977993035953	2.0804583635842304	2.2581146169689954	2.4831670428836468	1.4022970650387148	2.370182030555878	2.359330564510405	2.238620887557706	2.168931633535347	2.375479887049578	2.5508848734791814	1.6020709927871823	2.3304164761203183	2.360607410889781	2.2753609230676397	2.455020926232616	2.5476164636186365	3.0320029891343854
F288780	0.44233938195499994	-2.927825526700003	1.7059701679749986	1.7809536781599964	0.09617463509825	0.2659927547	-0.106214222515	-4.4542335982499965	2.8891037167800078	-2.3847372621875955	-1.720197660654998	-0.35409536377950024	-0.5883531904300013	-0.41937524200999965	-4.835397741878994	0.24918709408999973	0.48998933432350045	0.15594372259499967	0.4019813467999999	-0.05818394871999995	0.6838616933149986	1.4949296584659069	2.406120757730105	2.5932203371555635	2.5772222739234336	2.355076167658323	2.4301368501261646	2.689425640935535	1.7096338480476134	2.35838110241757	2.416709719681089	2.5978193924768576	2.5461582979436947	2.626600309430234	2.663291052166936	1.9921173730598494	2.7123674524660815	2.729820026858655	2.6230680040078225	2.6912539901518118	2.742004178984858	2.9747235081768073
F4364237	-0.14214074943029997	1.8788309244099994	0.10012350915950013	0.07828817293499982	-1.0405361553950006	1.0544149547600001	0.5093177196475005	-4.782598810999997	-0.8953938775169997	-0.28182414099999986	-0.044917729063999844	0.5465741773194986	-0.7188550452699985	-0.7740025617900005	-3.1028351233865057	-1.2063647526710033	-0.19463896710700018	0.14446886547999999	0.8433893423894996	-0.4468930396579999	0.3917956341700002	1.4626827175359098	2.2213096312036456	2.4401923095118687	2.543027118661693	2.1121919220539587	2.3276147498427346	2.6022062732327473	1.6043384130195206	2.432676831387119	2.6130165548306254	2.5146258102692105	2.402215631471273	2.586101855738584	2.6680938140097163	1.7039189391132088	2.503576790051229	2.6245561151855292	2.5728926220528705	2.4873066936632453	2.5218749856809	2.798134659961391
F560535	-1.8513947105809994	-1.2093028370650005	0.7161508543550016	0.4571113001204989	-0.31858316495999944	0.5359529606195	-0.925824558975002	-5.133032477900006	2.884043815190001	-3.370006681235001	-1.0413485011925012	0.5574531562219986	-0.16494138152550036	0.44864601654499975	-1.4846919028750025	-1.4996218363594997	2.644960692320004	0.5378381866450003	-0.5937805138850009	0.012517514409999998	0.20831800941000003	1.4603153720174824	2.0660912144034023	2.5095468817610835	2.6026230559210877	2.3518753728894786	2.4684611299342247	2.8753908230655214	1.6948409206185115	2.198608867635709	2.22398463560599	2.3884280561133795	2.5711997705769525	2.753900347402368	2.9195245043274465	1.4864491302713148	2.2401253106184065	2.2583856837266536	2.3544312083846384	2.4818408313122395	2.4539443716477107	2.8836082058431285
F4385318	-3.2297702364499936	-0.0454873591549999	0.0471051364450001	-0.36078157329750066	-0.5393429455110007	0.6952159813000013	-1.6344646847000035	-1.4058932801844992	-0.8295534648300009	-0.1927939303209997	1.2169532394999998	0.19641065376000008	-0.37243056767500116	0.7935188492805003	-5.123131647949999	0.6090298760999998	-0.03038238136552498	-0.42562283473000073	0.333480133075	-0.1293858502954999	0.7494384871055003	1.5227247799331207	2.517693953663498	2.6048470943939592	2.6157575611815536	2.364146247344596	2.3833079908802812	2.526028184648299	1.429738765898994	2.493086116795231	2.5128792510496556	2.495682790091819	2.210238757904309	2.2657721241894597	2.44691578830621	1.977307465358412	2.707682150690475	2.7346161728371534	2.7206552539783906	2.7505923054832295	2.57686625258374	2.858221340691531
F4387771	-1.0433000098685	0.26571167608999996	-0.4793165240200006	-0.6976551482450004	0.8761210539235005	-0.10475721612750007	-1.3518700277149995	-1.931042785440005	-0.8204922045400005	-0.8926878102299995	0.42868529675499895	0.0333034980310001	0.4717620441849999	0.7225425837550004	-4.287115260850005	0.5119102105340008	1.0356789178125023	0.75035924221	-0.8897180588735003	-0.5162240417999994	0.6790947300449998	1.3799790795579525	2.1946784799431973	2.5731562484698163	2.5583973928013335	1.9279501405168002	2.118550315341647	2.2271886617981576	1.3723431231347245	2.1856033009471405	2.5209968965825666	2.362900849632429	1.972787176367231	2.139731393670456	2.2799791923470303	1.7616021145764758	2.6179726239219745	2.694000894789899	2.4750495221886495	2.350132654085715	2.5539097023762194	2.978233680928398
F4379449	-4.222475162450001	-2.2773877781749996	0.14313608965999977	-0.4259508701700002	-0.7721860743100006	0.24826472688999987	-0.0364390817200001	-1.4396061431549996	1.4648333746599982	-0.7896211152440009	-1.0212046301099993	0.4913156821499998	-1.4155630019754977	-0.6526927286619503	-4.810163010650007	0.6629464687445991	0.8647677365349989	1.0004262583949983	0.5367506991660501	0.7758920169865006	0.6713503469742311	1.8908454701674644	2.3117111276993025	2.815758887316008	2.6688309169590165	2.564720196182356	2.9088055496624015	2.823647111635345	1.5639921130275896	2.2302933168136088	2.6302392069031866	2.5158789937207193	2.541241993119924	2.6136283204413147	2.8932912425109043	2.0804285107056923	2.663113474302188	2.6796739349187315	2.7132897991703873	2.7254055036404683	2.7873534769544737	3.03667683925274
F4392549	-0.9318578866519995	0.5722943342729996	-0.07178023563500001	-0.13165040334349987	-0.8371256159349976	0.31770700374500005	-1.5772684255435	-0.4551166731615001	-0.03684067007499996	0.8726208384795007	-0.5838550168100003	-0.14926239649549983	-0.10417464767150003	1.1435404744689999	-1.8516353174443971	-0.5594753817350002	-0.9991508636070008	0.8425810843049999	0.8761680481490022	-0.5083919422925003	0.2438210308949998	1.3483290089530244	1.7873154201556243	2.4636202800365936	2.418145130376431	1.8108623834735234	1.7783609106482279	2.17086958576353	1.3222470305852783	1.747129683919068	2.225989552711797	2.200688989786959	1.817650411638095	1.7857192951423733	2.1380494898511047	1.4320343244536373	1.8652227422951009	2.2389856102536436	2.282084212003761	1.8923049803361536	1.923296610363501	2.8920412388258745
F4381545	-1.887915755810001	-0.5452149525000002	1.5285014402300006	1.090831110820001	-1.0615588428500018	-0.08601382928500009	1.1078976733049997	-3.3077004246999957	-1.8800200035450025	-0.11959226855999984	0.483406605998501	0.5457303419885008	0.7791155979174991	-1.7164154284300006	-3.9189735351400006	2.504972828414999	-1.652625271150002	-1.3538529306000002	0.07488089250499996	-0.2317334194399997	0.5678968566219994	1.4987519930301791	2.352805668972174	2.603269530948137	2.683804174993928	2.4655328984959812	2.4785060802540717	2.463383852493448	1.476587720963373	2.298153920356893	2.4503529111296283	2.4621492452239777	2.4789898239517894	2.5353910650456095	2.468404439934312	1.8160344806580522	2.383085650472406	2.4734083075544855	2.570275624695748	2.664602187892555	2.7248025149687383	2.8921776849346665
F196909	-1.6517768800455	0.7081015724749996	0.03445715513649996	-0.21897541084499983	-1.2700192298649997	1.6150726024475026	0.8086031364149998	-0.9254345499529989	-0.8390152050199997	-0.5590760083850006	-0.13931426424000007	-0.24315793487000006	-0.07865255313499986	-1.6012852973449994	-4.220050203549993	0.331924926630001	0.6543339244750006	0.59421087832	1.7611369913460015	-1.831682918684999	0.6168460854085001	1.413643977227353	2.208373297604988	2.619335828695908	2.5123671146400115	2.0242184397473473	1.9845468836690923	2.472585579898737	1.393363068092998	2.1810552961545127	2.380925565102788	2.3941335876136707	1.9759080398073083	1.9874506463949277	2.4833583123908807	1.756604106551973	2.6577562452786405	2.720002950755667	2.626065835584554	2.3055813070360354	2.258449673883877	2.755903792985928
F174613	-0.9869071054710012	-1.4794534175249996	-0.030982948924999924	-0.10791602525399993	-1.2094767682499992	0.6588281807935001	0.026393737812499957	-1.1499243171745015	0.14451895090249992	-2.2680699792850043	-0.3926740004765001	2.037328794752497	-0.9314747349515	-0.24048445869749985	-2.0356264008700022	1.1877735880699984	2.451402760975003	0.4315204056950009	-1.0296612468949995	0.1807299750619997	0.3404511951700002	1.3849085755998707	1.9016234555091855	2.4920241236649328	2.4378725395052045	1.8037168868413629	1.9033145761286419	2.1301775421926337	1.333382900545849	1.9221045784517419	2.1320064654960835	2.071398067564852	1.8292466185807026	1.887146113513567	2.13743020319651	1.4634799885436713	2.4602787082426123	2.243082822019951	2.0275069723995958	1.9017039901043273	1.9561784152582213	2.950533234198488
F363442	-1.3044215503440035	-0.7704431617994993	-0.46447790088999946	-0.557451035810001	-0.5180126542699994	0.40881586622950017	1.2759665463832062	-1.7835179353749966	-0.3708847506374998	-1.442670732022	0.10867430302000004	1.4340936000249995	-1.7487759094420003	-1.9087655122165	-2.3730684765200007	0.9939381998800011	1.9445876925940015	0.5516484222190009	-0.9619793241184987	1.4355384606494983	0.3578774041285007	1.3875582247640343	2.13593292037355	2.5462195969885464	2.5530043982415322	1.9149055628309348	2.01138722373338	2.331346119692785	1.3563344003644573	2.1509083726946816	2.256882313737654	2.034599764977666	1.9278989275193312	1.975283549071467	2.4103404144218037	1.5125965946065403	2.5081701674596575	2.4695931155265636	2.06451107988005	2.198581021883919	2.149666389809608	2.961387680747732
F198034	-0.5123940747782998	-0.9182929869500011	0.8095768859500024	0.7661502207050013	0.24066732813549965	-0.03452326627700008	0.568767009476439	-3.9384162206149953	0.12215589668999999	-0.7379634598892834	-0.5846957660199995	-2.167817281018498	-1.1252953094870015	-0.45786140507499923	-0.21803378705000007	0.968423759442	-0.052118626015000155	-0.18843648404499974	1.7176688908950004	0.886178403542999	0.015206438170000022	1.3839225795406476	1.9114744634752157	2.352283471363467	2.430334362291348	1.9296435217155041	2.005052128874464	2.5520771658946946	1.5095096095817546	1.9177983920637165	1.9414804785822248	1.9740608229365821	2.3127442910786566	2.5082323117617262	2.7216806727123353	1.4233358801082516	1.980334787308878	1.9814794075061604	1.9812582619316157	1.9765553008950614	2.029114090103911	2.972117112525865
F4469167	-0.09917316784999983	-2.8965479047000016	2.608782494844996	2.782068440269001	-1.3345272833234987	2.2762957196450024	1.8603654661999993	0.8306567837799995	1.0791312412499994	0.5335965615002511	-0.31789618605449943	1.7242345573899962	-1.6019215207750024	-2.903301501135503	-3.9939951347000013	1.9045675348300022	-3.454643489890006	-2.3643094193875016	-0.5244609658215005	-0.6781406738750005	0.5922582901140002	1.424096099116564	2.0276327804109373	2.5603716493696504	2.5709896928048277	2.0044045036308824	2.0221772364369954	2.220157750410283	1.3884169484346058	1.887822592452855	2.208730165161291	2.230859853693191	2.0115551209373685	2.0735472070628878	2.2987663276250205	1.7007629826343962	1.8856482529383998	2.2806208044542866	2.4198121748797514	2.5669464973113523	2.551929495192599	2.916519252963624
F4460847	0.6496333461766504	-0.17359088063999986	0.013541185935000003	0.14434480763500002	1.2117775266424995	-0.7783759194955021	-0.09073731149000007	-2.1764745875905023	2.0388889038399993	-1.6514866542000017	-0.8487646284560946	0.5527224703969992	0.3488802735799998	-0.2983529004699999	-1.5097236127799993	-1.7701928607149988	1.7299269922600031	0.6513907529268997	-1.7960044590140032	0.7067724695674998	0.2121708573150003	1.4071740745128045	1.885950133663881	2.49096831304499	2.419364360280745	1.929725392939372	1.841806544643124	2.1122553729734497	1.361985761120002	1.9028280542480644	2.046109109345528	2.0002388946797085	1.983348369248042	1.9530608513156975	2.0904254331286403	1.4553870884169635	2.119756254779694	2.1754360214603374	1.9909690594869958	2.1053466656625077	2.0963522364076796	2.9456567767280015
F520774	-5.275571152499995	-1.0611049034249993	-0.4097560791049998	-1.089269560385002	0.0821682628850002	-0.39390511259899985	0.2582110094450002	-3.1453746869500043	2.739949516337003	-0.5792234732149993	0.11242918183000009	-0.04500145816649997	0.5783251725699995	-0.7780635427300011	-1.5244948923637476	-1.7861412404379964	0.6913241430180009	1.207308296085001	-0.49983536414850066	0.08230733650500001	0.2597400891899995	1.8039953905116133	2.4176459450633003	2.687605787090301	2.7553630474250648	2.6312399669206314	2.7167351560696593	2.7543806758446046	1.505319645130683	2.3528087569457767	2.481491973661676	2.497428161019573	2.3951809774216146	2.414331560530913	2.7184819790146046	1.5827780675968788	2.3444111625862534	2.41848763418375	2.428915708494044	2.430286553846514	2.5818352990690188	3.08564954595941
F188906	-1.4416695395524977	-2.3301919427720024	1.1771440760455993	0.9273011350300008	-1.20872214386	1.1168426731000014	0.21583119841999998	-2.343902144180001	1.7910445110549993	-2.8472700101750013	-0.029079812119999972	1.0169226373299987	-2.827127129159998	-0.7448412965050005	-3.027637784974209	0.7018583838399998	1.8224895213949999	-1.1390161284899984	0.3500717481900007	1.6757378606419995	0.4153369447799998	1.4300853063708763	2.2187960494397814	2.618735809500499	2.5721496127271237	2.054875817613913	2.1968156468549123	2.6539610776583165	1.4257606392186237	2.1577472488088225	2.298739163864418	2.2895823869395815	2.037141673517413	2.293384277902995	2.64103431458993	1.5587808816624062	2.6367137497761397	2.5022891932433895	2.474078793345077	2.437556284112385	2.391932369634916	2.8592205826933292
F4331723	-1.6337109819664997	-1.6726912391060043	0.2702756727300001	0.1352034186050001	-0.6157509468699993	1.9279652202100008	-0.8538201567894997	-2.5915680177035054	-0.5338025871549994	-0.6582653155549995	0.09176686340100014	0.5468244312200009	-0.7616003108924991	-0.003909291745000021	-1.872488240075498	2.458199039559501	0.2866755338770005	0.018667835222499988	-0.1439029798750001	-0.8072686549600003	0.2846633077650001	1.4290930680949876	2.0765075848188164	2.50278475291155	2.4461971804201457	1.9352932961255884	1.9588800812963347	2.802253580864731	1.3772930467964173	2.0573960903154433	2.152001733012976	2.091779110581576	1.8946587073984167	2.042134609715415	2.8365558319829285	1.4518187355816132	2.2617687944882134	2.200453740570921	2.078477750110297	1.9571792069768033	2.142595568514094	2.8535988019158074
F174008	-0.41657976977100025	-0.3102038836799991	0.37712588126149993	0.3523462757449988	0.5769799972850005	-0.4325127523990006	-0.15953563817499994	-4.402791376829996	-0.21111520900499983	-2.4251385789264974	-2.4726981367699983	-0.4321475977549999	-0.23694074386999975	-0.10490337205799988	-1.6977782054849997	0.5552892671150006	2.120207582405001	2.2315111461064996	-0.005466460009499995	0.6268244900900009	0.30973342188050024	1.4241583406292437	2.059871703914103	2.4614757550809783	2.4387838946495983	1.9600133870556824	2.1214948669935034	2.5860306728801477	1.6832544981031459	2.0831402311331013	2.2287583747906887	2.2945956609357068	2.372451221626347	2.6107002015615497	2.734852321955608	1.6033921949867054	2.6563658222933575	2.402728955613411	2.1680648918273278	2.0239680647884613	2.1745288268142255	2.9776336737386293
F197442	-2.934089555034499	-1.6202711935850018	-0.09440758265974997	-0.6638624292034991	1.6265883542519968	-1.245000585845002	-0.48977341224299925	-4.142487226255003	1.2159820699299981	-1.0656483849985001	-0.8517876757475008	0.3030230267549996	1.1508112855449986	-0.3070321524864999	-1.9099538390750013	0.8860688425770001	1.0224063541614996	1.7675571220489974	-1.7507950093100026	0.22577667714300034	0.1988479842899997	1.5290035232832608	2.4272408538020405	2.5533461579111862	2.6042831258823975	2.33317655260919	2.213212293292562	2.8051078327102235	1.5957911848840562	2.5210065120450706	2.36881328276951	2.478977610501838	2.518605290395196	2.318854976825386	2.836496957728219	1.567619097827122	2.6275385004373706	2.507598751552768	2.4734655495394127	2.369010310339127	2.2009774419386123	2.996432512680409
F182264	-0.9081302570800014	2.138262853761996	-0.3069058694749999	-0.4116824109450012	-1.602919163835001	1.6704291732755026	-1.623230364765497	-2.101923171159995	-2.275702571162601	0.3332547082399993	0.05606666887999996	1.2140221844549985	-1.7362054668000015	0.9439106661400004	-4.931709335750004	0.21648590254500022	0.13989450736000003	0.14883082757149985	0.42970078248349936	0.1282561847850002	0.7791972445540003	1.4295198091129566	2.2290708635324354	2.606986997667649	2.5972034357008735	2.266589370911085	2.297167853706945	2.3281779885963956	1.4433488920884492	2.252264703884059	2.4463488008392744	2.4271231533564763	2.2792647464849103	2.3406376320667035	2.3410223919734148	2.0334850651393395	2.733069048557745	2.6878379895700544	2.719904019873125	2.8090050328530483	2.5689403202699705	2.9462269440032323
F4315471	0.14578051224080005	-0.8748824271700022	0.9440743250450008	0.7922125478988511	-0.8290630038315007	1.2569625478899988	1.650610749520001	0.1869125703445005	-0.09817887675999974	-1.0290874730119988	0.9102542038054476	0.7248927721200018	-1.0233337083920002	-2.9264980087050025	-6.232912412049993	0.49315083393999976	-0.007682278678499999	-0.965724579804999	-0.060419291415000104	-0.2374231740420001	0.9011067377649981	1.4826262035227127	2.416304157939712	2.61992159605168	2.4936970549165616	2.080527262884738	2.1447254167652474	2.323586808820629	1.4466068410682378	2.4613007100916455	2.560182783528106	2.4931892823840394	2.081314122809384	2.139785164465388	2.406237037583436	1.9873840505888531	2.817144551908322	2.819463333102713	2.7367720173949786	2.543397184711719	2.7358166673311315	2.9475077483967325
F197874	2.090414533822999	-1.392491033259998	0.7122385929095004	0.9686523986400011	0.025774751192	-0.03262204139000004	-0.3758682753300001	-6.473262091249988	0.6095443432735003	-0.2468719290349996	-0.46335334129499944	-0.06516519999499995	-0.030398091247000013	-0.18686440096499998	-5.05956702495	0.48364902244500096	-0.15341248292500015	-0.28297566342000013	0.10413325159499984	0.04392652094250003	0.7176173929350005	1.48132417082893	2.527905939853749	2.6782253879167195	2.7340896487699666	2.4202354138881543	2.4488487693716716	2.63929558689879	1.9386536243481913	2.7977626637006687	2.7043177745034974	2.6722759522727997	2.5360893276456133	2.712086261925471	2.856903472092662	1.9516785727229555	2.900743897755746	2.759393204329903	2.723779136340869	2.531152059295203	2.753541798803907	2.942364107959107
F4438999	-0.553394312742	-0.6342581689699991	0.14142232325999976	0.30817439261650004	-1.1755829308179973	3.641813274920005	-0.28236824752700024	-2.7016734048979996	-0.5325918501599998	-0.26749489790750003	0.5174071575134999	1.1097954194000001	-3.3099953180550066	-0.748625071339001	-5.379308341500011	0.8596703098849983	0.13513036414999996	-0.3466930862814995	0.10080932536500006	-0.07698664056500001	0.6752635471849997	1.5651515003998289	2.555759125755282	2.597063442322804	2.622414659551338	2.320675784410607	2.4042279976536944	2.550318094657486	1.5975586864928042	2.4899140964070994	2.6088622673578614	2.5451128528312896	2.236364680799201	2.4678452432522664	2.731905673919788	2.058228332084339	2.7935556011089817	2.7142334040813103	2.629649726391067	2.701918994437333	2.7026865046921573	2.9680792196803867
F4393892	-3.6636122739500094	-1.2260397690749978	-0.9497903438279999	-1.6265677715019973	-0.5181403921574996	-0.5888992925550012	-0.20185411769500006	-1.9123586947174969	0.2326991553485001	-0.059759716662500094	-0.10738774437399985	-2.0846441039615	-1.480341855000001	-0.49206019040529986	-3.040285886120008	0.9383002560420015	1.1490782643799986	1.3824075496600008	2.288810500713495	2.346135668104996	0.4743959640100004	1.803864788072799	2.1570709126893717	2.613674694680487	2.8019939263949936	2.645974782609933	2.758538740224346	2.8529051054224706	1.5852266932427042	2.087846725596671	2.4402030843628646	2.4715806967093013	2.5942156822466957	2.707302614444423	2.7952035515957894	1.8523130877665404	2.614499361478749	2.6580632032973686	2.6125748493870806	2.6455674626000727	2.6071488567557344	2.9115661973275997
F4086959	-0.19796126734500016	0.7471115641765005	0.5452471653754	0.5051423379499999	0.6137771073450006	-1.2510115584299981	0.4093227123054996	-1.5136762172484994	1.1170992366499999	-0.5527075718000001	0.8244961695450004	-0.48578114203499917	1.249775816064998	-1.0299436848645	-4.699291157999997	-1.905760617842002	-0.4437275172330005	-0.9020098943249983	-0.09312223829500005	-0.051584215638499985	0.6405653910285005	1.4004312633662523	1.9324663512618216	2.4395264797419776	2.502481625909262	2.0362675503417065	2.007329341831824	2.13980156220359	1.3657833661169794	1.9842189608235885	2.3982573036696673	2.370958071989149	2.045891412004259	2.0407704931800184	2.107469634139089	1.8451518382694911	2.204510004003453	2.6786413256271446	2.5668385775214433	2.5331452150954274	2.6465232678180657	2.970807180800721
F194079	-3.0692986563350027	-1.2682567600750008	0.5172822025700002	-0.05127843668999999	0.804730796224999	-1.875793408064998	-0.5032938586169999	-3.460508342338	2.802477982315499	0.2015400647600004	0.09051892647449993	-2.350097460199998	-0.773120569291151	-0.2955473202790003	-2.573349955474998	-1.8677178340260037	-0.6482953838350004	-0.14615343319400004	1.5193950073449973	2.5112734787409963	0.29397987837500034	1.612740644595021	2.349007121781453	2.5156125104767324	2.516447219919131	2.2504290076124844	2.5421695312622528	2.8238375705172953	1.58784991005736	2.3948554276472898	2.467562487765042	2.274123317145933	2.291543721136717	2.5710539810607105	2.877880068437366	1.6699061225878877	2.468283411252055	2.5292846195069787	2.506721700018048	2.456468652383109	2.4658828808702546	3.023068738902978
F190653	-2.6915238675049955	3.9437059770399983	0.4611987843020501	0.09540741704499982	-2.0987848580855046	-1.5366865145599975	-0.4663920459704998	-5.337093969700001	-2.553021219969998	-1.5181584632800003	0.3270490635065004	0.5990014390809996	0.13261296328999997	0.12370871182489974	-1.444728220174499	-1.608699634915004	1.2043501230084996	-0.7863119897900003	1.2065956917400031	1.6688056637249997	0.21525138941500022	1.6064313148668472	2.235582788937972	2.6302973060453936	2.6353543032575373	2.508009939076076	2.6670262670853595	2.690443198584697	1.7941449794098558	2.357300035515376	2.488086968477225	2.5230357620368986	2.7012875304771033	2.6827183212072505	2.756072448866285	1.5583074483934574	2.2478727932362785	2.354280312170309	2.437278679920645	2.625454917251335	2.5083447234503415	2.996210042640829
F173876	-2.9470647399199934	-2.6216016703350045	0.016290664194999985	-0.4046033737184998	-0.34112788670449995	-0.1792266237994998	-0.3153828288850002	-1.0911628713899966	1.2140442892654983	-1.5936915213499983	-2.3133199647939984	-1.0120178223290013	-0.6823395663399988	-0.41532814416999997	-4.952768032799993	1.0595403592395003	1.5527967470400006	1.8790603832499968	1.4156457749250009	0.8513602560899993	0.6646067255749997	1.985286089191411	2.3013109615906173	2.700124187216435	2.6578290978608146	2.6984050999167817	2.722742841039846	2.8985823395041614	1.9330798608389705	2.220397772220946	2.6521076562361725	2.6393543113613886	2.711712746013672	2.8040998557794277	2.9226296071531217	2.196126008296677	2.714511864178379	2.8317982219548945	2.7968875922627907	2.8371130402203106	2.8247096119083146	3.024842885032749
F2207032	-6.158547867200002	0.7122311783689999	0.03547557163499993	-0.8246641001899992	-0.24774046217000006	0.19534846748999993	0.5916513492424994	1.1590592964924984	-1.5723292945050027	-0.05467483086735008	2.0422872003749952	0.1891074680124999	-0.2839883682400008	-1.7732995289249986	-5.025554604249999	0.4764066442099996	0.10716602541849989	-0.60389080693	0.017779648625000043	-0.03728068801750009	0.6939157938499996	2.009475449724124	2.709309227919449	2.7140247079653457	2.7589683042920843	2.6205396637915594	2.740154932659316	2.8406380591088225	1.5410797580348585	2.6006441214736102	2.7264163644395145	2.683362598240417	2.5343556676665986	2.539606425777664	2.811417716453672	2.0611475680667595	2.841448778778943	2.8293942925440723	2.7202154526284255	2.609053132897566	2.80899370233085	2.921566069471769
F718358	-2.540875083349995	0.37070197013250067	1.3313648651750034	0.9933938574005007	0.1375463668435003	-0.23569141208000047	-1.9669790328300005	-1.3493569861049972	-0.6870754443550001	1.4203525049600028	0.17748971012000012	0.23597082698599947	0.6183353583064993	1.2926061504100008	-3.327125327704996	0.162385395501	-2.597148773779989	-1.2744771475649996	-0.3985764412500011	-0.3189419290085003	0.5012815699100011	1.5111940283431695	2.434542132448426	2.6856390822785037	2.6337124251939046	2.1642241795982304	2.207314804994433	2.4071073698125813	1.4102838704849343	2.316594378243102	2.374153611571668	2.3427150122464537	2.109798820822534	2.2205455291862255	2.3267786951656437	1.8006913067382764	2.199982567373898	2.3970276083192013	2.506968210396549	2.540884025240473	2.586227493229437	3.000830619005249
F363035	-5.894149392000004	0.5969045339989999	0.5824865276699995	-0.17721764477100013	-0.17271880688499994	0.1708677775045	0.4702438273149994	-0.9704424738021509	-0.5506837762799993	0.1551152232050001	1.5732724890549996	0.8885460005460017	-0.2461667585654995	-1.2067394776549987	-3.3068869717700045	-0.1655957460299997	-1.1933083019394999	-1.198613146610999	-0.6011830059155013	-0.08577563945835007	0.5739913917450004	1.9454513862131924	2.6699403244603594	2.5572918056649208	2.6378547747291634	2.647044931741779	2.713666633889823	2.69281562780529	1.4346577994917686	2.126999559823909	2.470053692754288	2.48155975118541	2.338503007459218	2.388841430925498	2.900798039100962	1.8025211417603813	2.1670934021835193	2.5105493032403836	2.614498909903718	2.572196417865532	2.655366597986505	3.014798161504399
F4446669	-2.1035089389264976	-1.3862658009700022	0.9996264369650009	0.6419838041200004	-0.5899857244344483	0.535089731543	1.1485608368690021	0.7961147584900005	2.113861939561997	-1.3666353390780006	-1.4828259450850005	1.948157385283497	0.16449079630000032	-1.8031212773064995	-3.9559081997500085	-0.892494326799001	0.14112128905999996	0.8528122431669996	-1.337453313520001	-0.7581245508399992	0.5611720296599999	1.5002128575386184	2.1473337840548328	2.5470869377486727	2.512082879867354	2.008140310214017	2.005135176540466	2.0681672884479996	1.432441934534809	2.008482131258871	2.3558615027340264	2.2581971918083448	1.9371331216558252	1.9749017915092957	2.0765600805661277	1.6820955238874031	2.267574971037382	2.4644821203395972	2.468945832255718	2.312682314563674	2.415438386042091	3.069407743131038
F4465905	-0.7919267767750009	-1.5161067668599992	1.4449033544324992	1.2966095742600035	0.221919446864	0.36634186111000006	0.7807658104950002	-0.9327925956600003	1.189341399354998	-0.5955183536350002	-0.8816319850549994	-0.08792984232000005	1.5562896546320026	-1.280128583982502	-2.847388636729992	0.34798547917899975	-1.0058654712500015	-0.2385411708299998	-0.11638534058999976	-2.0380441517400025	0.3574682076099993	1.4037994017967905	2.177385721990107	2.630407457500143	2.5553925320133692	1.8734085679159054	1.9044269464639518	2.186558004636985	1.3483660577205727	1.9397852664348378	2.295430200697015	2.2662067650121953	1.8714769579411383	1.92906352526138	2.2008622960676836	1.517048259567374	2.015157470374987	2.2995736954119734	2.3825213222573973	2.0689828302024784	2.280275025963521	2.9480260622773056
F37010	-2.085208771229995	-1.7069996708500015	0.8905856888249994	0.5919733971049996	-0.9863528582399981	-2.094166892274999	1.2229561690250028	-3.8385316317689706	1.5621164443163984	-1.8450722568580002	-1.2495974182069984	-0.5202954531099996	2.135512637301996	-1.6988124930899977	-2.8677538563999967	0.21147393976900022	0.7394494782485994	0.8372720276250003	1.7514074650299971	-0.22973959698500004	0.3940431746349991	1.4844225357541903	2.5063482307917475	2.59874335635513	2.57082009140264	2.2270916626294537	2.2065770424830986	2.583341184637644	1.5393963511463236	2.5130370314973693	2.584194757646768	2.643370925373652	2.4688464224378244	2.2719354919109316	2.5756105289510995	1.74326378196743	2.8246729581301495	2.7101431006043404	2.641537540610489	2.3531470489651394	2.0935255649105753	2.9043368552260893
F313155	-1.4230186774680014	-1.5431637048150024	0.556432375377499	0.4172538846630006	-0.9325449872240005	2.1494790733200015	-0.9271111509725023	-1.8524562074769986	0.9935023825550007	-0.9664225036050007	0.20948819463400004	0.6740446876850009	-1.6044444241900002	0.380437255835	-5.139891031900004	0.4731738280699996	0.2826296584780003	-0.20867219102499965	0.06556671239550005	-0.3760096393885007	0.7395901878706009	1.512464443432087	2.337979419722752	2.6603456116544915	2.5485075001261936	2.303870726592615	2.231923226004238	2.2469041480850214	1.4276358540985712	2.248471505389864	2.4142472014972256	2.473572635670233	2.2497389790058056	2.2660078460040824	2.2676416848219714	1.989304740282419	2.732944442855388	2.7245374980926864	2.77433846773061	2.6997278999079453	2.655890570110365	2.972009273199084
F564320	-0.24977511869599975	-2.7714333315199995	1.928059313473495	1.9973867775575023	-0.5407707488899992	1.2621597258850024	0.0842878855299998	-3.911466701449995	2.218933743650001	-3.0966709604000004	-2.1191144916444946	-0.44834851838999834	-0.7445801012195014	-0.5487489452295004	-5.116985182500006	0.4354005519404996	0.8014620446350009	0.3138587924734998	0.5661501496700001	-0.0552945466019999	0.717948086505001	1.4778212189537319	2.1832172164072245	2.628858357077209	2.5952218253339012	2.565249384723754	2.5617781543985236	2.691396527577603	1.73283105646585	2.1752437318049145	2.538234709706931	2.600858827827599	2.7191708267114727	2.760354915796146	2.664977965686332	2.0622072822056374	2.706307144496311	2.527951959746242	2.7200057855272974	2.8306624523867954	2.794398082304878	2.903165295106251
F3629859	-2.7882183821899953	-0.3379407811799993	-0.008577913532499998	-0.4647964342400003	-0.3455658084100007	1.6300225810150006	-2.376272559674997	-1.0020273444214995	-1.3074641784707566	-0.18663900647550016	1.888366666045001	0.19555033213649983	-1.8980889739750035	1.7562076183950026	-4.082104622999994	1.0087932127105004	0.9230514351799993	-1.429784543844999	0.05528633192000005	0.01636044438000004	0.6197916067849987	1.5503547844165653	2.5433163803100007	2.7389936547049545	2.6643892350328837	2.326639273962299	2.475050267111165	2.542153754852549	1.411399756288762	2.3928435463893276	2.3055504605494224	2.294194972244862	2.181914235556057	2.4241933720888205	2.4760530993051884	1.8757982675496634	2.5016900127929613	2.550602331352397	2.485403757291333	2.5183784582238227	2.6880152918048505	2.9041408384887126
F2626509	-0.5112919621415003	-0.5325430341249991	-0.10632146207350009	-0.2893572997749997	-1.0561891679824993	0.7184064976799989	1.0646125957799983	-2.5439611950899974	-0.36292837228750013	-0.9831675922791009	-1.8661205397649965	1.6103463534949984	-1.0443325680949975	-1.6146563041304993	-2.655452203825005	0.8927146249495005	1.1759723690100006	2.1670900686595003	-0.6084191140074987	0.3076129397585001	0.39127272942500035	1.3887619025351081	2.067312760592233	2.5093666194493234	2.470726821200633	1.8716132748747036	1.8602601854695273	2.5061358333860504	1.4081865575718593	2.1268052840426344	2.272695914307403	2.2973532991370913	1.9767053471138145	1.983586738004296	2.4921698838714232	1.5976282727316564	2.676123616757826	2.5976715586320522	2.276278393026127	1.9683844370661632	1.9591628420887583	3.004908029791939
F667842	-2.5920687885114946	0.6350978148400004	1.601490866279997	1.2643588352000006	1.111154964841502	2.550774354905001	-1.2164919401899972	-2.655261598084997	-1.6087477228150033	-0.7137704737799997	0.3316076094980001	-0.2801188728699999	-2.2808322840909985	0.1885458051919995	-4.122139439470003	1.1360072959500005	-1.2759262900850012	-1.5179541370800016	-0.6154701678700004	-0.28644784035999965	0.6139492481500004	1.7385794226753737	2.6122476122281295	2.723951551184611	2.6223407169890782	2.1317382001096403	2.20983206529594	2.7486771288388194	1.6293212768790681	2.421678732084659	2.601529306361879	2.4819372025697444	2.1688374373048465	2.451703784793659	2.8712332024645013	1.8809138544731268	2.5294747557819526	2.589112539374145	2.6220867931666394	2.6214675877170426	2.733341986160998	3.0125758635582214
F4468809	-0.8966875551390002	0.2868572774600002	-0.3977397539999999	-0.668317323135001	1.13221856167	-1.0795366382850033	-0.5675780332400011	-1.658587985390005	-0.19396463563499958	0.9432125554299988	-0.4821303495419993	-0.8576359925724989	0.34626194609299926	0.5436991536164999	-0.6267702908032003	-0.16088823029250016	-0.5116954677794991	1.0511055468264987	-0.10329533129499989	0.5425291959400007	0.1206999626500002	1.3013282090704934	1.7769559935460253	2.413429780241383	2.445054584936343	1.8254382112699135	1.8703963231130958	2.1081967542592164	1.3028687754145758	1.7764536755203952	2.0331562293183847	1.9487069904257563	1.8369406976756164	1.920373385214121	2.1390744075437977	1.385650091946442	1.8268927505497938	2.012947398916567	1.9861119610189388	1.8884398447612314	1.918255718023866	3.050268197410981
F178557	-1.3086346784094993	0.5183360838015001	-0.19851190457999998	-0.3240426800084998	2.095011002284997	-0.16440066704199982	-1.0792355613635	-2.2692244971900015	-1.1046380330604981	-1.1458876356334982	-0.14994907897850027	-1.43291056015	0.27302099579000033	1.0734091694899992	-3.399000238400005	0.6510111911209981	1.556212799979497	0.5591968783450005	-0.865915079124499	-0.19187595243199973	0.5093206682195	1.4260659347623048	2.1742259770194794	2.5160915985731678	2.4934647946158957	2.188416900443399	2.2821489125526613	2.389743218711221	1.4472071516899667	2.1121365015255655	2.2949524722487706	2.093506107921058	2.2940570592896004	2.5415806023225023	2.484289839798404	1.6471159968913094	2.6345078853965327	2.5839389661478864	2.183273216380943	2.388961007689143	2.6125675649987175	2.988684748414288
F366143	-0.7709335877984518	-1.7205801660856503	1.0278342587175002	0.8970059094759996	-0.4656691810690001	0.09521713576750006	-1.1041829939249999	0.23843946690999995	1.204729814214999	-0.9619966992049999	-0.5885605024749995	0.13330649799069988	-0.20926816690500008	0.19833347964500037	-5.494685854955011	0.4928511815875006	0.09746755270500002	-0.22014459641500014	0.037850398974999984	-0.08120653897150008	0.8168775488589997	1.4257974447464388	2.3069435805334764	2.6301317350851945	2.509450757665914	1.9953779192441146	2.048027133699799	2.1713134491098067	1.3646317375917019	2.1784100564006796	2.461950251749073	2.3818424756101733	1.984563337947158	2.038633135683142	2.179978730062077	1.9168134470222917	2.666883464332681	2.703875617233679	2.596369591301698	2.4910697243248356	2.5976480857885536	2.989192495066112
F4433736	2.8667068156449975	0.3372303369580004	-0.532183674115	-0.004146702321499991	0.7712572868400005	-0.6249738135700009	1.761928471070001	-0.18113294003999986	1.159570970991997	-0.7938051015319992	-0.3646984527200004	-0.38791125085500033	0.27929069919600064	-1.864375296049997	1.86257792403	-1.6513199243250016	1.245469680780001	0.5676445453474986	-0.3869302534950001	0.07487367690499996	-0.28059261293000004	1.4135916528729013	1.7865863756439415	2.458740363037281	2.443997329562334	1.7941160823550537	1.7702133386739336	2.063759628161126	1.3783730398870402	1.8357567267713928	2.0957452419273217	1.9666004481555441	1.8049895413298322	1.801749880548761	2.1099620731060287	1.4681290861734297	1.8768656719463839	2.0997234041195916	2.000696027395791	1.8417649788731312	1.8637197165895676	2.952106232313999
F170262	-0.8257351695124988	0.23669407992500008	1.0624306512950006	0.8526730128441419	-0.9668071717249991	-0.5990203125161505	-0.1412302342600002	-1.115323230210002	-0.2562873128019997	0.6756959762450007	-0.08506465557299996	0.37402548716849976	-1.450839536165001	-0.28232962863900013	-2.225221411776497	-0.13457255864000012	-2.054707734231002	-0.8997010264389999	0.7557303050585024	2.3294094106050034	0.302726955040001	1.3679679156133338	1.7776766237047508	2.5130303862052634	2.419330087233271	1.9423865800806155	1.9762489193679311	2.201339680948022	1.3466924745155757	1.7837397304477283	2.196170724399257	2.259672567829225	1.948654362537506	1.9859334012974286	2.214216929199338	1.4947671344420541	1.8811777597633355	2.282295701459824	2.41081542192876	2.4312685694059053	2.373440380581293	2.9236630154762655
F806742	-1.9720354645399996	-1.223339918260001	0.09487395713400011	-0.22539709519549972	2.4616784912924974	1.8915887274160037	0.32294544653499985	-2.669701100219998	-1.226337800165001	0.944912920472502	2.014401553630002	-1.7743838868904969	-2.031766565689999	-0.9754911894190004	-3.663759764275004	2.4063900698599965	-1.494581758805006	-1.491527469774998	-0.5389962890899995	0.11467628933350017	0.5603724485499992	1.472158571450621	2.349900297843803	2.623495744010265	2.6923838990926434	2.235276285503334	2.3103890636481896	2.5916695120380098	1.4600565178287372	2.3481559773615865	2.4418919944493434	2.525192700837048	2.2126285076702987	2.3916277898970977	2.552805762492405	1.756567725706258	2.3461664069734636	2.5365517909280557	2.617379248503806	2.5592535532868905	2.6588406970897553	3.131001541051532
F272942	-1.6924976981600002	-1.3565687659499979	-0.3136549778559998	-0.5754048478449993	-1.8584813513874987	0.3801896295064994	-2.218806742580504	-4.283324895100002	0.2877772154755006	-0.1216530720249999	1.2852425255084987	1.1880550401090018	-1.430069551989998	2.0338428657230017	-1.7178234312099978	0.9742645354350009	1.0311435999840017	-0.9197224128749987	0.7405972456704992	0.8673976272049989	0.25434648020849976	1.4684836638079577	2.514447617679974	2.5469123132778124	2.6370631460376295	1.969136836653641	2.0915335403195803	2.5404156658408503	1.585776381620624	2.680082406644474	2.691196697849055	2.3674949254412634	2.007448190324707	2.169241765912023	2.56648011868938	1.6208595367378893	2.728432594932774	2.711755868387467	2.373782309396777	2.0745125015803993	2.1259658671489388	2.886728534691523
F4374027	-2.4899855387150005	-0.9588953976391509	0.592430186032	0.44207608745499966	-1.147491205565002	1.976380777575004	-0.5952649316392987	-2.884307228220002	0.2361319967475001	-2.703968705839995	1.1572724731699995	2.0031795073444973	-1.7373147378800007	-0.15739431135000034	-3.211052184985002	0.9502184909300017	2.1571746466299997	-1.4718405453125	-1.0144910988689988	-0.2825327965950006	0.441642314995	1.5214298641255912	2.3765775738219226	2.6674581563194897	2.5311272986737587	2.1234574557005166	2.372365134492092	2.6921879220834364	1.4995857260480885	2.323508129421826	2.3729139042540397	2.208267217553544	2.0992156420697423	2.4667989953181215	2.863162051767945	1.686825929056503	2.5885435171236866	2.3953282626773174	2.2918431852858587	2.4490675196553457	2.697481586050689	2.9094598662513302
F4449054	-2.4609354526149985	-0.32363296232000016	-0.08873512475499998	-0.3552377117799998	0.7093221680410003	1.3021451339299994	-2.2977243179900007	-1.3080198696749983	-0.21371010697500026	0.6999047418450011	1.479970025024002	-2.3509356614955017	-1.3395069597600016	1.608255740020001	-5.211500991245003	0.21980825746750002	-0.3147333335150002	-0.7065194602527909	0.9392984381000001	0.30184718218499995	0.7090823118249979	1.6036649353948271	2.443899750244294	2.6268729745122825	2.6129697236466733	2.4597086865438222	2.494155509671992	2.544822826463676	1.498061661726005	2.4866102195423907	2.699343234942219	2.4787459920667994	2.4032925720609586	2.508801998360725	2.609198201346629	1.979661558892267	2.698486646044005	2.706861824831724	2.602663638951005	2.6567848609310807	2.6940308871017136	3.0105792490202097
F851323	-3.5134255872019993	-3.3554090127649996	0.41329754491500076	-0.114699288455	-0.11351538779000002	-0.10575319811000011	-0.18860571100000006	-1.2590903703304996	2.1244790635750004	-1.912667193700002	-2.2732523247800005	-1.1347651289149994	-0.6827656609409998	-0.3706880215890009	-4.730901257784997	1.123513372880001	1.4056857393384998	1.6743276110644976	1.2805336601900035	0.7501018658724995	0.5557520248690002	2.0304179197507346	2.3395137118235594	2.7460500127511733	2.7253935871614066	2.8314618748531046	2.6549213573096124	2.9415984395682746	1.939040891426379	2.300092613300133	2.5596981312312237	2.6742700121821725	2.849296130379958	2.9438051528529963	2.8008233843708465	2.2377560588884697	2.6624945278302414	2.7155910488910133	2.807650593659223	2.8225771608662433	2.8301998446600103	2.984598783893302
F157888	-3.3794880842500037	1.3410285269600004	-1.4404409032450012	-1.8605526759210016	-1.3314096812725011	-0.6110100992350009	-0.5418271832875012	-1.7708204112349981	-2.273814636459997	-0.06325984435950001	0.8810211742795	2.15785994199	0.6353508956344999	0.2022541047234999	-3.5325416578999973	0.7652303627085013	1.2783105153100005	1.3005435103799994	-1.0887649626000002	-0.2521977011285001	0.4799980154945001	1.6102841564680863	2.296516224245159	2.5685261318719883	2.5330622286969096	2.441354620662403	2.539256848790272	2.8552438757649603	1.4190921371375973	2.38403401011387	2.5389045668845323	2.435505998795473	2.1937023956957082	2.5149107111892692	2.720548586153579	1.7853831442464048	2.7105901232604483	2.6188660330212117	2.543522672351263	2.4284313656321896	2.573880176833598	3.028339650666862
F555547	-2.9046645640549973	0.6831527342150007	1.9252237540504988	1.6192521401399993	-2.5477790811750034	1.8516568162729996	-0.7621625538850015	-1.8704903724004958	-0.18104547574949995	-2.524718929715	-0.9396379676150007	2.4419340407600036	-2.334567691902503	-0.40896268199000024	-5.059858286599988	-0.06931551492750006	0.2531758775999998	-0.36851787942200004	0.39617692549999933	0.3668073033637998	0.7124317295790016	1.5982381959372682	2.762997980054027	2.586951538119887	2.5643844290478737	2.169974148711156	2.331126003132645	2.7671465695708233	1.475126812154648	2.51057982160161	2.504213546366403	2.5214691051791194	2.0569419450433606	2.374006701897271	2.9619473675739454	1.9899169627538882	2.7079704253384795	2.6662098974848787	2.6915911487783655	2.60751525856878	2.6292962198031753	3.0018773737963853
F846127	-4.2002658897500025	-2.3405766232159957	0.4656111762399999	-0.20065956854500056	-0.16181110206500043	-0.22837435062249986	-0.3145436892900002	-3.325651216361998	1.5687537257150006	-2.1772936138350008	-1.0869723359879981	-0.38577733894000016	-0.40294178573500045	-0.3692284977614992	-4.518534234153389	0.7668245725799998	1.3128874202400014	1.0140776760639998	0.7287582799099979	0.45170902159010073	0.6543535845700013	1.9309524535794227	2.2518316653962267	2.7242368239772516	2.7544958865728293	2.798578310813531	2.827026013549452	2.888301348755426	1.7269482601642137	2.1826291611418354	2.6184756335836576	2.7082871875119197	2.7184642408052406	2.7789698803651035	2.9578901006115563	2.1434900520689792	2.597892041587989	2.7722402306236273	2.814785137343519	2.814968266136066	2.819732270947501	2.990749402530196
F4328241	3.6062974848500127	-3.250745980255009	2.3356153459600018	2.6650333034050013	-0.01675463996950002	0.14680903370800005	-1.8748320110804966	-6.4923208285000005	0.913163086789801	0.27980601539	-0.18030428724400024	0.43269397091119927	0.48995519979099983	1.4406096028450017	-3.5695246065500084	1.8938839267749967	-2.5419754711650047	-2.172674202779996	-0.6409357452199991	-0.5465595985800005	0.4208160117600004	1.4637450738750049	2.2767787713750933	2.599533871606212	2.61594891131216	2.268092990458855	2.3513900341192113	2.468013078185387	1.7711319662787832	2.697733064628261	2.76547039301749	2.6777280788199938	2.463055658842284	2.608085678451713	2.3853797726014063	1.7521077027999195	2.2530327503278094	2.661290953165955	2.629066365818693	2.6060200254223704	2.6243733638959537	2.984363632900897
F2640061	1.6810222246215012	-1.4241528112000004	0.5680620405800008	0.8225250634519996	-0.075558839795	0.4164761450589502	-0.445547327538	-6.286216113999995	0.49173473580499993	-0.13551724732999984	-0.430648444251999	0.08536848918950003	-0.28345176753999957	-0.27399996066999976	-4.857996900835007	0.45408364263499934	-0.10918834356000016	-0.27504172160199986	0.25072683285500036	-0.005884583086999975	0.6921229471034995	1.4980847672945563	2.569856253643139	2.6175995378574557	2.706909393842806	2.353289711711662	2.3564711336368624	2.5948809459732294	1.9000508467895232	2.8452602217989225	2.757988962268795	2.767811698009045	2.629656766127025	2.6727502307025874	2.6817559606489634	2.0622767542969407	2.7286703052540324	2.6978439750004006	2.8449712363227744	2.7073667829599337	2.7186333469096824	3.0494589611043494
F174952	-1.7685839074250005	-1.2111199988949992	1.5886093692374978	1.3478442706250013	-0.28616513820000034	1.2065123646819982	-0.4509202306950003	-3.6539879998010005	0.9598041667690014	-2.608614156683504	-1.640278494305002	-0.5370592688349989	-0.8120681590259988	-0.25908483469000015	-4.805318905249997	0.25696401225450005	0.7677309123359983	0.33115936750499997	0.40055858997500016	-0.06233718712999994	0.6634488016389992	1.5551331347776332	2.270255559330918	2.6193568943911165	2.543982253117742	2.6349680734993592	2.5762584035653453	2.6032435511547107	1.7548111332068406	2.2530474965403595	2.5891739675486436	2.59491130756332	2.6643719435449893	2.7334596869688554	2.7961463190534706	2.0667696169688234	2.7156913520471817	2.6861024844331496	2.789195759239931	2.702886447547776	2.833168577685987	3.0392409554206115
F364029	-0.06273566514649992	1.2321375716430985	-0.8348056052315013	-0.8240690635900016	1.1192537537799998	-1.1587657898099986	0.010649765507000045	-5.625585009000003	-1.8268687544150022	-1.0495650396349991	-1.0037420265475006	0.1162703816015498	-0.142349506116	-0.25298878213	-2.4456573847939995	0.8019167119194996	1.5898454951115015	2.2697478633850037	-1.089028707677	0.9997622259500002	0.280617645515	1.3846031860054617	2.231487974088231	2.4763329755056454	2.5861504194205867	2.1811358008114943	2.2366713143278285	2.6092420561804737	1.7105156484887076	2.3777337468148003	2.59460084472017	2.5767630269707973	2.5189502073686505	2.6821589109217157	2.8145862356758315	1.6337933873304504	2.656392492861504	2.606108663866213	2.51787444395785	2.3050941213840197	2.3217645224866463	3.004116707918483
F4335302	-4.123410847640003	1.171053670774999	-0.8516020335300011	-1.3033757343599972	1.203404190279999	-2.1317450064025025	-1.0182972795750003	0.20745244748399969	-1.0612773323500024	1.1437508533850003	0.12786378141500007	-0.6949110388240013	0.25975703122499966	1.0039016732514985	-1.1052699925714995	-0.22690687975499965	-0.5143232574123494	1.1857767552399991	-0.5106591727500005	1.9445764624490016	0.14089086529500044	1.5021812350020318	2.0379260190037964	2.508271422521372	2.572412643316327	2.261649101568898	2.486979892566258	2.5785249057998296	1.3382786990043185	1.9573965195610024	2.389428359573064	2.3039924995915895	2.0981516990471127	2.167138041271402	2.51247798083897	1.466697015571625	2.0573773529620687	2.4652980488533065	2.367084152865399	2.3176216611092637	2.215757408110697	2.950913171092291
F4477861	1.6893252903939997	-4.025424940050003	3.353194553594994	3.693992799539993	0.9355497280510019	-0.8096114659165013	-0.7669284669850015	3.0826964766300025	1.3356964346155002	2.623084022424997	-0.9059562237620016	-1.5647061244389975	-0.5156697462394999	0.5823801290469997	-2.782925032360499	2.564411383429499	-6.067389338999998	-2.6296024264264966	0.6178135681249999	1.4995772550850015	0.3986900991484997	1.4140481753065373	1.8760424080225324	2.3810086346462733	2.604933882579371	1.914834511360618	1.9211319633566677	2.061012588897756	1.3648872193742376	1.8450403197029999	2.186092917534251	2.22125539884998	1.9639129406738343	1.9427901842285902	2.0955143632248263	1.489467769992995	1.8401812333845242	2.2026101346882268	2.335880818453418	2.384223709140231	2.2764125554126045	3.0139466937017976
F341752	-1.9290308235749987	-2.3553476854000004	0.6218850359349989	0.3218708303349999	-1.6017258464849997	-0.09853764714085025	1.9694801229858971	-1.714281214384999	2.3426506823049977	-0.3095116155999998	-0.49067380361500057	0.6982680179315002	-0.39924451405999983	-2.5754413338685005	-4.855077090099997	-0.18192495201550016	0.016418232406999946	0.005905062770000003	0.5854124342609995	0.3755652139559997	0.7088580637849995	1.5017301558726885	2.3432915351723733	2.604118393668401	2.553075990470669	2.344854652978892	2.5367619766613885	2.5247192343299605	1.4449245376168494	2.4494598058316917	2.482034847186546	2.3188751476728218	2.3066685814259436	2.4366851703170473	2.5491798730667568	1.9985790740953253	2.710004953165318	2.5887577890603084	2.636610882985738	2.6539665594385373	2.692562513461073	2.966368234315889
F110457	-0.8786500083809993	-1.1585093561949997	0.9473524055518234	0.8518715855605014	0.7538136192550007	-0.43037636122299977	0.3821588856760002	-1.2198775089904987	0.7121572044234983	-0.2816379680550002	1.1402323062149993	-0.30973339533000066	0.5717064373609994	-1.0311591538600005	-3.573383873849997	0.6352845502099996	-0.519175946345	-2.1051013357499992	-0.6233238698005014	-0.20779609450500056	0.47653880547499977	1.442808720995206	1.8816765785773215	2.4435559026723346	2.485670103678546	1.9968286452409614	2.0790029825979666	2.261434884020071	1.381769238522094	1.8219463004713072	2.1659112129558458	2.176429503155513	2.0081863629664034	2.0517458840705687	2.3140049082637715	1.7408441642944785	1.9201412854084827	2.213982212662356	2.337129837824606	2.5630095164540383	2.6341643068110474	3.0068538062369274
F196918	-0.34523015805499974	-0.7194927306455015	0.26543315923499966	0.25964593410000014	1.5105639903200028	0.3664169523750008	0.018254481850000018	-3.526676482209999	-0.4374707537059503	-0.12951403169749995	0.6296673142149988	-1.5432787005600002	-1.1862898704869993	-0.6884217820575005	-5.325878438900001	0.579665779705001	0.14100902433000007	-0.5675054745099997	-0.018916322645000035	0.7217898018724995	0.7314197668989978	1.5211624928550098	2.4664761926838352	2.6927540254479516	2.62967090858527	2.0287343419932453	2.2698467208138777	2.536527259782897	1.5632437856815031	2.6640482065372333	2.5962275494051097	2.4476976201558442	2.0692246613390193	2.4614421754206983	2.6467639854718743	2.0224668994792894	2.690945978264485	2.7941966423991182	2.7450505867652164	2.594463850850108	2.686238723957735	2.880586679127211
F181560	-1.2662984230569978	-1.1782614404600016	0.6369910256200008	0.4441516874850001	2.163486647805003	-0.15142922806099982	-0.05184165801900008	-3.1603615170550006	0.6330882674655005	-1.0018011354949998	0.1742085623779998	-2.4883737497849983	-0.6253139556350001	-0.5576480957094999	-4.939593004500007	0.3174207830174502	0.2867554665900006	-0.22711615717500025	0.48114743364259904	0.5672373419679996	0.6785198186945011	1.4882179105499922	2.3603564961699246	2.5573583308368106	2.631130343787187	2.2181591850798865	2.4546023790911944	2.6538010730409325	1.575982039131002	2.3217930510512623	2.5862356968552445	2.531454067512625	2.4082471823348786	2.697429929517858	2.6960641637244653	1.9931851487997125	2.7766294342566344	2.6997614711033635	2.7807363212030416	2.7078795639068116	2.7030663680584395	2.953159154355643
F196957	-3.0417803229900042	-1.7126607630450006	0.08491478044599991	-0.34628956430500035	0.3077004196584997	-0.9863687693599992	-1.3597919534690015	-1.312531517017001	0.8754242800549997	-1.3237840228285003	-1.2651182822294997	0.3834059174915006	-0.6703048537699994	0.8344623030850017	-2.479940023909997	0.8245780480200003	1.3510496889799979	1.9839683571499995	-0.8821546229924988	1.7092127713650036	0.2875613983950003	1.4425790313419684	2.2896712722629045	2.6443437937951915	2.5264689863329157	2.0588876994239325	2.0407718369586387	2.522533485611477	1.326782880443702	2.182326579597054	2.2893179575973472	2.351133731933457	2.0019732464185696	2.0272611535089466	2.561226782614662	1.5753791119732292	2.654477762726713	2.6097647236468053	2.4110578561851628	2.1795756005829188	2.201528453137124	2.93851326758988
F175585	-2.375717052284492	-0.7947295830020003	0.8566801005749992	0.5540143355199989	0.657449543255	-0.7989451218849999	-0.7549632126720013	-3.588830568150002	1.8589675274399982	-0.37893768943500006	-0.6528223103900018	-1.7266923096550018	-0.8595352444625004	0.04024065675500004	-2.9071599194700037	-1.2942224050000013	-0.44176820601350053	0.12273571630499988	1.0421734624449999	1.805069857419998	0.4531024921199999	1.5166945784036374	2.341946491994922	2.5754322785469723	2.485946980366785	2.2856794501820974	2.331588496710774	2.8685043877787595	1.6049022811762594	2.16691039455198	2.4256906052794993	2.2761917336248767	2.4299118594366487	2.555061304233088	2.76825326669742	1.6363618059332363	2.4447276089802554	2.5667434095569313	2.546966503302006	2.5931431987737037	2.4879073151656454	2.974126215827699
F4407747	-0.4054887032529994	-2.7535188226949994	1.997396745225	1.9920846356549986	0.8837953768615007	-0.2584960069750003	0.16392047190500003	-0.3916174830285005	1.2920018658044996	0.3359614134400003	-0.3570554330989995	-0.1297035501620003	0.30196561831499996	-0.7986062915199991	-3.9467717711500003	1.248070968309997	-2.5829359669050027	-1.5110185637400009	-0.4599542545849999	-0.06772136945600017	0.5788210487570001	1.4390703566148018	2.048443239268292	2.468073103964854	2.567654740170375	1.9717424098558873	2.0432189265193372	2.200608548902909	1.3764394426942264	1.8910475122467183	2.1726638741167785	2.192317023212935	1.9771147627462264	2.0844068988475035	2.1788299427752724	1.7483331126936712	1.9185128520398849	2.2930165758549736	2.4228176288915577	2.494551709895573	2.6407863740298474	2.9996371606570715
F4395613	-2.000221977524998	-2.33507980451	0.5710136135	0.2761152507119992	-0.6349557343143996	2.0097273535192985	-0.811083334273	-1.7481120140900013	0.5096785238600007	0.5003125116200002	-0.8367504730650002	1.7159998143050024	-1.0846940827515024	0.23877254244429996	-3.1050658321500006	1.921311917135	-1.0587486074599985	0.61978103561	-1.3151502263625	-0.9036785074335001	0.32840182914500055	1.4411822918273975	2.250672479842492	2.582072592856228	2.563720982832854	2.158300340962544	2.204996016142539	2.2364760947628723	1.376621941350095	2.225061246832641	2.214903848256503	2.231829213172317	2.09780302659434	2.175458749576626	2.3169164329238643	1.6099953270500846	2.412323109073282	2.289000519605652	2.285536726489596	2.419233028693209	2.550218114430274	3.023969560801345
F208539	-2.0052573752550003	0.5871919625849997	-0.28012704304200026	-0.43995869252499975	-0.8262400547042988	1.7292368599195	1.5203311065559997	-1.889195204383502	0.9242295023175018	-0.3394882512999995	0.9933429496450012	-0.40302498775349926	-0.46906206915500087	-1.9867930217200003	-3.4302067052900025	-1.3323217107850012	0.12569994435650014	-0.1950489010400004	1.306180212655002	-1.3445331739040474	0.5232338274300004	1.4130740854015156	2.091562524822074	2.578362987907132	2.4369229671042496	2.0607727064276613	2.0913351754312726	2.40207441176726	1.3898020970191285	2.0670638854331442	2.5548806942642175	2.466068713695578	1.9895648175314187	2.1033395331898994	2.455650417794788	1.6180700002646127	2.3285089034138386	2.5356822792132236	2.5282301241281218	2.442584595422711	2.392550608876877	3.0412055412015975
F185622	0.3761127305437998	-0.47052028105999993	-1.2752324839880047	-1.0908606355449502	0.20662466014049954	2.052153017139998	-0.679176561968999	-6.624145500999996	-0.06505156273500017	-0.40188477422499996	-0.10907123296100006	0.9818115126904985	0.07895439845999987	0.23691542766499996	-2.6806174055650085	0.7213735495155009	1.7701804682450044	1.3323319224944996	-1.6308054359750004	-1.6046767025449962	0.38382351225500017	1.4615032372896093	2.421368893870427	2.6837074433646686	2.53888283339653	2.4454674030666874	2.495004164714305	2.74505453473258	1.884867279006721	2.7969763849546867	2.6988964927336023	2.510093762638958	2.69293418616927	2.73820029542659	2.7338039353675767	1.6632398825416626	2.6815329894531033	2.556876605064876	2.3650041102648007	2.4400144294123756	2.5319931654044803	2.9962284499183864
F624373	-4.630480287000003	0.4758757588758508	0.9354510733549997	0.32825264766550044	0.7037258109764994	2.5273253682449988	-0.34340723571449966	-2.4569925193800035	-0.0839015076520001	0.32238218561999943	1.362650549845002	-0.045350810004999936	-2.3483958173399966	-0.29531993667200007	-2.953304777371499	-0.37492066351349973	-1.793123707899998	-1.5333815435099962	-0.7393189656920004	-0.28716838288999996	0.37612601354999997	1.8253044076546854	2.675410763341211	2.712712304597674	2.679876888774993	2.49943857320867	2.427379956193843	2.7645291515589037	1.595731533366698	2.1622936411950713	2.6521300949617954	2.4892830907205377	2.308353841228056	2.417787070305546	2.8084076047831905	1.8908978978630917	2.0883093661899106	2.5038888271651674	2.521519816594884	2.661793293421582	2.690535616791202	2.9365560721656743
F4133116	-5.812262880500016	0.4593393276320002	0.4097693456164992	-0.3958114378880007	0.18925467505065005	-0.2571776799764998	-0.4774206413375003	-0.5363524647301497	-2.4067290453339987	0.9139738338499999	2.2723264460500006	-0.1349351820165	0.4575961301749998	-0.010866944044499949	-3.2516161535500023	1.7734799911550025	-1.2593574838099995	-1.444712720960001	-0.07018737388499996	-0.10921840897499993	0.49871936438000014	1.8934242111596242	2.6500958321877452	2.815947504601334	2.808201773511346	2.682583703699729	2.8185086912354267	2.762896831414108	1.4435686529221337	2.4160922311275743	2.5442912183700903	2.5441579933799265	2.430021196075055	2.5741359118201514	2.6292883446922755	1.817139513668415	2.5211880261602033	2.7132171309666404	2.6692996203349577	2.66481616429752	2.709388911588099	2.9581663410758856
F4398028	1.795524452234501	2.5908758176050033	-1.9825368878499983	-1.777228676109999	0.6936754086184993	1.0294609495899996	0.302300721425	-5.5933454856600076	-0.30554144076999984	-0.198638085113	2.557885278665005	-2.8243941347299946	-1.3009712464355023	-0.3160471975935001	1.3081985023450007	-2.771445608980006	2.3012676890100003	-0.5524268139500003	1.876622556839499	0.22305025919649998	-0.1365899854149997	1.395292224404643	2.026403528514117	2.469556742695025	2.501919502779636	2.0100559855442413	2.031284198216837	2.6434126092783807	1.5398438027924737	2.348636560723309	2.4368147460462164	2.1997537361597903	2.1926167093496787	2.4373043275762	2.6181483535261463	1.4620593202019425	2.126607983789021	2.3540874455193044	2.172512659355044	2.092541681231591	2.0774859526658416	2.997782053712589
F4373305	-3.408322457669997	0.6424536327749988	1.2373557181149997	0.7593573358056501	-0.7022511169175005	-0.02059299062550001	-0.4513940241853499	-1.9877674693599985	-0.8122051842549985	-2.195904678115	-0.9977157315000018	0.4554489319000002	-0.3771484688945004	-0.555481242034999	-2.8444432454099977	0.3920665900900005	0.8458575471789999	0.7054103434599995	0.5116648273649999	0.30811085553400014	0.3661646162099997	1.5770106590915731	2.7433671557464256	2.5724871665903053	2.589712909370814	1.9693977783730165	1.9474686461901047	2.8030753800420034	1.4271274963445884	2.5353996133340964	2.5167136137307127	2.453262452298694	1.9485463948250954	1.9583564591241314	2.805866717914379	1.6472227494425644	2.7055102717680604	2.7336107533271448	2.568622114674078	2.1204668097987707	2.03501392497234	2.8635035652790166
F4467447	-0.3500528338294998	0.9028835903439992	-1.4894346847324977	-1.429902380710001	1.6456067784699973	-0.771963107499	-0.8957991759650024	2.007655389105002	-1.36021734788	1.6854869502585001	1.4515295169004987	-2.8157288753289933	0.9967883621094997	1.145723451557501	1.7282500490765005	0.5738662481892497	-0.29179728006000016	-0.07449007073339996	0.9603582977699002	-0.12157842989233524	-0.21309198410549993	1.3844997249164812	1.7873266186418804	2.4617332866554986	2.4759268540611368	1.8491596768866265	1.7437759981417573	2.1494204694104915	1.3667934481208048	1.8244423902620734	1.9417474770842604	2.0742025457876814	1.8441774780327835	1.755710656980196	2.1415308453847164	1.4408911528478425	1.78252967659461	1.995124335047874	2.0534305919241813	1.8572080835153228	1.8166349629556693	2.997305886127021
F4471182	-1.4484332350284967	-0.26253096002549997	0.06012023755300004	-0.05935689103500003	0.10867890980000004	1.1308990483180033	-1.4032288264599981	-0.6301104577850011	-0.5486985737050007	0.5147230334150004	0.2668938589150005	-0.43619399045149954	-1.0584726233250006	0.8081612204600002	-5.4156579315000055	0.47937923071250005	-0.1209673599950001	-0.2157429157435005	0.3016996893495005	-0.030349912155500026	0.7307647701249985	1.486042617435238	2.620115399643581	2.6815653912806896	2.688653745917682	2.1190959061246466	2.042225641348157	2.1422956160292523	1.391825984304202	2.4790664545591463	2.533165469323379	2.3293822594701656	2.075703783010443	2.072392211809375	2.198207533082208	1.9121841886539594	2.768050983874101	2.707293330476625	2.6154702518430035	2.5918803013388345	2.685830586032001	2.9954156331757975
F4474951	-2.342002483320002	1.0293699036591908	-0.1623726807304998	-0.5996619399499996	-2.408930269585004	0.9345324406000007	-0.001029842293999983	-0.156997627925	0.7794768870955	-0.634119797972999	1.0015067885550006	-0.007709773314500011	0.40431385492149996	-0.5216042616992994	-2.4296296252750045	-2.057310864943499	0.22728736403450006	0.2195927853505004	2.282413206854999	-1.4676706233905006	0.4706633151549997	1.3592689472583623	2.02498825861393	2.412712127482893	2.4865605213583266	2.256799191770735	2.0989264263852654	2.2113208091215384	1.3385405153238015	1.9695624445376954	2.4584991520087676	2.3946947560663627	2.01743223289814	1.9357575529216071	2.1704701986081476	1.4869547850403904	2.2462313950325568	2.4595372609780344	2.463587642969841	2.1229526739885585	1.9925314437874595	2.8050573938383696
F4437748	0.6746103941199996	-3.1989654805349996	2.2516589907399998	2.3410541460639944	-0.2468087655595002	1.6360345922654966	-0.6466219136200008	-2.0347157680649968	2.0231289669999977	-2.7318921572049963	-4.024901633000004	-0.9343783953349989	-1.0539692217900019	-0.2719379059349998	-5.586460643100001	0.7982002847025005	0.7631084102500009	1.0688246704000013	0.9234145913200009	0.14243784691499992	0.7916347777300012	1.5351972261679971	2.197367826671827	2.6139637631759194	2.680456881884995	2.6642407698912236	2.5553211532980944	2.701542979576428	1.7256744365068288	2.2060055456332304	2.352938464652362	2.486802675506941	2.5422939240319025	2.8426844237338216	2.8306110771212816	2.0721892059086335	2.659972780531472	2.712115485980671	2.7413971023572907	2.750141689673517	2.6948623549009696	3.020959645284642
F730906	-1.0428460028750013	0.5444983235645	-0.5558746570302495	-0.7697017055949993	-0.6642046715959995	-0.6167125419525012	0.26614064223499956	0.019117758184999976	0.17629737947450017	-0.05485864592564994	-0.2699985704150001	0.014840920619999897	0.7636627413020002	-0.36383928311499875	0.06512853150999999	-0.4575416240599997	0.642865242225401	0.8602588109049991	0.5985339188369998	-0.2591709558635	-0.04414834545999991	1.3471159224503155	1.7735181433085	2.3984585233127906	2.4701719334543326	1.7302508151762461	1.7640774493986264	2.145345047634708	1.311387790924946	1.8004020649278667	2.0875299152502778	1.9741876414015647	1.7373339494205162	1.748731250972242	2.1574594616841085	1.3951696032647312	1.7990424403193528	2.0380304322495335	2.0007573047603606	1.7769015651542623	1.8073401490158445	3.0323340410868473
F195186	-1.271009964659999	-0.5474487636359995	0.16656462870005004	0.043170377157499995	-0.33592427280349996	0.9079487519700009	0.3119291869100002	-4.817572469499998	2.6914046670050062	-2.210709481900007	-0.10531587969279996	-1.3082973396813973	-0.7878678404449998	-0.3682659864239993	-0.11103472727249995	-1.9704784633800005	1.945872913405002	0.3647359581809994	1.5355148817570003	-0.18425086751500006	-0.004010588065000086	1.3740668409598233	2.059169935472534	2.545266822002116	2.378742273234043	1.9730128066946664	2.1135254639112704	2.632108108212869	1.520800175636871	2.3274285527863814	2.280328310749383	2.1775059039660967	2.365338559495542	2.5659690855725885	2.8194492133235225	1.418732169784451	2.25209003967351	2.3535076236343606	2.278749962140482	1.973348166917226	2.1015224195133078	2.867458077490805
F157376	-1.462938836125001	-2.424565965769998	2.0278877751999995	1.8759661318020013	-2.0325108669800005	-1.1627103995404995	-0.5556754408500006	-2.650370477903308	1.5294575367199996	-2.9079836468750004	-3.0521183905000018	0.16272258168450007	0.13242985109205005	0.009207229558500011	-4.875231404449981	0.7730522060639987	0.9851665590299994	0.9567438641270003	1.4288929469549996	0.984874135935498	0.6102154547734997	1.7413937755478794	2.39721337284094	2.657299795086135	2.5828388633965043	2.615440831077837	2.7061267509663915	3.0264592922055824	1.8319253841327903	2.2998643587282914	2.4808701950344654	2.502887844545579	2.7226930082861367	2.773738358547049	2.8747650437220202	2.113221747054471	2.608266262332614	2.4795745718278503	2.67057583556276	2.7791618664335735	2.9776024818066418	2.847823890228012
F849704	3.2981287053800066	-1.6141695161995033	0.9038423402825	1.3079045701499963	-0.4401000812100001	0.305060196845	-0.46996571731499914	-6.678301081000006	0.5606854466549995	-0.21867770111950002	-0.5431241550435012	0.014116350559000098	-0.13059030854319992	-0.17315108831499987	-5.156720613305992	0.6118965410827503	-0.17554740524499962	-0.3778759733659997	0.08384926279965006	-0.16329908570000035	0.8059732206150019	1.5863286693801464	2.5683613708632853	2.558243269030143	2.6688823136203226	2.401332839762871	2.421166349503276	2.6440440604275275	1.925822553909736	2.9007655771771974	2.729602105076552	2.6887112316156228	2.5376742262049805	2.649097278052227	2.7976906872491307	2.0728547092697465	2.7783022018509724	2.776243306743636	2.871588291125397	2.722388662668547	2.654325337758332	2.9618942967388002
F4414044	1.6073020961405018	1.391726708355001	-1.0225427597200003	-0.8780111561999995	2.0194210205750043	-0.08350799337950002	-0.782002005189999	0.3346031168560004	1.0034092810349984	-0.7456603012500005	-0.2906297092003003	-1.7827834660499973	0.3039249371915002	0.9282393483849993	0.8864150778839996	-2.2935789672784987	1.8520004641799968	0.9096240088549999	-0.3281163829999995	0.10956269483200015	-0.10884929025000024	1.3614481766948252	1.8172995987357599	2.4090973868586993	2.454313889722978	1.7455243394597246	1.7317199068449334	2.029444626424826	1.3144131482159929	1.825992628126281	1.9471140013221424	1.942287241650514	1.7364417570909358	1.7448773850529866	2.0479089481791273	1.3999743538079938	1.8328002123609444	1.9797460690548125	1.9739445511671192	1.7804950472849697	1.788382089334846	3.01351743698332
F269360	-1.1383934104450015	0.07489847915349994	-1.1609959305174997	-1.3782894643349983	0.56678239909	1.7163175956349992	-1.305975871339998	-6.232842423499998	-0.23202727318900052	-0.39134685917750006	0.2157290634650002	0.7016966196370015	0.05442774562999999	0.5252152150399991	-2.6803492021450053	0.3674660384519992	1.835574247259503	1.104761360695	-1.7005880846599999	-1.5256989559870024	0.42396875059200084	1.5105198090432963	2.5783569109434175	2.6173754404518146	2.5058226189542863	2.367534003602437	2.5708111332508015	2.9068570777106673	1.9369586287433727	2.7462603067322444	2.6937054101965523	2.610357805819931	2.625733153017873	2.8307629778734995	2.8783688373697998	1.7183241734021673	2.619573403231517	2.555230560058337	2.3859603418138975	2.5036647494089843	2.5437716670051276	2.8772208930851506
F174300	-1.387114134809998	0.6854119497499991	-0.098240866868	-0.2664720043905001	-1.3063441571849976	1.04694669896	0.8999182235914995	-2.2227588941000027	-0.3275278055500006	1.6155317248757513	-1.012700521890002	0.5037757478104996	-0.32092097548849957	-1.365805072774998	-1.3518141058350017	-0.14155322598000014	-1.249031528447501	1.5222089649249981	0.7826071796564995	-0.6435170217435	0.22649600606500025	1.3619801502991444	1.853392599137488	2.3399449357385715	2.3863657045161584	2.00072128571898	1.9128376262134075	2.4411658867655017	1.369732520644258	1.9062533326946063	2.176806704913318	2.1479831526869715	1.8883744569149932	1.8549911686222695	2.5849769732439705	1.4237354651936995	1.902743523014787	2.1998984182109895	2.251238843871555	1.9371103802919063	1.948074562445369	3.1229780713632325
F174272	-1.648500140565001	-0.07291840719500009	1.793303976725001	1.6098098371999983	-0.12565446040350017	-1.3519993022849992	0.4771861680734993	-4.046689958049997	1.4374082274380007	-1.26090892771	-2.1636708082400014	-1.1398503372205009	-0.8116916992740023	-0.6964186332620017	-2.2727324179199946	-1.5070159953049993	-0.3814405050525006	0.4429884502099991	1.2325163178000027	2.293388234959998	0.2823996846600004	1.436715188049372	2.3661669539716588	2.5191494017061022	2.6389149490233574	2.3574017731543555	2.2864928707873284	2.5695499033107536	1.6442065222140112	2.2092186690048368	2.319998546578582	2.520741500454061	2.5424371504103527	2.595488244739696	2.737311001313749	1.6166357470072652	2.354474207069183	2.5190416311979265	2.552675681380703	2.6023815562737354	2.5424424326086026	2.88055028654747
F205309	-0.027961976089999944	-2.4961043683050015	1.6956097438149993	1.5730094563650026	-0.34843586435499985	0.5045251327310001	-0.3798372718899998	-4.523290290999997	2.3168788503900064	-2.3438751750350018	-1.5775340587260027	-0.25891540517500006	-0.5541449337345016	-0.2302862866350001	-4.823875993850002	0.10478060689699994	0.3676116202860004	0.024671442290000047	0.3547696628800001	0.0060231207600000124	0.6658035807400002	1.4957529893188994	2.3884675313226538	2.554586156961464	2.707832474662705	2.5061678095926694	2.5159357069475883	2.6040269027655185	1.658532371559091	2.3977933533395643	2.4484015289829832	2.4993757574460296	2.6018102228946027	2.757924683923826	2.7227048159171106	1.9430108270139819	2.766907223852521	2.71834574824259	2.8792976606654923	2.645092261834069	2.7347539869033866	2.908844155689955
F191792	-0.7657191254700021	1.3834568809159997	-0.32229336318250107	-0.4237026531645002	-0.7407792064075007	0.8523277716750001	0.21939863685050023	-4.940822407250002	0.22042083041499996	-2.2938109249480014	0.6725484798619995	-0.9981840715099998	-0.7359647812434992	-0.24536424157000009	0.40153599572499965	-1.9264009836415026	2.6843968992299914	-0.1675482911717999	1.6987429966100025	-0.03749148283050001	-0.10908829104999991	1.4451311970774445	1.957989858246966	2.4046009310449104	2.4336506941460714	2.002306352947762	2.1175034670374635	2.639729283270375	1.6189251448330606	2.0542771331547516	2.2837832883625007	2.122772792861297	2.39967525208328	2.4914239460261776	2.752161075317268	1.4924607776976178	2.1685233194329676	2.2413809612676734	2.0541082813908265	1.9843848872753767	2.0869682181884235	3.0056220860332385
F233052	-4.177700858100003	-1.7500077041700028	0.42461816112825035	-0.31065572613500003	-0.05418091492500007	-0.18028402696000032	-0.2959321368769996	-3.2763521323700093	0.9109537800100002	-2.0702513517194956	-0.8897483264155	-0.3721545860300002	-0.3425133724400002	-0.26010608418970005	-4.423011620744999	0.6655534359449999	1.275684170538002	0.8560151797149995	0.7360834855899993	0.5008285506749995	0.5752765298249994	1.9517735249493462	2.269310831574995	2.671448722362571	2.780183945908886	2.734592445039971	2.762576245172336	2.8414567559302895	1.8459565734770331	2.292905979716823	2.532564575344011	2.7218013153512834	2.7253929676944395	2.7544169003840935	2.9208037621329277	2.1344998105637316	2.636296145074797	2.7157100868415784	2.6734826299083196	2.907004373773063	2.7619001839651487	3.0070078653975227
F847711	0.02334884857999999	-1.8984508086249987	2.65780264964499	2.486682063116503	-0.7165793259550006	1.1753788349386491	-0.7328605684549986	-2.8213659053150044	1.1481970404780024	-3.255410698429998	-3.2663149331724926	-0.6595243347849998	-0.7606310800435008	-0.09694947849999999	-5.506353015799999	0.7252448076950005	0.6459009014999981	0.6136150772175016	0.7282948606349997	0.05720760081499995	0.635292692540001	1.4787365813536246	2.20742149990693	2.6192877796563527	2.5807295174066156	2.537474319648348	2.5562257153092895	2.7315281786851076	1.6815308549561725	2.161104339697305	2.419120143189299	2.5299826360814435	2.659476186279181	2.760702567987538	2.8251245236653153	1.985953596650699	2.6792257249074405	2.7729893567227633	2.67703915372171	2.81164824655412	2.7002927613784236	2.943176714054709
F619817	-2.4761680925500045	0.6038871560149999	-1.1385082963350046	-1.4840793941004997	-0.0330143539805	-1.934522381769997	1.2917103052204562	0.23229069007499978	-0.8210521798300001	0.8773011130845018	0.42165993136499985	0.22188861130000026	0.9258675220738499	-1.2393104784400024	-0.5360449889060003	0.25902618658000054	0.2048979836140001	0.8952022751500001	-0.34582054597000006	0.9866834559949987	-0.001076396742000013	1.3673782359361912	1.761922580609514	2.4567860421241896	2.4477583338063718	2.0398254159385325	2.151941309218727	2.246190539053159	1.3263000839925154	1.781431484204626	2.070081962233567	2.012349699890541	1.8639727486240252	1.9639202075066724	2.225561077165967	1.4039697502614659	1.8266664669710098	2.0627585316137096	2.0091337366636144	1.988979332018822	2.0393194425634498	2.9551904311307666
F10512	-5.2075027492499855	-1.7708853305768986	0.5821564591344512	-0.27690811180500036	0.02469276436250003	0.33667078477999984	0.5485065830899991	0.5205640170299999	1.6364487152999994	0.6126815241354495	1.620802907351503	0.2862943313399995	-0.25950478911999986	-1.3782138170459013	-3.0373986378099924	-0.068457898145	-1.6723124265699985	-1.2390552832099984	-0.348743987526	-0.12805643584399998	0.31862912363500007	1.7664744583882364	2.1694857754128396	2.539465118159258	2.693224343997267	2.622854947563304	2.5779489986726185	2.958379279041923	1.4361091128869148	1.9679585166891627	2.378832534330738	2.3700782926728325	2.452197836845272	2.3877048333639133	2.812959591026281	1.7887905043326366	1.9847139345105786	2.5979647714868364	2.5612001384632643	2.5993491891001246	2.672700921099281	3.0223247425195185
F4425663	-5.587101885249999	-3.1113119129199904	0.2659991343000007	-0.4319838271899999	0.14619763123499982	-0.4924934803850004	0.46397992486499984	-0.3898350975920008	0.6107805377328015	-0.29442829491500067	-0.5117690852775002	-0.18372850763700005	1.163164457294201	-1.3311535688249998	-1.1463414847250009	2.3519124080554996	-0.2996766837779996	0.9515215859307006	-0.5417571383900003	-0.1451767989025001	0.13558009381300035	1.8130045884527102	2.153389695127462	2.596322670822573	2.73520568520811	2.6684744494596306	2.680892295281159	2.894540479032648	1.472610308158876	1.970409105192879	2.3064841084159546	2.281228854427896	2.3451797304201314	2.395019252320301	2.9057565558347864	1.577387604778558	2.0688904168982467	2.3853966553890014	2.3995647677084704	2.3789312713109103	2.4167313614337136	2.8648439852559053
F4387488	-4.431618549467496	-1.2392230617100006	-0.3694699864550004	-1.1244342849989988	-0.4873277583299992	-0.12277920409499997	0.27111577260449954	-0.7444663694150017	0.6540688200949997	0.05842184729849979	0.6754465245100002	0.4498890148500002	-0.16870891134549973	-1.3386718565500013	-4.795528347920002	0.5228848553377995	0.38549346991200045	0.1668409029599998	0.2604771410475002	0.17145431195500027	0.6814264682010008	1.8502578824101883	2.420264330509192	2.6437544865480698	2.793246922647528	2.6266933369146614	2.6064486172615795	2.9215270711942267	1.4593788458691297	2.290572304110621	2.435679015155874	2.5511673348882615	2.434191206822951	2.3846443699823823	2.91250908679792	1.9906867951694853	2.598202645355314	2.747762396821696	2.6858558154551786	2.6705788132503225	2.651059597234957	2.8892755391974503
F199681	-3.635228723100004	1.3631857946040011	1.135351197695001	0.6543779392784984	-0.33727703580664964	-0.028521333672499986	-2.070266009069997	-3.546053599505001	-0.3379362892985003	0.09234539087999982	-2.758256667499998	0.4435269259450001	0.2694119190850001	2.0293390306144965	-1.597120398925001	-1.2569324585449995	-0.7049822728850001	1.9710462600099998	-0.4035779806960001	0.029293844160000096	0.24044554343499994	1.6333789460483799	2.6586473496057716	2.6504319122234774	2.6390087332940864	2.377312741911007	2.461446878971625	2.5103618761664315	1.5458435958484562	2.4904929542257848	2.5686541092159634	2.327200904895735	2.6131336113071897	2.719701848448055	2.462538803218472	1.5577332531649484	2.486069596264888	2.4123295884277436	2.3552435419745317	2.3324032452806724	2.4416908378663074	3.0474327309407614
F339566	-1.1800533583940003	1.1441239593529984	0.010338915420499993	-0.07023756412000019	0.18545328010270043	-1.119767960430003	-0.145806660842	-0.5146521944360003	0.028141142380000064	-0.4892318455720005	0.29254226934549954	0.5621820390550006	-0.8573163245300008	0.11878980527350025	-1.3832549824049998	-1.305377126037998	0.31914570722999963	-0.32377860811449977	-0.9686627653800001	2.0418880221449958	0.14868595571649987	1.3492810494350949	1.7973731598291824	2.420483414961129	2.470284177082424	1.897661904021975	1.8654690101323994	2.2146154392581003	1.3139706478513	1.753416735057595	2.097815300970082	2.0881098073614486	1.8741613529567442	1.8557337975188133	2.2273792337813036	1.398066960173756	1.8497141544057722	2.181815668430492	2.129562023350727	2.0857649326205046	2.0832135623561294	2.89675336657934
F3994832	-1.745913187044998	-1.1147835206850003	1.4820053167474976	1.1602287202499961	0.8147603776360002	-0.40188938344400055	1.0887146892249995	-1.961562892729998	-1.0293210557849986	0.41216022195249846	-0.23917041325000019	-1.9464082287499984	-0.37888708431999973	-1.5308364836250015	-2.8148936804599995	2.071265627514998	-1.9259713133989984	-1.0996486386550004	0.978404556782652	1.0407586520239984	0.4222949941400004	1.4621427803609106	2.30120596254418	2.4482198392919488	2.54523101442743	2.246587327282048	2.258870928918711	2.4388334365989346	1.4540890599250393	2.0952317995836878	2.2541849776034817	2.306163677620792	2.2926302241796614	2.431128845416419	2.4623921155407325	1.6239632888921536	2.355820280300257	2.35246362692575	2.3875541138444896	2.3701918423667556	2.3695287011602613	2.967052771340408
F110723	-5.315065389999986	-1.704732193095001	-0.003468501764999966	-0.7018473420749999	-0.26978485925999957	-0.1045492594499999	-0.3415904704849994	2.326924458295001	0.5601534462949999	1.8845372404099998	1.9696769887170007	0.3019737022959995	0.3072746331699995	0.10977249512000005	-3.2299873964850043	1.0771933706500003	-2.2681727466249963	-1.2489271255450018	-0.20124824820000017	-0.1058988784855002	0.48865836928849987	1.7675289836245114	2.1823519713418116	2.5118175849417645	2.616287043621781	2.5721574130938087	2.772424214064526	2.9098319067301763	1.361041075164132	1.95482462637214	2.313169942742706	2.3801455053195024	2.3728251328083543	2.40872973841723	2.490549271012294	1.7551583832282254	1.9632084592155987	2.3260102415808643	2.5617415222194024	2.5658684087677615	2.6569097187302506	2.896776857503842
F179487	-3.0839701535499993	-1.4537969645699995	0.49696816346499983	0.05562496764999996	-0.2880644717495002	-2.473595691934999	-0.01237827139499997	-1.2611653760395023	-0.5547045051849999	-0.11529343536650007	-0.26142035957149995	0.6680508073109986	0.8394290458800002	-0.9704313490459995	-2.455165164099995	2.0873863140845033	-0.5709993056850009	0.39160251570500004	-0.5361723463695005	1.5599360339149981	0.3430531107000003	1.5198417206729273	2.0435815165250424	2.4656350221190086	2.3829408493603816	2.073110686732735	2.223935200041147	2.8451915589945465	1.3897050888130271	1.9669165038691887	2.201264959543554	2.2783370614850673	2.0338314992915136	2.0488447038407847	2.679107992265725	1.4799371577325195	2.279314460563486	2.367174244507972	2.3833811090679133	2.2046440589343663	2.2171003120705715	2.9459495001402187
F4469233	-3.845802879049998	-2.1961903155449978	0.4300130421814999	-0.0896195401699998	-0.060382014980299915	-0.06132756141499993	-0.2212325805599998	-2.2857580095999945	1.2799552314299985	-1.8785912302750019	-1.5725646088800014	-0.7764130010199994	-0.47743346055350017	-0.42247252086389997	-4.53452323656499	0.8415632145639984	1.06520055105	1.3127308454349962	1.0387946084749993	0.6175088708299982	0.6985315483700016	1.9676717877144965	2.270824317097889	2.732380534216211	2.8518618214455813	2.652390149031169	2.8682594285192047	2.840959088127655	1.8088504956954197	2.1913226710992313	2.45612390364974	2.6207320848492235	2.8149302943003325	2.794222279532766	2.922233698617977	2.1185020845791	2.58961713654872	2.679800217615929	2.8182237203773313	2.8705671839570273	2.792624080548048	3.02827245856637
F291117	-2.8602163847050073	-2.6460593838600017	0.3718487079149998	-0.07436805459500008	0.2401458647699999	0.6580387717450005	-0.57596760224	-2.553844316805001	2.6644128960500058	-0.8402209375735004	-0.76841745853	-0.1252157420099999	0.5460659462345	-0.62468063998	-5.098719689670005	-0.033492054515	0.5491033127320001	0.48618442380499954	-0.051932776734999936	-0.5889110351150004	0.703296794724999	1.6505690149491148	2.3677089308925843	2.7254764001503453	2.6387775192827543	2.706958892424902	2.559004255723798	2.710997892192531	1.55061982507179	2.3768513827558877	2.4753334325855905	2.5898822360405247	2.610404208941021	2.542160857349924	2.625347413171137	2.0135129861080214	2.6973692963779428	2.6406473835252715	2.771991256713405	2.6857358658453645	2.6899809114232007	2.811688726809455
F2387797	-2.2649693237849995	-0.338514330239	0.7655605235649994	0.43058656069500034	-0.6353160895262986	0.7729531902249973	-1.4748507555400014	-2.312300623299999	1.2256086345650006	-0.217795529725	-0.7749483776999998	-2.8165305684499917	-0.278940936105	1.3635429109350006	-2.0560619576750025	-1.0810415187299998	-0.42639396773589977	0.21948001215699955	3.1148661661279977	-0.6191117496649999	0.36462736247950006	1.493333924929056	2.391904435542444	2.6267672446402996	2.573004457845074	2.0443547763294405	2.0752678069326334	2.4310027627373083	1.450194764797026	2.3209217566620546	2.3919501883193304	2.4099656456414937	2.1499758652228103	2.3583158701538096	2.4436619573489256	1.58719466749731	2.461844675111748	2.4894799783191286	2.4797191396756166	2.159626840208663	2.1208904302098137	2.9820868068043986
F73753	-3.698159782554998	-2.6898595780950014	0.38322275344850065	-0.2229510087060002	-0.14302117197999983	-0.22282271077950006	-0.19752372156199985	-2.5205577879100045	1.8473898775100008	-1.1234869733720012	-1.5991367621595032	-0.7265418122209978	-0.5629364747154992	-0.3073338644628	-4.425102603800004	0.5919838191349993	1.0080337084100008	1.320089506680003	1.0131738476999983	0.6374532439200002	0.7479973506899987	1.9035146609491589	2.2992124694787464	2.6931811061190127	2.669059450473576	2.717466047495594	2.822864124411224	2.8259261959421456	1.8092557239064861	2.2162341526121723	2.5177834386856874	2.5669857450958378	2.7367100235595267	2.715178555454938	2.831044120705507	2.181883420093768	2.6296741197764137	2.7150733082956346	2.7859396918412695	2.7673861054288214	2.795596483099107	2.96485255522795
F4462739	0.05798067653000004	-1.0480070939150015	0.4170736970769507	0.6203541467399989	-0.1875374716545001	-0.3118497152500002	-0.5582905741850012	-5.958740023499999	0.3720431872500001	-0.18254203624000004	-0.305011428915	0.025244351859999962	0.06957177750150008	-0.1589812859560001	-4.633057267625011	0.36466752640999966	-0.1684495721279997	-0.19223194164899987	0.10369814178500003	0.1499624841899997	0.5273877137354994	1.5105112607648796	2.6415412246890155	2.7783276803315857	2.6921892293715315	2.4805700051201396	2.4546218075557045	2.75117958024441	1.8805904487730318	2.808323221728603	2.7198572904311926	2.6317019613605668	2.5709152329627494	2.635762613760894	2.738182074200528	2.051533108251648	2.71191620466155	2.8325341116485716	2.8300356451213835	2.7137543874917047	2.7693971576582763	2.890923000096115
F4447950	0.3826022348114989	-1.4773763311950006	1.632857873685002	1.5181350946649987	0.13066634540649996	0.7680050309420009	2.195453298626496	-0.7332918128429996	1.533179672845	0.24596586266950032	-1.2729839207050018	1.3370564056105005	-0.03809484243499994	-2.858026242244997	-3.716021053394995	-0.06272878291999993	-1.7379836126950026	-0.06618975984500002	-1.4914527761399978	-0.695002606873299	0.44298622536999965	1.4142499558513146	1.9036020489889578	2.520965030376975	2.4973302586736126	1.906037891350485	1.9349823133187323	2.312138412812015	1.3775320636356259	1.7922705156147392	2.1997936293188816	2.1425030896089012	1.9206317277620875	1.9177805605929585	2.3863353531226843	1.567799930065008	1.8355239494474143	2.218339376012638	2.2723523333373694	2.328530801698241	2.425809976182971	2.9087737231488813
F186130	-1.4590814014885973	0.040901558614999924	-0.9884088350550005	-1.2674923141949987	-1.1982174422549994	-1.8150409319450003	1.2567968835399987	-5.150923942499991	-0.10819346505500009	-0.20279509684500038	-0.19360802668249988	0.72492913817	1.7420277635049977	-1.5860162290000022	-1.9940292028250046	0.32450051026800103	0.9979440691399988	1.5473125833655008	0.5850772480295007	0.20842734511999997	0.18404687602949987	1.4987057212116717	2.5458556191082233	2.637012959307844	2.60908102367001	2.204247706122005	2.245329678060885	2.4672782229991177	1.7556485089055724	2.6828980435309924	2.7762054478649376	2.584585156908025	2.4705325080626954	2.3740124498068957	2.504448904591739	1.7051418523445636	2.8397434757514146	2.658475746963949	2.5154135501877333	2.2136336527124327	2.1848715163334544	2.9392286390419455
F158458	1.2385654188099984	1.4933531840649983	-1.5831599481849985	-1.2655189923800008	0.15911346887049993	0.23518959354999955	0.2559556766349999	-7.148116184999996	0.10247434948450006	-0.40446323922499955	-0.07538637730500007	0.2868617840300003	0.04229993654000001	-0.07632076359000017	0.5045534819839985	-1.6395556790999957	2.124071714779999	1.233374481770001	-0.4163647636980007	-0.27543807947767057	-0.048222317558	1.356858690760032	2.1215358915807996	2.7201862467964277	2.616037139500654	2.051811455533968	2.0037357648733365	2.6213615172943676	1.7801617082341972	2.670450647357804	2.598257728456039	2.527771471016841	2.569659855276287	2.5529688598679803	2.6770620986079683	1.4033485896810034	2.251038148431973	2.396919877023922	2.338379041919148	2.0546661660782415	2.017894052809629	3.012899984819725
F4296764	-3.700728336335	-2.9813370619499926	0.25837405862000007	-0.3365588006599993	-0.25675223199000036	-0.15350022003500025	-0.20953807080100004	-2.787715206900007	2.0341644028999997	-1.80603764635	-1.3740200919079997	-0.6524076919714995	-0.4558789409969999	-0.34766458256000005	-4.495489205799996	0.8504047709199978	1.2521785020374994	1.221883108105001	0.8876996927999999	0.5378187996182506	0.5791785086000004	2.031732149988299	2.313587580051698	2.7043885963029743	2.6814095266874425	2.7572173081081655	2.774323081318338	2.957710502387031	1.8438463237937708	2.2250285870999154	2.4989129199781375	2.6798430085316545	2.7235833735464454	2.8044353949947767	2.9489271361274754	2.1206766902183616	2.665828682766953	2.7069031270938013	2.7115109296060864	2.8421530578475105	2.8718747514110046	2.9945559816911107
F4453976	-0.027763428385499975	1.538688563275002	-0.44555994914534985	-0.4560682171199995	1.3196309211960038	-0.6769762197750002	-0.8704997334250006	-1.9539256868200012	-0.5675768367264995	0.28782879060000005	0.5905189861599986	-1.2023198385205023	-0.48717084751899953	0.774539377804998	-0.6245998448630006	-0.9201885174200007	0.20828888247665045	-0.06774234872850007	-0.07785193869100003	1.0171150675674974	0.07973397960499998	1.3496535176831568	1.8030747461886019	2.5315705397956667	2.489167009764802	1.8060507176396106	1.9172863859399962	2.1575899632183835	1.3218606383659735	1.8772007947597875	2.1486447682906444	2.135238399878003	1.8222943811121748	1.97586135609857	2.1692142980637135	1.408724349222285	1.8729250109998778	2.1193774513809163	2.1232846198378663	1.920563512783513	2.0940591483160484	2.9572488860703756
F178151	2.906580751659999	-1.8346937829639973	0.5376196202750011	1.030452428810003	0.2712199965129998	-0.06520232696550012	-0.5198645381555007	-6.5503543389999885	0.6084969964720013	-0.32488022867650007	-0.541948703275001	-0.14220665369149976	-0.012445754450000025	-0.19447539168750003	-5.064431330549988	0.578982443464999	-0.1714863274200007	-0.27781274434499975	0.0024139547945000455	0.10730022070149997	0.7575821051250006	1.5125108226514985	2.5696624674602733	2.6604622511963174	2.7981683313596037	2.4214919855604835	2.3586055746467394	2.476477743183959	1.8738038908475838	2.64671544667709	2.7849539382491026	2.6450839011215694	2.5950986971253385	2.670281959881403	2.6670150045117405	2.0352149211891426	2.791065642509075	2.7644970232120167	2.7919547267196436	2.649200067657224	2.6231599103868968	2.943678422315278
F197890	-1.2416244624950035	-1.0227086647199994	1.6164775738185015	1.4195527805749983	-0.9113263037850011	-0.49646014744750067	0.5285736275920805	0.3494665177144994	0.15980882398200053	0.836725910502	-0.15371079595565001	0.9352180295250021	-0.3027529529319998	-0.9893260748284998	-3.1004189123450048	0.7783609346950001	-2.5236327638784943	-1.107175993039998	0.2184115718850002	1.0316100308329996	0.3869242447473997	1.3765828225852086	1.8604469747460537	2.42247625662127	2.4405768706738957	1.924152542824662	1.8965671376320294	2.0365996105232473	1.3255482649601669	1.858136131166107	2.169543232981201	2.303090788031473	1.927876135775679	1.9099796025398996	2.010896978982544	1.5650815363824635	1.8437218340418808	2.2795103916500095	2.4779590161637617	2.4720706988804415	2.358610384891291	2.9123030225116397
F190864	-1.6381553634099966	-1.9606423080149995	0.2705807997999998	0.01607952926099994	0.49512266221750073	-1.0015104921049982	-1.3445198853380003	-3.0307076323000035	1.1683569465245018	-1.0187160848974524	-2.1303424078965003	-1.2562538794749987	0.12815528116400007	1.340318323595003	-2.2657875428499996	0.6801198864900013	1.008318271323501	2.200387056175	0.8592035631239991	0.5707097693250005	0.3469711645000001	1.4509800271485371	2.3822633990757693	2.6327201119477524	2.611359302455646	2.055601777559132	2.072939201259158	2.4642035999722522	1.4114456304095393	2.361930047738278	2.3875356357528474	2.3234219650014145	2.300715617550738	2.467845687201865	2.473935565266023	1.5823168397753895	2.7158592388471465	2.64486000556125	2.3423687416478356	2.131876976942023	2.1456516932770873	2.9784176500769863
F324015	-3.9249220588000084	1.2722461207449998	2.181106553714999	1.7074533296160002	-0.22902483244500038	0.11821609905450015	-0.09971790185000005	-1.1547503873949996	-0.46061662153	-0.21252178231500005	1.2630164948485016	0.9532152104249996	0.005219533039999988	-0.8312521279900001	-3.1773774341499927	-0.6389630941474995	-2.6371220396650004	-2.502246210195	-0.6088982740299983	-0.33265591934	0.3406090634799997	1.5488571457813962	2.557612968981533	2.5116241386611633	2.467031860513897	2.14468267755216	2.184766858324161	2.8599132582827678	1.3800596306115194	2.001816381107707	2.472924352528047	2.424803448043931	2.1258726863527673	2.110481782628493	2.8756808678955683	1.8132102152291152	2.0468253207684017	2.534792295840897	2.555973298366925	2.5406381203660295	2.5781276332167495	2.9393992721866433
F311947	-0.6434857769510011	-0.7600103929849985	-1.3578315747500018	-1.438999835094	-0.9601970981649999	2.169208873665002	0.22658954835949988	-5.747231728499999	0.11385810293500015	0.1411812527855	-1.0514601668365011	0.13119853961799988	0.07456537026149992	-0.36288746126399957	-1.5957220748100034	0.6166370013974994	1.5325321313250038	2.3381681532290015	0.5752854957349991	-2.301605664721002	0.2569109689723502	1.4898959862508079	2.488186240638865	2.7293410282371995	2.655784089892427	2.203290060327142	2.506023753688079	2.7299167622433846	1.7610029027573346	2.627980410883982	2.6284079044627475	2.3603338955581843	2.513861929569346	2.6483836703539585	2.6467709652268363	1.6274984902637397	2.645331964037183	2.6334537806559326	2.2449091389896734	2.152966277965725	2.5700797585270823	2.9875908453947884
F195512	-3.8079064394045044	-0.11431885752000001	-0.457400587635	-1.0276150000500008	0.05939588304350004	0.03654015668064997	-0.10540721448499987	-3.35540817385	2.620012532965001	-0.26339348111600003	1.1775536171100007	-0.7762071774949993	-0.3401161634300005	-0.290957453405	-2.968424092749998	-2.4057100026899496	0.7999048669100005	-0.46955144331909926	0.360884807993	0.4024184054000007	0.4001440845400004	1.9084814479571768	2.2016162092585416	2.6037185229901496	2.6609432556258685	2.7670644243169074	2.6795183155254025	2.8203636825952763	1.7448041698740924	2.325614148793543	2.2289530014138883	2.3635885449281218	2.677718703345061	2.689526572554186	2.8661820007322514	1.915603182096879	2.2302912075185555	2.196597474358902	2.4607949580775426	2.750443396546064	2.75811423809778	3.005836875343079
F2066056	-5.260496246999999	1.3159366236499983	-1.2972653998859975	-2.060702136540449	-0.7564138178780002	-0.45930134336500045	-0.2943590265645	0.5524578256755016	-2.361065661865002	1.1360612505870016	0.8746091508649992	1.1080155018028015	0.36649355043149984	0.10415416719999997	-0.6042920280600003	1.1109940313050022	-0.18047746767744993	1.2587287585230014	-0.07240475723749971	0.1646720202640002	0.029644904724999973	1.6786116660130042	1.9631577962601052	2.5316349830675846	2.5210205429350534	2.565508205843298	2.6865064128652287	2.698454305838242	1.413064146996045	1.942080422311981	2.386703322518892	2.328974141532562	2.0619351113596722	2.1589952210003927	2.633164451622826	1.5203458722154295	1.960470564611904	2.3162745716552497	2.4214753654808088	2.0942584643080204	2.192816136589448	2.830480922243432
F3127555	-1.0046585629469984	1.7981754894744997	-0.9554192620829998	-0.9345465062890009	2.041406529074997	-2.0957224789500053	1.0529198445200012	-4.210811602799996	-0.7078938172999987	0.046362897780000016	0.12487737069999985	-0.44889440927100066	1.295523787036998	-1.272122342220002	-1.5963854099549992	-1.2705092709099968	0.5820159750750002	1.2846081116050023	-1.5980185900700006	0.9596498258495002	0.30536731998399935	1.4337339577434192	2.0918027853526646	2.4823014139253066	2.5133012244360677	1.97178476643102	2.0795604973430284	2.4716132134070703	1.5435129529555298	2.3971880647058805	2.449974039291044	2.522263987117191	2.1867787812189023	2.3256224919572794	2.452521029457444	1.5212211744986386	2.2665860283819623	2.4833213268843437	2.4882087083474675	2.1335111396092277	2.2975053807976527	2.8629748218875184
F1105751	-3.7773086526000017	-1.1829248281032991	1.6765261273849974	1.228033672047299	-3.5298698199704956	-1.2751792210300001	0.272328126775	-1.522783640403002	0.9785369298060012	-1.9411109195799998	0.007050972184999982	2.6117621763749965	-0.00019503750399992503	-0.9241752770849996	-0.5486229328150009	0.024562887070000032	0.2836151734459999	-1.144295221475	0.7541040882245004	1.4749511648064997	0.14749607416000005	1.5443309885912198	2.0988771066855048	2.5710243020541745	2.5969699646361786	2.144992808493521	2.474385231068736	2.8056277590666214	1.3815573180281764	1.9474302239371102	2.218104964991272	2.0444119623122603	2.0360812327621125	2.060541359285238	2.729818489011363	1.4422083055658472	1.9262479953574374	2.1739625213245355	2.1264752337014	2.0702408996909147	2.1024384326056	2.945450289202818
F308631	0.17551981004999986	0.2510243836250006	-0.1212593827122847	-0.09779155884599973	0.3686267287059996	-0.6722525672399988	-0.08863482389500002	-5.757650047499998	-1.9191125383625038	-1.9828229256049992	-0.5009150757875004	0.33391575221750075	-0.19673796466000001	-0.15576237855499991	-1.1109373454860008	1.4395160173855006	2.4440166650300075	0.4033057265417002	-0.8888911220500008	0.9359122407500012	0.2058625238000007	1.4332085779149226	2.3535299062292188	2.4954074535409716	2.4749216277774484	2.1635973470296728	2.149232798873979	2.652572388271953	1.7341148820309031	2.4631414978927553	2.4856542155533132	2.537108854971008	2.6587266857466205	2.742799179824651	2.731124549785564	1.5748205491602336	2.605006695378851	2.48281920601344	2.24181075341461	2.248092923888215	2.369100328073033	3.0382201104339432
F197517	-3.751571792540001	-3.0213072403600005	0.3289054046850002	-0.08564880502500001	0.0794265967079999	-0.23361676021000005	-0.2892191157900002	-2.0481805642750004	1.9619683672000028	-1.7050590826550016	-1.8527010314359975	-0.8658293245	-0.5094313575844995	-0.3611342917870015	-4.647050422900001	0.8780813770535002	1.1818196615050014	1.4891150210379998	1.1131242096650031	0.7538738022979988	0.7460330984395006	1.9806915507162204	2.3538592748240577	2.693339646145505	2.854379414711387	2.7709785944434846	2.8469178277455875	2.861055912725838	1.831114281058091	2.2544355932353084	2.570051074253012	2.5360963985041662	2.747460556662305	2.7744957862529196	2.8084115239277487	2.1924133768558396	2.6304840096204574	2.6902829666189314	2.732316515561878	2.8152023268925976	2.836491589940565	2.9153652420984044
F315589	-4.818242905199995	-2.115823836624996	-0.2712374472449999	-0.9433583237884983	-1.2957097451700006	-0.06095203596850008	0.3629902935355004	-2.185336149325001	2.254256660630531	-1.112428819452501	0.03663285645500002	0.9048397341199997	1.3378774449499995	-1.126324148294999	-3.8220207052050035	0.2896822617200002	1.0580143330059995	0.8812341989554997	0.8307572572399997	-1.4265341659500028	0.5391546838050002	1.8900453376539248	2.579048292642092	2.7348531760855135	2.690855237753448	2.661934489624178	2.552805171371306	2.8280684651297587	1.5473611530434657	2.4860604297079694	2.590301314043616	2.6108466309187057	2.537675838227542	2.3378223456063054	2.6838106222806184	1.8019451424344481	2.723779530269012	2.755032728248295	2.760023341512295	2.5447861287840694	2.4878836709653473	2.967868979095518
F847934	-0.8345145837065007	-0.2651381012534998	0.4326369022250007	0.4906847810834988	0.7122632134450001	-0.7127770519699999	0.06143489492999998	-2.806026977926502	-0.9092763827324984	-0.5706984157860495	0.3870569048499991	-0.9115140014450007	1.1510225207199982	-1.2138161149500002	-5.489344012999997	0.6908673179429997	0.05846330290599992	-0.4303871989349995	0.06712174248800003	-0.35785891927699864	0.7938555948400011	1.4391237232663743	2.5715514846479217	2.5972215818364828	2.5754207707165953	2.2341930312552294	2.1370642720704316	2.4707313573005867	1.477289036676606	2.4907561951423904	2.638529165029203	2.5403881723820643	2.2088639492044018	2.191778659018502	2.5341409966577046	1.9490722493351673	2.865878725250399	2.7694353683447526	2.6926389474200105	2.695397567558975	2.66484187164064	3.0158266148639763
F4360128	-0.7289393553750013	0.31600198887149916	-0.5505135599235002	-0.5749268521219985	0.5104538725550006	-0.7294243247145006	0.9906806974661494	-3.6376473109999923	2.3475703843260014	-0.3616464274650003	0.37232470141000074	-1.3313412277904995	1.5382893674799956	-1.4670182870793491	-2.0478508330125007	-2.5686875432139997	0.3322920552905005	0.7345046494414997	0.5594155814600001	-0.9052471014045003	0.20390154232499985	1.3679438019064445	2.0350433128835452	2.41227913687687	2.349011448722918	1.94006092994867	1.9227279087397389	2.356409049725161	1.415494575203323	2.3469175156784408	2.48826572816488	2.3044334973851757	2.161130248616702	2.1352930840047333	2.5013979954177477	1.4832878303076642	2.1943890042339667	2.497507046555707	2.4585317720450344	2.0684867709722523	2.111458890577381	2.958871490854974
F4477479	-2.9562134096350023	0.003275088493000042	1.4164575313000034	1.0277666372649996	-1.0657676353549999	-0.7092106075599995	-1.2715237664700023	-2.3938274708299985	1.2769334954099978	-0.8932722931699997	-0.24364712657499993	2.0229674194299982	-0.38742295507999963	0.8049705798004994	-1.6749901055940029	-1.3587788756384984	-1.036307025469998	-0.4090319330834999	-1.0785040860904993	1.0565742982599986	0.2617868229199995	1.4484313508909263	2.288631945489612	2.5798241246094546	2.54070622453196	1.9371366440202458	2.081004940985563	2.5544968408792053	1.3983455658646928	2.1814926976991496	2.3595084565820645	2.41719006825509	1.99378569073671	2.081984202219288	2.4866590909452015	1.5138824618883973	2.1184172963675327	2.4807546121673765	2.385600143127098	2.337419782960478	2.247293623953241	3.1056016992854216
F198102	-2.1756019988749977	-0.8867501890399992	0.6938605646049982	0.43257517941499973	-0.3536107416462	-1.4667332427950026	-2.5825666244500014	-2.4933307799745	0.5604952835119995	-1.174051581013501	-1.3651185741699996	-2.1366599448929993	0.4320113083835003	2.326749159909501	-2.5447482349400024	0.37751725186500024	0.5074917514049997	0.8551477017550004	2.7179540907654953	0.9555492581359999	0.47079945762000003	1.5278690272566002	2.428279069684655	2.5551591147158446	2.524784710275759	2.0983335260002556	2.146029091560954	2.538532511330298	1.4853341911590319	2.3418702416556356	2.4185647284329943	2.415720227651273	2.2732224032272943	2.3749513485595686	2.4238786276398048	1.7917438283336033	2.6761502347692683	2.7797387552235007	2.590010397399095	2.3893244335117725	2.1941986772648288	2.9673880206519123
F364341	-2.416746997921	0.9541175615099998	-1.8729497101814985	-2.2927129108799957	-1.8219625863535012	-0.9467088621250017	-0.23876524892149978	-5.156819878000005	0.49502157300500016	0.5042728147965005	2.4390774625850025	-0.9001606001400011	-0.5003796251039505	-0.014145100505000075	0.20153227568599966	-1.2770366049099968	1.6059257511589982	-0.09751180281829976	2.1553612333400007	1.5187147664249971	0.09127943433499996	1.6647560913889992	2.200249286102437	2.5904826814048665	2.597295562765895	2.359430135987287	2.6987514791777016	2.9795106954988264	1.7017427952422688	2.7135234935668824	2.6467967407464412	2.3463799065017987	2.4132764762866334	2.53720849298029	2.8202714069613934	1.530570334765134	2.331560479037193	2.4438148399280335	2.27148090378412	2.299883585565274	2.4516769139556707	3.0860062050882964
F188348	-3.3715090928571554	0.15268724083399995	-3.2809950391900005	-3.7842870906949964	-0.12382143850500006	0.11782535099550004	-0.09145069510499972	-4.571084278099989	-0.18490938066500004	0.3351448063679998	3.4112392665500018	-1.4296209857649993	-0.2678475525200002	-0.2133019468550001	-0.4646132921290001	0.4728304439200007	3.0520645067816012	0.24581370227499977	1.460659960698	0.13436649624949987	0.04895037451599989	1.7554535403233942	2.6168245990198495	2.551770566430588	2.631536468601973	2.5700391772887228	2.7166702385656465	2.935747328767618	1.7048443281587298	2.824573016634597	2.5900064604397484	2.2886057231007224	2.3819902425464314	2.6718781402575917	2.866169455592677	1.5987779112475378	2.776528440416295	2.512939313212856	2.2482082246295274	2.288223207079845	2.554286746403009	3.1776505553940573
F4448052	-0.25849157277000023	-0.7778269618099986	0.750859557829999	0.7199602655345004	0.45349732687449984	-0.5173228069019998	-0.6161003911780005	0.2569308590049998	0.5023020952135503	1.1986786991650002	-2.383411919475998	1.6264825768240003	-0.7879300925379995	0.25070356027550017	-1.525597945516498	0.2166656159399999	-1.9360934623849986	1.6545340905799948	-2.190207785985498	1.341745448255002	0.17690245140500002	1.3604861998733384	1.7825158075709953	2.423925216734001	2.371506673924146	1.8742501625581165	1.883745142992481	2.0675093753298963	1.314368188582849	1.8045686497704734	2.1195318005422243	2.11918266839849	1.864792441939135	1.8862551426657455	2.10914161251866	1.4068323800044085	1.7937215187669502	2.0933466604032276	2.132555912289189	2.1148948542945782	2.117497713398991	3.051097673095511
F551419	-1.1449776492169996	-0.8144273410399983	0.12599538902000018	-0.05811879583150018	-0.9423907391149988	0.37999216302	0.8576848150399994	-3.749584574150004	0.5132985843300003	0.38437658968499994	0.850979094550498	0.8763701717850009	-0.2143670829875497	-1.7038120829811472	-4.885145939944999	0.07104038774499993	-0.39294661789800006	-0.5619444508500006	-0.019639545526500015	-0.030860462305500016	0.71834176062	1.5196434926880173	2.655495708953786	2.756883164576819	2.666246790260955	2.183767132581417	2.2182623781349715	2.391169617331101	1.6570310358510794	2.8045202326400758	2.7573879020657808	2.4420702141342456	2.20182794240318	2.2052443658486562	2.4174211330647095	2.029184699667183	2.6910300791589363	2.759840253604456	2.7172152574671475	2.5660116846318193	2.624107947822088	2.9836312802134817
F2647328	-1.2004494618624995	-1.5614786101049973	1.7344964954800004	1.4781081319899994	-1.850208399005001	1.9507346441965008	1.4988434459349989	-0.9555772703749994	1.4848063006899996	0.26047020795499964	-0.11144390157000007	1.5955009891349996	-1.8553967000274996	-2.104364047838001	-3.980562566750003	-0.05473497478999995	-1.8990992885850002	-1.3374476930249999	0.02757110202849999	-0.1104227653000002	0.55937120508	1.4614990506499037	2.142219175939901	2.569843742073183	2.5217330489145553	2.188473677634205	2.168520289276899	2.462227268200804	1.3882419476137484	2.0560046386020345	2.3858966221358195	2.3226687596576023	2.1555827756428187	2.28472382757647	2.5461597668195304	1.7865934798721967	2.1271318088498967	2.422137791038208	2.4929954774333773	2.626553136967922	2.6104012798675518	2.98720728893432
F2291414	-3.575946756550001	0.6358013076700006	2.124065549194001	1.6325197536749965	-1.5854281357349984	1.0128808514995022	-0.3092814165299998	-1.1152998924569981	-1.545643473284999	-1.0109371199294996	0.755636451899001	1.4121321447049993	-0.8879316667750006	-0.8541159385149995	-4.157800437719998	1.2056379488349969	-1.5385874631526475	-1.9372167728699976	0.11172313257500004	0.05499036795565002	0.609985796796499	1.6343535354771441	2.638221196844206	2.567087581631411	2.598827388068479	2.22183008341981	2.3554460837579376	2.7682598430203784	1.4755872452599985	2.3029591610378217	2.3513379119408833	2.50674039580764	2.168408609351242	2.2792569189964347	2.8219189530802873	1.8000377612689469	2.5244946362130802	2.46235402083314	2.4184267525667664	2.605734894334393	2.715189130468654	2.9125832771843956
F174184	-0.8928772231585003	-0.2575050890899999	0.437233212824999	0.3648263272999991	0.8052199612390023	-0.46466558996999935	0.4466305689225	-1.7089868424450012	0.2534405963464999	0.5085428200959994	-1.5633099071765004	0.701905509203999	0.26877439839100065	-0.7394620998450004	-2.109271453434998	-0.16668007747699987	-0.9523430060500002	1.2746177388354987	-1.5514881949504995	0.26351574050814963	0.3248740541899994	1.3520943593226191	1.9993204085078122	2.566992416891306	2.448622253806166	1.9761209086846687	1.9049387190186056	2.1895177545472717	1.3399148724008354	1.921973606217838	2.276483566004841	2.194583525226281	1.973088978677718	1.9399539790388136	2.212775068541335	1.4245852373846404	2.0079525354292143	2.283405846238997	2.2729498589594694	2.195198760104668	2.228013423948196	2.9847547387506137
F260554	-1.8293192295025014	-0.7463964323729982	0.8313242909989988	0.48366829602799966	1.2876275272129996	-0.6684456327409996	0.037813501974000005	-4.417740836750004	1.7585275577300008	-1.4644039662524995	-0.9863867227649993	-1.1640472483734996	-0.850129777123999	-0.3320655962490002	-1.3567352313640009	-1.2606053011375005	0.40089915199500004	0.9415776184000001	-0.2789919257999998	1.6556213308240002	0.11047625704829979	1.4379060225439029	2.2873820197456713	2.528373096088008	2.5481699479211324	2.1335933913247986	2.1918201217159794	2.6052788275950416	1.5800120947018166	2.223070090512729	2.494485411507789	2.4045091397154805	2.3921677142675084	2.5234351757016156	2.7824814178134587	1.5349966331186755	2.286395234723208	2.51786063888828	2.490994928649676	2.2358858672225934	2.2144021046136046	2.9720322609316887
F560873	-4.939577253000008	-0.8108505313850003	0.14674976791500027	-0.43127687836650025	-0.7665802241669981	-0.24058249826499986	0.2244737555950003	-0.9609659416650007	0.4889455674199997	-1.5583572987799992	-0.02408295978999999	1.332611975375	0.42006621266650024	-1.3282901776349996	-4.9478231160699995	0.6296772939499998	0.9639661305939999	0.26231364122399986	-0.14752138043	-0.11018945901999987	0.7195515696500001	1.9069792039421134	2.463003444993096	2.740525307965948	2.694131155998323	2.581759700353071	2.671133581401093	2.9019514459545	1.5301259579587383	2.374253583700765	2.5391046951662055	2.716588837580621	2.505526728584642	2.4466929167177	2.7621338218717204	2.1014767695447243	2.5856491814347664	2.7483331879052457	2.7104983070858872	2.818947486737979	2.5986748498251626	2.9248477058798388
F213057	-3.832484389950005	0.9676353193615026	-1.4710148229800029	-1.9801469842399992	-0.9994911749499988	-0.27681162973199996	0.09887903021750016	-1.4790905325850023	-1.2866878003000004	0.670377978360001	1.9907845454714537	0.9870645895180004	-0.016151400334999986	-1.2983529379265017	-4.904316436749993	0.4879985054449999	0.5056032091550007	0.009214739075499993	0.14918809296956007	0.20126093555949942	0.8113520685899995	1.8024762782665944	2.291250434045058	2.7472550073306166	2.6592582838534344	2.6175411538995115	2.5336744362897443	2.8558658258255436	1.5038960041009117	2.372496499897944	2.6571831673903983	2.589430401510306	2.4591273596206826	2.4655635591564002	2.7265113854936773	2.015447949300791	2.7265783912151185	2.627621212372701	2.692148084426193	2.637549279582323	2.6644306441521883	3.0547922980121465
F177828	0.3088761543900008	-0.761159183060001	-0.03205350060850001	0.04835116646999994	2.4511974842699975	-2.9259160198749963	0.2835058162049999	-1.1257234432740009	0.6329590470644993	1.779376063740604	-1.6431329631650011	-2.966347983611149	2.4172612449899966	-0.3075746884820001	0.033849099824	0.400776682215	-1.930873332470001	1.7749763137500032	0.6154974886099991	0.47954305277500037	-0.02794713881400013	1.3332734374461854	1.8148897381200721	2.5241733162069275	2.468010585139381	1.8414901447771472	1.7547911169285197	2.161020709460672	1.3057773503183032	1.8293292216041963	2.121648151324005	2.1224500552981316	1.8804924985780735	1.8187462989058574	2.14523538447681	1.4037518887753275	1.8160021200717338	2.106438353313709	2.177641774818611	1.9252524502194464	1.8449907536343022	3.131309551470277
F193850	-2.2703205794900008	0.45879827862499956	0.08943504345499985	-0.3639406858014994	-1.3985191149439995	1.5973357685324479	0.3774079360781498	-2.118886715972498	-2.1228323402599996	-0.07545423569000002	0.7373727617650002	0.24597713575149985	0.7374638295450008	-0.6821552551750009	-2.5540372314076056	1.8050297614844992	-0.37300520057349923	-0.1013215868449998	0.8752910556125	-2.3576618009450008	0.36086911241000025	1.4287927765176933	2.082177936000415	2.4165307150078927	2.4843783154238155	2.1636575531325803	2.1157503209063466	2.297758909396155	1.4141734964736716	2.0863188382355866	2.4571400202417837	2.3923680136839263	2.0427999424258863	2.09260866771053	2.354253738089121	1.5478013516942346	2.484702130943156	2.413204689650094	2.4188972604591013	2.1369301026696825	2.203239411254539	3.000884036578592
F608244	-0.012636927876999982	-1.3672635692219963	0.22705334131	0.11255488745599992	0.5947683918199989	-0.7155681209199998	-0.09295409263500011	-5.8788322209999935	0.49485030663000085	-0.12732282064750008	-0.15526974329500012	-0.41699451635499996	0.08939042373749992	-0.5054789482500005	-4.382644307450006	0.3802452923399997	0.1581452055299999	-0.05401845801500014	0.02056765398999998	0.3962988425749993	0.6880069268289508	1.5838873300354215	2.62850298036839	2.774609642449356	2.7364950962160375	2.446641312178111	2.454009766114727	2.675262760357511	1.9287980623291388	2.735443616487106	2.716976733814179	2.778685937025417	2.673674550361525	2.5640629759885556	2.7486976530459737	2.076457919557419	2.7454836550626456	2.816118058701951	2.845615859286864	2.690664737234027	2.7610495676685147	2.896512353648203
F176865	-1.0458355650100002	-1.2208618899649992	-0.2562345805344997	-0.45054495278999984	1.1716754612249987	0.654951797225	-0.3112762909300002	-4.531711618875003	-0.5923193093499998	-0.807304942275	-0.18691211256549997	-1.2141836595450024	-0.3973773413894996	-0.057287637681	-1.5541616716650015	1.5173488899495016	1.7908817466999989	0.6741576920290009	-0.0075942941300000035	-0.3943823713800004	0.12776661540499984	1.4892362417396023	2.465091032171341	2.487028320661477	2.61771744115742	2.0463623510330975	2.0936451706594554	2.637264115066567	1.646562303740652	2.4364835707792296	2.4735421742919277	2.1396603529280793	2.3967825317394325	2.5980178269042318	2.7722411051862004	1.5929036800700553	2.6717646034816815	2.577131128045944	2.070346396328747	2.092167793161502	2.2198654424491133	2.956730038410814
F4364405	-0.45553903165900017	-2.410810197885004	2.788394948428496	2.818640821079998	-1.4229514901949947	1.7274763031850011	-0.5451700740304992	1.990315679105	0.26197169681950055	0.8577960787009997	0.3483840604527002	2.2484200868105013	-1.0656758298959983	-0.030573788173000035	-3.6673858594499964	1.9229416447150018	-3.9887280390500064	-2.8710365918649967	-0.7125030007250025	-0.610943199255001	0.5331748607019998	1.372072402036082	2.0614073209912047	2.5592963498624415	2.4934341370323203	2.057260475325837	2.0305280331291757	2.2177014485588495	1.3300918072262986	1.91560128733697	2.3047032472412177	2.2200790747138655	2.021782590337012	2.0333881658352118	2.235229146576603	1.6626647103735537	1.9236023590967424	2.3084642473952264	2.449281979644278	2.597533893519557	2.6067765471287387	3.157514967615038
F215231	-1.4337380192749987	-1.5813603968600003	2.179536257839998	1.9897113355499996	-0.6841414420009996	-2.105456652540002	0.318212842599999	-1.0723645857943003	0.8813328711474999	0.3066620676950003	-0.8130138948500011	-0.6559690939599997	0.20604094816200008	-0.3282674654499997	-1.7931760799600003	0.39663211585499986	-2.5178630433449976	-1.2666474041099998	1.2047864505199999	2.3587080565044976	0.2493514512563499	1.3623964043836925	2.130487462700821	2.4871643129001355	2.475729344851731	2.099223596788592	1.94821315449395	2.24795516971282	1.3190241966326486	1.9152948477476712	2.1805780329345272	2.2627667579948283	2.089277804512988	1.9885771152567318	2.2529885613647425	1.4684600911623902	1.9751512864612297	2.3546110340613757	2.3819943107412693	2.3190279235088544	2.2328271703902045	2.889693440544329
F4459156	-2.3732344168450012	-0.42712395028349953	1.2883617556599534	0.9963167691210003	1.1192483832180002	-0.514957540795	1.602799819819997	-1.8129690295230019	0.8961256292299988	-0.5276127027910009	0.6847897975314996	-0.5593906875300012	0.5350462653450012	-2.1288188128500054	-3.634687390799997	-0.3665119897819997	-1.3287778651194986	-1.3996678837689975	-0.4958914651960006	-0.061082850640000054	0.6467158068945007	1.457298433852257	2.3764880905178787	2.6002420568985665	2.647054535279079	2.1666279735352028	2.157626445608174	2.406971707221366	1.3809119277756277	2.06484314737496	2.4414114070485593	2.484445765758748	2.122983250451871	2.1427893502830364	2.5251065526755476	1.8000189880657769	2.142288243567226	2.491017791448729	2.5577016740256235	2.555124301082318	2.6301555305382562	2.90785135771245
F1641741	0.10786676304099968	-3.5322363563650048	2.9082609476700965	2.8237788321749995	0.17559364838500022	1.4594232989449987	-1.1360365718400012	2.7720178778200006	1.1221173054949982	1.959686171429999	-0.2495594614459999	0.22594344178099998	-0.8216025626934987	0.6275997970800006	-3.948481129479995	2.3078363387450027	-5.061310454400002	-2.5107273576905005	-0.41847045902999985	-0.40091849446600014	0.5298739432099998	1.3831828753014228	1.9748601232009912	2.488031057813175	2.5064700765872794	1.922755772379605	1.9967190738750538	2.1990773547128946	1.3350470452951013	1.8303386837890077	2.190954361641129	2.208088924228026	1.9374101043423775	2.0091099031757707	2.1432306414979165	1.6651285176437465	1.8102978802245095	2.2180787571673943	2.3522183153765917	2.6494531465015148	2.543027256607109	2.9280940022178235
F180659	-1.8754180324800023	-0.4792233978949003	1.893503735579998	1.5705532851950013	-1.7491848863149997	2.582735253605	0.989063106625999	-1.3913862830795007	1.5239653153350023	-0.9899616683349991	0.35515990188	2.1253841343854964	-2.026756665820001	-1.698190268275	-3.846209936499993	-0.8411743904950005	-1.2451855784900017	-1.4765557018299986	-0.38428061927499974	-0.3780864087649999	0.6491002429999997	1.4092437759304406	2.172514239522026	2.7098275504617635	2.5022100155336324	2.1864668619731322	2.1732855445609562	2.4587002434071423	1.4216039874040278	1.93278973937772	2.4438541249043917	2.4377944648701124	2.117855882173942	2.138910003476791	2.470969003825335	1.7412615632069215	2.0429721686353113	2.551927638344193	2.556426475967385	2.663876076906997	2.5393409147192836	3.0178512772447443
F188956	-1.0622529823365017	0.04491585548835019	-0.1393696868020002	-0.24889358152000013	-0.6665943817150003	1.777251831599997	-0.8255258394549994	-1.2060209578870023	-2.3820072332100026	1.3171040803449028	-0.0012996347374998314	0.16588236789650007	-0.2722827178735	0.43847427163499936	-2.5742304037399997	2.4473742226870048	-1.0835427915250009	0.574331865610001	0.1136085640800002	-1.8120334100759956	0.3240043176949998	1.3438783335316813	2.1088370443121933	2.46327412676693	2.4404255114551012	1.8488946671143198	1.9501616741960912	2.1961354394692827	1.325877729073818	2.1601709642562588	2.3083629121691596	2.1866562141204824	1.8331854989141825	1.9889485265336573	2.2519554266559005	1.5076644139599218	2.323878422578675	2.416198755033132	2.28221080382651	1.9810861275035383	2.3127699195036784	3.1376185512387487
F4476330	-0.40455010608500036	0.27693095488799957	0.15072328356095033	-0.015013036643499981	0.19296936736149997	-0.36546015935000015	-0.2901610830700003	0.5471804533199998	0.04579224075000001	0.8222586344799995	-1.0071787220099995	0.39861110729149984	-0.2957064867849998	0.18818802454000008	-0.6377276725840002	-0.35750903976545	-1.0045548139725002	0.9408851701734993	-0.5883050901299998	0.6807723069880006	-0.026090596821499976	1.3595012621644913	1.6621249278732004	2.395135275258154	2.4530833656212354	1.7046522308643575	1.7522154471015146	2.089156805632506	1.3268854056287016	1.6687841846763287	1.9788449567759867	2.011503786707256	1.7305336216261789	1.7442964189607464	2.0765737084231155	1.360802358393989	1.6856477472738456	2.0046923602680713	2.0372152691853858	1.742265492481676	1.7933428261003936	2.899631750786241
F4446898	2.758221879369996	4.023670271229993	-1.915015990666996	-1.5336388425000025	-1.024557955850501	-0.764029715265001	-0.11997706572949987	-6.227664370000005	-0.9057036274550002	-0.9135933823319993	-0.5974691990950001	0.927056139495498	1.5821845767549978	0.40665447712500025	2.3373120199650015	-3.4777855472150025	3.0666185708750002	2.286932788967999	0.142721234775	-0.6813116206300005	-0.34353080697499944	1.3989088280385584	2.057522241599658	2.3441379414751133	2.5277610761691482	1.9919768779667881	1.9156331086058536	2.1813149803424263	1.4921953729214892	2.3186481003467048	2.445058455126302	2.393146828685679	2.3984813699508463	2.216265591274244	2.2233069371586844	1.4290425848198585	2.109154332925069	2.296775104848655	2.322273932704617	2.0327828115387843	1.979381328432685	2.9864921730800695
F746256	-1.3947960834249988	-0.6340299466025003	0.9078699793204998	0.7287040231844998	-0.5298107492899987	-0.2451538492049999	0.6031373285790005	-1.0708388220899991	0.04948511314000008	0.012701673515000032	-0.3596973583550011	0.3777153301809995	2.0192456901999987	-0.9210261606944999	-2.2830743465450056	0.56010817391	-0.8816700308350006	-0.3828862870249992	0.1489396348348499	-1.815942197954996	0.3400851985524995	1.4056288041894924	1.9752980049386712	2.3846672043717945	2.519574395664573	1.8853778789287947	1.970437653388811	2.227823426494169	1.3238658540387325	1.8823668796452153	2.070728063437472	2.1387059417411396	1.9221774778510154	1.9586882801947496	2.223083831611261	1.510740344560245	1.9978448967129623	2.1658741229825003	2.1411525957474886	2.0598873520113523	2.3919490358883904	2.8880587228792214
F4322379	-1.137061639572999	-2.372083912154997	1.5887823318460044	1.470348994909495	0.20557958278900001	-0.9150834251075013	0.5974972171570005	-0.8469872514825	0.7982255059204998	0.32199080670000013	-1.4062191043610037	0.5183052478190007	-0.5442250517949991	-0.7840057159949991	-2.2735919208950017	1.4324724468950005	-2.08115853927	-0.10922845044999964	-0.7435666273450011	1.6174952642084997	0.28687263140150016	1.347189505567077	2.0596118647392276	2.478482300392915	2.4630913515988686	1.8150555686956011	1.8992308145607302	2.181697817710037	1.3056523039370271	1.7909734488736893	2.161163450871782	2.1136280302684507	1.8162773454658887	1.8993843414139369	2.201308768216328	1.4587333522983021	1.9303803694856576	2.16678084735282	2.187862643057082	2.2258522673883845	2.2207372569044397	2.966232240123058
F842413	-1.3371083586740025	1.4206853597799984	-1.1458704413949985	-1.3082635495450003	1.837690438795	-0.6756857660600005	-0.7242314212420005	-2.789102883740001	-2.211867258755002	0.24206915017099975	-1.1127788113499997	-0.23124232771000003	1.6338263232085006	-0.20488855046150045	-3.847250076089999	0.6189627366150007	1.035230410904999	2.495207047379999	-1.742153889575001	-0.9618129868814995	0.5712643990200017	1.4370848762364767	2.2260564925006974	2.5272195695894437	2.5420105977417666	2.03908328090134	2.202473035464822	2.7571661577796904	1.4618410713899093	2.187972189833157	2.359128050813651	2.1628123295080317	2.2215343445140388	2.253886914376327	2.876854306576699	1.7509498359701774	2.596668931222928	2.6465805749260642	2.2997637103690964	2.2978488278697395	2.416285261995816	2.884267706144363
F189271	-2.5175027707049997	0.8954480153599992	-0.8236299076699986	-1.1704555502700003	0.9908101535680003	-1.8430984199900016	-0.3101180468927998	-2.700010955930003	1.136097727408499	0.5779195445359998	-0.5772275077900001	-0.24427302981500032	-1.5491122312250005	-0.2767981634039995	-2.0378236281959974	-1.8652764293400048	0.14551757602999982	1.719802971905001	-0.48537939281299997	3.344767048164001	0.17847611566499982	1.5328158729578532	1.98760054194157	2.4014199103986824	2.412510519789222	1.8969236449110405	2.468548644550389	2.8978060370458696	1.5261936054296568	1.9840932042338804	2.271572968021727	2.073028125865129	1.859550863788116	2.3479764310536657	2.8318078781740237	1.5256245222123217	2.2416257202716054	2.4241583742004065	2.2340449086864065	2.1070668216207267	2.3637633848994666	2.951658048041292
F4437359	-0.13218948951849982	-3.490324569995001	2.9262220421034963	2.834172185490001	-0.37683507666499966	0.6342066457145998	0.35221353217499957	0.8357468575170711	1.7326426210599957	0.09823723798199993	-0.3544920451460001	0.9757913439609984	-0.2492798757984999	-0.9194601889050006	-3.4337303237400003	1.5324749892479983	-3.2087665073866543	-2.7456574910500007	-0.6082808827200004	-0.31049867136400067	0.4362430980199994	1.3562668665714477	1.9346843376421858	2.524087980400826	2.5172220804933305	1.9719939881950295	2.078063092589188	2.220978615951835	1.3561765220292152	1.7818757834652335	2.0612075119362636	2.1753442016342603	1.9652253618712707	2.061812734058456	2.176612327433208	1.6947321974843497	1.8248341671012023	2.0889451081473402	2.302393708164671	2.6737239618181974	2.6290701464556956	3.0382104506775174
F343663	-0.05248759006999986	-1.0609579283187502	0.35420690879500044	0.29624055459999954	-2.0785699336250008	1.3206346394109991	0.041644214745	-4.100023111	0.8521868227575496	0.6707501862399996	-0.6068008420900003	1.930797292455002	-1.943638759189997	-0.8480204997400013	-4.95438632295	0.17964431188549998	-0.5273539677650004	0.0645180493159999	0.10796063474100004	0.2023096936749999	0.8179111134919984	1.536562187732241	2.468363039734462	2.633462519057944	2.590325867364883	2.2142017369101374	2.2481908017582635	2.50287214069234	1.7046630402521479	2.698271513355078	2.6645095412957276	2.4779275642821594	2.258042095529579	2.4249221518251116	2.5731077513664418	2.010487711831765	2.783031460470596	2.7446923834499	2.5902608068882818	2.59472429599464	2.6767216818153248	2.996147648432732
F325503	-0.8268143829449993	-0.5599444999899993	1.0098590202849986	0.8069340782579997	0.855936603040001	0.7491312137050015	-2.0344027711699986	-1.0898540210615009	1.5721026507080014	0.42491617390000047	-0.3369836202020003	-0.8809142933939995	-1.217847993740001	1.5919013002150022	-4.428178259850002	-1.2095394519169995	-1.1428683360900012	-0.5311929330299996	0.21407957758999951	0.3020098527200005	0.5875120605399989	1.4608450472579315	2.2211807824135548	2.5986837673379606	2.529850658279677	1.9846991366049644	2.257411764279786	2.26638769048266	1.4068382320229929	2.132963768229036	2.478149897155603	2.3378343222448565	2.028514134339796	2.3394018240660106	2.3688753847905644	1.8859543326714656	2.3937643407123654	2.546219496194505	2.6179237288502457	2.627778356290332	2.6949123398776464	2.8641239482216405
F4374084	0.25085788542799975	-3.2517018436399985	3.090654244269999	3.314973286142503	-0.1284040208134999	1.1394797849259495	-1.449370854414998	2.8850309648199954	1.6065697484249966	1.4967071785549988	-0.22044108418149927	0.3675020826404997	-0.9846476663699992	0.8923369109754994	-3.973765006650005	1.614770005811003	-4.668254009295007	-2.8470879019300015	-0.45031294927150073	-0.5273606703099999	0.6393778528619997	1.366058901680616	1.9606905337130056	2.5262566226477037	2.600839532138507	2.0686992605202414	1.9707072481150425	2.136850603146315	1.3252344123534499	1.9247159589557294	2.2342748759207973	2.2481980537070188	2.0627270046230604	1.9685724683175827	2.1930574957590196	1.6926357521537834	1.909953684396231	2.3130979786595804	2.4530969167725707	2.509431227626774	2.6242981705575312	2.987943590494304
F1100972	-1.816362572916501	0.35502729633000013	-0.5330299940100001	-0.8330121733850002	1.5023677136899993	-0.950562614458149	-1.831791470377646	-1.1046066453100014	0.5997434488850008	0.9025655879109993	1.0328420452004985	-2.7700614276299946	-0.08442377363950007	1.31463430021	-2.8506618672850004	-0.9552899833400001	-0.024916420653000003	-0.42763603252999965	0.9945691336715021	1.210021246584999	0.45556955227000046	1.442560156703658	2.163711188527487	2.6662042234256713	2.5826115486961547	2.25794334029061	2.265926688762639	2.5112264937842466	1.365117711969784	2.1257944298355613	2.3378497554070448	2.136184665177963	2.276703091257302	2.298170343515312	2.5300084861100713	1.5163272727200159	2.3507765246293113	2.396514295643568	2.2701631368123993	2.5026637997386283	2.551128662775259	2.8815533746618267
F197725	-1.0047793053799996	-0.030236215685	0.7925361368600009	0.5568232823945001	-1.6350038896300016	1.0953223546199984	0.6764698601505005	-3.481129410080005	-0.7403666897299995	-0.7443422277149989	-0.5111287770585506	2.737161372033499	-1.483534759149999	-1.2511401000110034	-2.2839522353199984	0.2652738759705004	0.5854250575450003	-0.3828730410000007	-1.158620754750001	0.3033187902874999	0.30947306184000023	1.4704988510627057	2.4335082056802313	2.5894347727404017	2.5817661525854914	2.0636944623843556	2.0360917409926533	2.45244140836807	1.4886198835448268	2.467771603823784	2.503301219024344	2.233301061963596	2.137560833207852	2.0550700388549656	2.611680617261447	1.5429401076239224	2.3730650698421756	2.4184397325228444	2.2491462475083215	2.3322383133321725	2.2494946593689207	2.97609518542958
F4483337	-1.0228025806549985	-0.15229209554899972	-0.22854210357010005	-0.34120349635500014	-1.1675934436925	-0.20427411189549993	-0.29870655066249946	0.33004489254969943	-0.8935329237399996	-0.3376457532050001	1.1111058784550032	0.963365528386998	-0.4164518841714989	0.33425183689999965	0.29413947658299994	1.1221547571945016	0.6145648354800004	-0.6429532374154991	0.2569495200496998	0.47112675438499985	0.08372929044450002	1.3777910368989736	1.8119447968728246	2.4362154012870585	2.465013091767565	1.8043810920659413	1.8728356274383555	2.059417377095581	1.3522670984128817	1.8186649844735845	2.0828143230303104	2.0053361273380075	1.7999693244463884	1.8729065417277524	2.0766362834996928	1.4214136353706082	1.8601694531232282	2.1393756230004772	2.057046974930906	1.9003332971639948	1.9048756005599856	2.990151638488744
F4288931	-4.245895609200007	-2.543356306075002	-0.4319173959754997	-0.9174902124600002	0.6724007340949992	0.30136523969349993	0.07421517597799986	-0.5779036565169988	1.854242084380001	-0.2148095071040001	0.22406806774499938	-2.5221727683400026	-1.2474558756185026	-0.6617359782110008	-4.933357946400009	0.6058816102960008	0.6940555049199993	0.6949723605029998	1.3948007528270032	0.9284691981300012	0.6618248774199994	1.8483581906925497	2.3510969261648573	2.6176886901201315	2.559330874156663	2.701289269925249	2.7869608966538943	2.832995345903566	1.6350574985677502	2.2919564514619593	2.4543446657753805	2.4239585153832475	2.6886701012865393	2.882267135388791	2.760081255554392	2.1453874715883865	2.7169497442293853	2.6776742189329097	2.6321051373368123	2.7905081820639595	2.8001090937009585	3.0054860727827877
F173306	-1.417391573509997	1.8119590044009977	-0.412861309455499	-0.7112733735114991	1.6870711859200012	-3.6695547003550018	-0.8880291420239997	-1.466834203261001	-0.9321506885699989	1.4533755258200003	0.5353000611850017	-1.5028920203100042	3.234389606150001	0.23889753190739965	-4.416072883035498	-1.1402829575180007	-0.7456452225990002	0.009519655789999991	0.027445125549000002	0.17888536615049985	0.5249255212400008	1.453972760460398	2.141065456292037	2.596469935964351	2.4980266168123424	2.2207786406615075	2.4544846882347526	2.756699212049102	1.4037225673433662	2.2606371716422746	2.3849508511671025	2.29511604013762	2.2062558386239	2.3342799482447805	2.523131829222978	1.851086584959125	2.3608043329598756	2.5917607659063364	2.5666521427910736	2.6921510157188124	2.715544694167682	2.9173091639842665
F4453609	-1.6776933872780027	-1.2276780955850009	0.40120847842000035	0.08805296126350005	-1.073203243942001	-2.396913434945002	-0.7071534881699987	-4.879512409499998	1.2427896728550012	-1.3458497335499988	-0.9222080340350003	-0.26970321870600067	0.029419593069999948	0.14434847143735022	-3.362266386435496	0.22109267025000018	0.8353915137400018	0.8562410652400007	1.3845784146265017	2.308809899181003	0.39365928721000043	1.5979989693845593	2.3521808123784043	2.5409359931459177	2.6807316720819823	2.3384904256511985	2.4954683816605585	2.8222262481504026	1.7582016408139	2.452185195319389	2.4451118516935435	2.544592362642121	2.560868799455969	2.7649367451935714	2.7941429212053857	1.8388346156697426	2.7831404433779854	2.698731698894319	2.631185262052589	2.529083600799491	2.5054590356786854	3.004881571788325
F176014	-2.565276433495001	-0.1430051634050003	0.14437575927049992	-0.16691538761100042	-0.6442003166885005	-0.8259304546899989	0.2817927592394996	-4.243176730599994	1.4606410246909989	-0.9184994463649991	-0.7000162855850006	0.9271669930549996	-0.34543733593550024	-0.09210381301999981	-0.5439546861455007	-1.0109770210310003	0.2879462486349997	1.2057757524590014	-0.15564597762549973	0.7474642935395002	0.07415163262199993	1.5029535520120834	2.142979892922166	2.5783024694012684	2.4530815339050345	2.0757696538758252	2.3890579396833695	2.5175196789342973	1.543462358987272	2.443573778391195	2.4047073795957306	2.605895089262794	2.27487635788117	2.3984189280428048	2.5878489736147015	1.5128779477675907	2.1835601323720706	2.4861339494405703	2.4051029607811163	2.0705145866129477	2.295580237091126	3.0423655945827184
F4458576	-1.2110718095078965	-0.7891092795154987	0.6012298233765	0.303444480095	-0.25485434044999994	0.8242234065908014	0.38229289924999976	-0.4632276171229996	-0.725784822025001	-0.08069760511500007	0.8987404956695001	0.11899829087150003	0.47185523634000065	-0.7321550095349992	-1.5449222286075022	1.474515085270499	-0.4099825877250002	-1.2238219916250022	0.20812145553799966	-1.3989291600179965	0.252024810795	1.3675135973731143	1.944576005207982	2.5102245053438494	2.5251649297110483	1.8034069226290164	1.8375919723910628	2.125558542661222	1.3276407457124464	1.8929523082186945	2.041544876677213	2.0025711329913922	1.7926451614323473	1.8460940345129653	2.135219415926236	1.415664447828449	1.8763490987674045	2.0415093009077774	2.0425819081210914	1.893875278607177	1.9704407566135578	2.97008232944432
F4372973	-2.6354637450849987	1.9111411893300005	-0.5891023906600006	-0.9987442799499997	-4.602892324550002	-1.6376763262399956	-0.5747954154850003	-0.8902683502979994	-3.7491097887000007	0.19441304063299947	3.463419249899998	2.4311000357089942	1.0623647171997468	0.752939567925	2.086128792060003	1.3981437493485045	0.46548115974050047	-2.2762807324900014	2.127986686317	0.12433921616499989	-0.3157895975450005	1.542915828177389	1.9864866787034083	2.5657715121708566	2.43195226919548	2.1157585507996197	2.4190199240789583	2.7448337570518557	1.4329331332097437	2.2253253230073025	2.3900873581738544	2.209705552956732	1.9556823908190637	2.111789215132874	2.643903251567247	1.4517594664875575	2.0407766368566307	2.242540931924512	2.2297080772767135	1.9976793532928385	2.1757010348035246	3.0743629766320795
F2595972	-5.3923493314500055	-1.324213804757602	0.44029858276200046	-0.39444182974000047	-0.19878798409399986	0.1072421723230001	0.4581931890564999	-0.8385709695000001	0.4794146378304504	0.4044676592049999	1.8624533585717997	0.7816368348499994	0.05274102931000014	-1.3259517305350024	-3.4247646581550018	0.8092978260330026	-1.1025225328559998	-1.2549055008235024	-0.5725111840949991	-0.12146602054499994	0.5320437613849988	1.8317875056998034	2.2577445835178933	2.665568728227576	2.673345470626119	2.6287277779167697	2.6898336696574088	2.8792120343172316	1.4618816347452341	1.9396367926936018	2.396983014302969	2.419680355227483	2.444913434623683	2.3872266202523718	2.8067706689898406	1.7884307040742913	1.9850418218887957	2.548851452766852	2.6705104752349342	2.612820992517594	2.680792898507278	3.0149182329793076
F4416951	1.7932343652349985	-0.8259828619000013	1.1760484226799992	1.4017059001459993	0.8948460958250007	1.0015953969800018	0.10600373134724993	-1.4859601100189488	0.5157650997800002	0.274621014533	-0.12261711400950025	0.1536609318450004	0.06631258640400003	-0.5550066995261009	-3.370569052749996	-0.09124456412600024	-1.4802846035900006	-0.9241940008215002	-1.6543842573350034	-1.0889777807899987	0.4909833441450004	1.3917014987685492	1.9924356426996395	2.498066796725438	2.534127397920514	2.0236360398089523	2.0138090959303434	2.252008115941796	1.3556929419548378	2.0980327801196	2.3037171804365624	2.289085699326606	2.0400245544869815	2.080090627969584	2.2549641410928087	1.5958571446259184	2.0449318134336583	2.4249500143727	2.348390439092642	2.2548327059258892	2.516430338593714	2.8970592415516734
F3532907	0.12853009531750018	1.5506172558349975	-0.7410101771450001	-0.8194341712735014	-1.461234387375003	2.887147066170003	-0.7656894547399987	-4.6651118909149965	-2.2572887484545	-0.14165937624199998	-2.2317009422000025	0.049144779345000056	-0.21244746577150017	0.07684481348999991	-2.9662126520500003	0.6222250430520007	1.1176309764700005	2.807492240604999	1.1848763997865004	-2.7011542495300067	0.45779289651000055	1.4681344950114725	2.155479992846284	2.486616740061316	2.4562170612074166	2.189454874868837	2.2605189860396235	2.644709401976933	1.688949780893369	2.2518992858849742	2.4125127768597103	2.3571107298446377	2.571808644807905	2.750027701412937	2.7916974051349355	1.6723400762590885	2.7213027427000736	2.599024402292208	2.42485767207826	2.2214886013858584	2.4522460082560977	2.8496739800344155
F311950	-0.706215571934501	-1.3266229491115018	-0.4501298676500001	-0.5407113593399997	1.266040403035001	0.12222763236000002	0.28291382837999995	-3.511131660685003	0.9109510055920008	-1.1370925303799992	-0.2345097447500003	-0.5412500700950001	-1.709598816710001	-0.7266108737195011	-3.048557987263146	0.6255691381799989	1.444716458950002	1.402271987809	-0.9056387136800013	1.5203048832163943	0.5561929732849994	1.4333480319052572	2.1129843490768008	2.5029694166303735	2.612081587838465	1.966550668530586	2.1552199197431947	2.5765513086781366	1.4960610503234564	2.14737852521235	2.329258406758265	2.4413523661757317	1.9474740966832231	2.342103433239462	2.674391356332763	1.6646193695663682	2.6446726601511763	2.535263082030071	2.5282355929525413	2.206111636593409	2.3285606539378585	3.031656453998709
F180726	-2.472023421150002	-0.592481989364999	0.19444423792499987	-0.0023890459999999555	1.0106860316250013	-1.4690028696250002	-0.5552048211099998	1.535613872700003	0.5773498178139996	1.3260513167450012	-0.6337322387484996	0.15915930758999985	0.2777957542750007	0.23016157973399992	-2.260111303780002	-0.018404912033499962	-1.581570323705002	0.6735432960753994	-1.0650472747350017	1.208629045845	0.32809678971499945	1.3758154492753165	1.783105892013882	2.4533056853924755	2.543597550963824	1.8537975970912122	2.0989168703288708	2.3174993604139673	1.346501527694316	1.7652424996282279	2.1524876831009205	2.1837933359888533	1.8143248405482273	1.942673884092375	2.2250114799662604	1.4978846787315074	1.7808451914523697	2.167650190892148	2.2438059507016157	2.1495503941967073	2.211587779278596	2.9460844571625984
F189312	-4.5224533831499985	-1.6792713444194978	-0.2891791773350005	-0.8830278984015001	0.5229837357299993	0.3572508472941801	-0.061195244265999996	-1.0949227697799986	1.3149811261349973	-0.4646797327899995	0.40379310900834964	-2.1865076120170004	-1.124934351954998	-0.6164368974550002	-4.744583641839994	0.5393057798297654	0.605409180841799	0.5181420440199994	1.233689095504998	0.79877122657	0.7399232067199993	1.90077494842302	2.320938976261747	2.6497625928072313	2.6512904126649337	2.7001798482923474	2.729208015735969	2.8662779942030694	1.6680445611707713	2.3260945334225354	2.4053975916471404	2.42634947551169	2.5915371291482012	2.752718604155164	2.875471638952065	2.1718123914535354	2.7075140343589723	2.5825827968939	2.726674698370083	2.73648701004466	2.9775231683831302	3.0224885760775906
F193279	-1.2464687784550004	0.20577589757000006	0.7027967731555016	0.5894603621019995	-1.4597332109464518	0.6640318457355	0.5770461682284995	-5.082570852299995	-0.7431042432645016	-1.2625495337799992	0.26249884611500013	2.1334416495549986	-1.9303283680404981	-0.5817792034249986	0.09573205689499985	-0.14009635607249987	1.0529661808725017	-0.7152837783299997	-0.5838610565375001	1.069993264009998	-0.0885410271600002	1.461436591774135	2.381768253759556	2.6055388702852067	2.554810679649014	1.9680642248690905	1.9454406943995954	2.6089284631300558	1.545933760488486	2.561555249842754	2.547623674029419	2.386046835759092	2.1356342768117	2.2491383772096616	2.5953792549312107	1.4303801080010576	2.504222457608708	2.5175643363943854	2.3396026441768076	1.9908384796024465	2.0137881889768705	3.002210026787355
F4039230	-1.0488564659199981	-2.350699367776499	1.0837292942699992	0.9429298588050009	-1.1700344695600011	1.3476438769449999	0.7201074870249996	-2.829505369150001	-0.20407368549049962	0.46052470923500055	-2.217958913984998	0.15173513913500009	-2.4020953416349995	-0.8823470152649983	-1.2352119025000021	2.7482827013399964	-1.6594856040545	1.1295478452399992	1.1410241536564967	1.007313388351999	0.2102624656750001	1.3806938321197488	1.9669053830542695	2.4587272641607214	2.3855677709136804	2.0341167027404143	2.077671860745884	2.5126349803926327	1.4398478419851575	1.8957092004674276	2.1900564824498168	2.256741585828764	2.115579451285871	2.383547229717647	2.527656091644527	1.4803823737679556	2.240528295988044	2.241488325513736	2.2026449092485354	2.1357115674587424	2.16256004006139	2.8887593026132836
F179657	-2.6138738149950025	2.3936915401355012	-0.016740863179999815	-0.33129230694999984	-2.88957160733	-0.6740026030849987	0.8712442806249993	-2.8538671221850063	-1.2359708190400018	-0.06351639306999997	0.5608767451399997	2.5109604087824997	-1.1455720063599988	-1.0826749710039987	-2.619536283255	-1.1775098500945012	-0.1924040612000003	-0.11262862046650002	0.4943384771764993	1.7015921284099988	0.3761647253699992	1.4577242775053771	2.2937736733195866	2.507108156957763	2.7393157236715346	2.43605575342273	2.3968973750996914	2.4633008095814577	1.4210054847868214	2.3865212477555082	2.5574519486351757	2.57597361700814	2.3866314431928988	2.231871758643528	2.3954890120068497	1.6359409069096362	2.3746309387060256	2.6745530197800966	2.5666533395283033	2.533911378809422	2.443869158567327	3.014157389998884
F296470	-2.3938629490544985	-1.318699601917999	1.253035100675	0.9106328183625	-0.27041328939499987	0.811885949745	-1.3591194055350022	0.46747429897299964	-0.8131487274549978	2.2458974869400037	0.4681447860104998	-0.2994383142255	-0.3173138705344997	0.9252433230549999	-3.555148243560007	2.094676718848998	-3.390404744570003	-1.426627872276501	0.15298415576649982	-0.2044969501050005	0.5556176506825006	1.4527360741867057	2.188699846597639	2.608394947269327	2.6158912000852776	2.320130917495784	2.265680523253418	2.233464859736449	1.3538089145388807	1.971605521170307	2.2885253905563174	2.3327305433380294	2.265391135205024	2.264690007464194	2.2049411642400236	1.7770286563402549	1.9829196393618147	2.2848847828775116	2.5039583246497505	2.6435506471983117	2.681021476645518	3.042811681935932
F353868	0.0002620092815999863	-0.9356517554299996	0.727611738613499	0.6547333375939997	-0.9162813840919971	1.2341001914440013	-1.1312653007500015	-6.05319132775001	0.3566117538350001	-0.26758370722050023	-0.2738817190739995	0.3315559847525007	-0.5421945850050007	0.27226005801600023	-4.785570455234997	0.2878966527400002	-0.1474326648649998	-0.24269400169000008	0.19383986521500027	-0.49654660979499915	0.6637079713800007	1.5903833315811315	2.5486611462526643	2.6788516502517195	2.666067458286827	2.5628467585601626	2.50755281003066	2.5911785767810636	1.9175774510889598	2.700455698448034	2.7470335497089837	2.7143331141458735	2.634327953194944	2.738078672019653	2.7908237297096226	2.0739717486381126	2.7290744302201246	2.6934322919010403	2.7225450449324775	2.802036080234794	2.7419109109364963	3.099302415721267
F4458306	-2.2364271195749987	-1.3010094337150035	1.4517337078564965	1.1366114052299994	-2.513327973535102	0.5174795026574993	-1.5909049744639958	-1.3269342901999994	1.023118959290001	-2.126863911090003	-0.6260568265814995	2.0351680504149967	-0.7421937902900001	0.8019544274250011	-5.083088524550021	0.30364380402999946	0.3786931225999994	-0.11240629570000021	0.27171341364499985	0.18119821051000026	0.8121517226249981	1.4989775293115208	2.329755833529141	2.5552424804098983	2.542319956326383	2.2787674901758095	2.266040652310319	2.5149396386548144	1.4227104616296284	2.2658438769786304	2.4354332114423083	2.5138587252332183	2.214774963226001	2.3262951984264104	2.4519172538513763	1.9104851992821517	2.6844104085155878	2.7354535765519836	2.667766866708756	2.5790050640033013	2.6711762280805527	2.863236095255995
F156219	-4.765622311000002	-0.25057464305000027	-1.0555468959500012	-1.6336755911499978	-0.27305534983600055	0.14781899188500014	0.5470313653570015	-0.16060801210950024	1.2174042799389992	-1.6852373976200001	2.2332473279550022	1.9593907755809994	0.6579571324505008	-1.393938779529998	-2.6401189295800043	-1.0437637131139992	2.6342513002700017	-0.5627674611616	-1.7701496896599995	-0.8681789482639994	0.36341933498499934	1.7016853981970024	2.0263466460927706	2.622007342265848	2.518262101733735	2.598730539138155	2.6119707457255585	2.920043636573355	1.4403077952980428	1.9786389797094566	2.313555177697582	2.19886972553652	2.194050873184197	2.4167805732797976	2.7869212859914385	1.6616806151452335	2.16883305149245	2.374587189051483	2.243109745828197	2.3435858064257453	2.5761141892427206	3.0567488211525955
F338049	-2.6988818840609996	-1.369832408553503	0.6631989531425997	0.3374333339250006	-2.9451118158050007	0.6088495510299995	1.3923020530649992	-3.8874959589949976	-1.6791077136450032	-0.8309037549649991	0.31714302245085035	2.681240727634998	-1.8616608995880004	-1.3845610119599987	-0.7316761792389996	2.940226335265998	0.2789501783991504	-0.6393297687239982	0.4800140851879993	1.0088832130150007	0.10272091416150021	1.4764463717442415	2.305111905061711	2.5746412829141336	2.5972456604299787	2.253343770194448	2.3312918543121017	2.56967110652052	1.497570156445828	2.3565378535485246	2.5716769998426328	2.4717846975046345	2.2689347906053783	2.3639160654744598	2.6456314094641007	1.5164331855819309	2.361815389480633	2.355659098720738	2.319202612840464	2.218047269774391	2.3386503049314875	2.9377102208216637
F4483045	-0.4749904351119996	-3.845751741360005	3.3868098521499963	3.284181488210007	-0.4567039311049999	-2.0904490390049997	0.3288533529369997	2.4589699758049974	1.643998752090002	1.8745343364050007	-0.8581640712984993	-0.2753459825444995	-1.0017176921690003	-0.5844718872399985	-1.6714214597499981	1.9463220855395018	-5.377687351450005	-2.4493449039800015	0.6896825616550002	3.20746146356	0.27617607980050013	1.4137006951938238	1.8968768869536414	2.48698641592068	2.5207305735569734	1.8513847485633117	1.8696769727044242	2.144824965418965	1.3840773817188048	1.7972073245991134	2.097671136363432	2.2239644087843016	1.840332720688434	1.8896239355105244	2.1598149437331595	1.5071507400583515	1.8088373457878928	2.1303256117649694	2.3471642852451597	2.323705852060898	2.146803963000388	2.830559202294652
F198085	-2.4663643677550033	-1.5361575583150016	0.5026795188600001	0.23213113288900036	-1.1040066892060019	-0.11007214725000011	-0.4417558718490004	-3.1404240123299942	2.874139398634997	-0.6240763215399995	-1.9327217932200056	1.7472936102300012	-0.36397032605199986	-0.35142090678299953	-1.5910307446264969	-1.2863640841150021	0.18691476267000012	1.7979988805749985	-0.37727881408530006	0.28344667406499946	0.18452882715000013	1.422645640241808	2.3008006196582573	2.596257875647979	2.5879765736959124	2.00795530330364	2.004833805479362	2.767060073797543	1.4229797211841653	2.4112483552914625	2.4052516130868424	2.3785435163546516	2.1193961596005417	2.000324369896979	2.819057358683696	1.4433965125587236	2.270632048113014	2.52464295986932	2.356974091332255	2.0515720773763357	2.086046377791474	2.974330594331008
F4082721	0.599065164358501	-0.857445350038251	0.8255542111399976	1.0722338285595003	-1.1745890340230003	1.3226307631790042	-1.4641650489450022	-6.356708468380999	0.35414660577700025	-0.3627929595449998	-0.4065381459649994	0.45207389975500023	-0.27445620584500063	0.41540224568699996	-5.278851647200013	0.3809958845800001	-0.239393529537	-0.4228651143499989	0.34601848057	-0.40922796968350006	0.8017196526200026	1.581191107486463	2.5828912929720587	2.7080587412667723	2.6769526252986853	2.4867496335844588	2.598188869575769	2.718959441731931	1.9766306848656148	2.765993637042296	2.7248502223160815	2.7232305742568097	2.7131421536740334	2.619798600148613	2.810034381769365	1.9723595641479763	2.713913707094227	2.7660703284776575	2.730180506297141	2.634667449428496	2.801964574613516	3.066163092257507
F195102	-0.8742081867165997	-2.036833384795001	1.1797685104355005	0.8205019699200005	-0.37404515979399977	-0.6321108754111505	0.5327623574099993	-3.645050435899994	1.9430697290600005	-1.5900621236919972	-0.8763710358742404	0.3615685125650003	1.081478526810001	-1.5592848602099973	-4.8854256091499995	0.18390179750160027	0.33080973712499867	0.06079873606000003	-0.03621396660450004	-0.22952042942499992	0.6817738077150007	1.506835228766444	2.3790794604186885	2.6193453048138764	2.703919901830274	2.3776972907869807	2.332791386539337	2.4595254425985655	1.6242811369767476	2.4811766231452164	2.6240134750377857	2.639216246109951	2.492311581891051	2.447221527432908	2.6145491579385176	2.0284541021970672	2.8403594424259135	2.7558808557003367	2.7301399424460353	2.6057112696613673	2.6316217842553997	3.0157282007180743
F4484382	-0.8547040175850006	-0.4418599540800002	0.5257990728499998	0.3950354917349999	-0.07941483066950016	0.6595715986794992	-0.9869352720100003	-2.775405087600002	0.34058747884050034	0.5176908423585002	1.1476667945965013	0.33424521810999996	-0.3195375748100006	0.3625228325649992	-4.56191094465	-0.6392888501489122	-0.8222393670189001	-1.178554184394999	-0.1515762481149997	-0.4414164246935007	0.6968238146100003	1.5016229507545698	2.5985172829556884	2.6018457503821852	2.5585654820745916	2.1571299655799097	2.168241522009997	2.2727562372359986	1.494190206940899	2.6053313827363223	2.596016508457041	2.5010203940910576	2.1956019806507614	2.185380693205896	2.2691829309413833	1.9440251341779706	2.58836161098811	2.6517629836471626	2.710209991651273	2.587883753880938	2.616397264164517	2.9639710780531026
F312140	-1.2739426105550011	-1.2637062611143983	0.6006605067000007	0.452799045860001	0.8693787490850009	0.32960994028649976	-1.8287782131833956	-2.0307963727500002	0.3361332203650001	-1.4748527691650006	-0.2724442919040006	-0.6974598930500003	0.6664228587500011	1.2989385762274976	-4.442372479849993	0.7884752678424997	0.7122366635994984	0.3632583919006993	-0.35999393338699937	-0.7669671060750007	0.6224591970399993	1.4283786104665126	2.261534054496524	2.589760122415541	2.6105304006973555	2.2089441966048726	2.259359432447745	2.2277886444065667	1.417765219961908	2.2801923933618524	2.452134096226259	2.5053774627496517	2.238603203516335	2.403561958699918	2.246991523485177	1.7522842818923021	2.621663292685981	2.6772727832711203	2.650723183316705	2.4693484966444417	2.5614758030332037	3.0243182483257054
F363358	-1.6516469414650026	-0.06261984097050004	0.10033057741499993	0.03228497264849997	-1.3157342841949988	0.7189231771249992	0.4050392946200001	-0.7861459762580002	-0.0946517608400001	0.2080814131899999	-0.5433641278850007	0.4762115348620002	-0.29586701379	-0.5471373672249994	-0.4187978692994995	0.23421474997500003	-0.4726228724799982	0.7655877347250012	0.8832476723035007	-0.18983304414850002	0.07368282845600006	1.3433279616928402	1.7597030121292012	2.5218589246541847	2.469007670074473	1.896499945016092	1.943598094235212	2.146684797540217	1.3028581883751997	1.7347824962618137	2.0841222521854643	2.1099155773424774	1.8695910456906921	1.8989750936759036	2.1602349161109897	1.3608904335030205	1.773409350855067	2.0677795731189597	2.1246703483005733	1.8870333726716602	1.940301793565053	2.921631394966453
F174383	-2.3364257007850022	-0.42656070568700016	0.04185219066749993	-0.15625754353650015	-0.9914344871399992	-0.8948590416349995	0.845824951436051	-4.198427370411001	-1.0259425523112014	-0.9992679497450001	-0.8873219703719982	1.5694808877530009	-1.422250097313	-1.0025396631050014	-2.6503823501949975	1.1102552490369995	1.0445999043940004	1.2989423921300014	-0.5454883278700016	2.0807799702750005	0.3940531025769989	1.4775050833190608	2.5568405695625867	2.6199618388392563	2.6253630325378263	2.1532611702369704	2.2909329588096696	2.626104220911325	1.518480366677855	2.4485137528386347	2.6465917768582568	2.5726611609341807	2.279538521900059	2.4138404194778955	2.7233323326024395	1.7145075535074403	2.7337803003027905	2.7390443597159186	2.5303394540550004	2.252389321434102	2.370552229010575	2.9480399449680097
F348863	-3.6934950736150034	-2.6593107133049996	-0.022023669334999975	-0.6688049978100012	0.5341755945899987	-1.392387138708997	0.11875299525500009	-0.6545530135330011	2.3412238748880037	-0.7969690635730022	1.028153359430001	-0.4240202976090004	0.9659534617839999	-1.3991430083329999	-5.31453332675	0.19957397789500006	0.6003724922350003	-0.031020277709999967	-0.125397595705	0.1596673417550001	0.7585968108349997	1.6005022741144843	2.3255774336875903	2.6254958962680197	2.4857288012604912	2.3737199560212234	2.4846839718030482	2.9497943824514326	1.4572320085330863	2.2000393442347397	2.4975570722862597	2.51728874433635	2.23605811559532	2.196966106122842	2.8117672519644135	1.9873574987918496	2.814475506548659	2.6160422712287414	2.692102065727889	2.660369154769987	2.6279321656738457	2.9758134265468215
F4368216	3.268380366799996	-1.9924857063150025	0.34518904280050017	0.8180297855800007	0.6889631142199998	0.6848083842599997	-0.23206762812400009	-5.956920154949995	0.9341199251050003	0.21139394520500027	0.1769394027250004	-1.1003082658899979	-0.6875094016927	-0.4869673885150007	-5.440198821299999	0.5665619845750012	-0.32733182329899924	-0.6238672663050007	0.26234013444499976	0.03337266856999996	0.8304243095300007	1.4954305894984556	2.580320199340963	2.6445552136810573	2.7310854570325045	2.282030188910934	2.4511481793631487	2.5955739630779227	1.7637313612958387	2.695777533055784	2.642633915400893	2.6295289709960827	2.442703493585516	2.5824420322173474	2.70040072498266	1.9770071246502887	2.713788173613761	2.8052362985927073	2.659291434838754	2.6978881046884218	2.6567157171928257	2.90624484890812
F4316698	0.0864342899750002	-1.3076549770400019	0.09574927815199989	0.13565426374000006	-1.6503562379699996	1.945643776147002	-0.6669779314510007	-4.174072862800002	0.76346905794	0.4621787385550002	0.8116231696190007	1.7528415589695003	-1.3035964470399999	-0.6212040014285009	-5.402933761350001	0.35811423565449935	-0.4400831301400001	-0.7218944266555016	-0.1519868092400001	-0.18405053565400037	0.7463649021130008	1.5318256676853688	2.506590430242104	2.7397862207964216	2.6803182904755434	2.150124699214884	2.117007937229175	2.6188558261812016	1.6667363806145195	2.757681038805886	2.737659927590713	2.4793787633382567	2.146311032713231	2.1687080952922986	2.604643411913893	2.0400790146233847	2.864598197689647	2.789686798835206	2.6924665871427975	2.6498273431003527	2.503747501574639	2.925290092915836
F4474255	2.8659496934050055	-3.136456408884999	2.7431330119439927	3.108006362424999	-1.6386231347396993	1.1092896418150018	0.40933158118	-1.369448505562001	2.1742764751500014	-3.012025816200002	-3.5948738103149918	1.5159741332000025	-1.2398125317250015	-1.3861873370665017	-5.977250126000007	0.6384456176090016	0.4287971394550004	0.24858499451699975	0.22884430292000024	-0.08802667537599992	0.8713567904149995	1.4009986340788727	2.079516529429203	2.497099800617645	2.4544973816699516	2.1554385961936435	2.0903882844148196	2.58687941056645	1.392506770743385	2.059584426920288	2.3573767266278964	2.4389799932629397	2.2003097562000704	2.179107861913544	2.579541903746032	1.9249119752803998	2.591201137671718	2.6190015856909743	2.6743799363023126	2.64569448709145	2.595451550133444	2.9954573652281575
F4226619	0.17741179250099975	0.594011058030999	-0.9015779292974999	-0.8989673722949996	-0.5383161205500003	0.7753381099500004	0.46926427410000016	0.7718277794839971	-0.2933714150994992	-1.4739570699000017	1.826196884624999	0.6775526442749991	-0.4654433033204994	-0.07485896154499999	1.283898773439998	-0.29510230364850004	2.5442521949094465	-1.138574675409998	0.03785607135049994	-0.5197057670445002	-0.17301415178650034	1.3079669557439273	1.8608063354987274	2.550691639987529	2.4723538124749034	1.8525396911001566	1.768493560993085	2.261858135900036	1.2835086302976737	1.8427796824081	2.067087744943904	1.9391459030049596	1.8525362442714886	1.8036211536203384	2.231145820756658	1.3613949159291727	1.8666038449301905	2.083142657253456	1.9445794378012922	1.896953954534749	1.8098371120489822	2.9280380735958706
F4336943	-0.20203052523749948	-0.6759913853814998	-2.0244141405650016	-2.0294138866599996	-1.2594511959249979	2.3980302300299976	-1.3706099699150034	-6.868116822200003	-0.2287883287750002	-0.5653072510650013	-0.03857799706499991	0.6196369419650001	0.19568336761449967	0.7413360989809986	-0.43530155380499985	1.0817079568550014	2.939290265220002	1.9074656561064967	0.7477348525999987	-2.5757275933150057	0.08141467271949994	1.5347400415393788	2.524222532279619	2.676265880925864	2.581657527713716	2.206208451120482	2.220231059687248	2.86174746953529	1.906381519630907	2.7953505146436277	2.7012582421764804	2.5841195693968664	2.579047347345456	2.5504927282498113	2.8749134881434086	1.6291943135481983	2.5950699298010553	2.416594546290931	2.307613325278394	2.0991244094490127	2.2735231178792406	2.965341199306599
F178364	-2.766959317805006	-1.1922832832949994	0.36025094363000026	-0.03578136112499994	-1.1683121807750003	1.7628118214069988	-0.7839589280699993	-3.4964902302544956	1.75489453586	-1.2367917173099987	-0.4658195619649998	0.42773112039649985	-1.7793233931915016	0.01690406113499999	-1.4460979327800003	-0.8300427337149997	0.5777658841200002	1.010065521085	0.7103198182274998	0.24485344896000047	0.28117215102299986	1.4539089233217095	2.290816470971966	2.630003908385589	2.4730107204821015	2.1400069316935806	2.1835095564911047	2.758405332207912	1.4659393988623655	2.2124167447743583	2.3869544848571227	2.329710223228351	2.0871156492187692	2.4274868126590956	2.845241129376714	1.5001787809433336	2.2844628706229706	2.573781521859721	2.462802723028534	2.1273129912276465	2.1845079032105654	3.0899276790660446
F182456	-0.7268898346810013	-2.8663790234100075	0.4333189138324995	0.2453995798620002	2.123861774419999	0.41307530866299963	-0.20689130854449966	-4.326955844349996	2.5741971414849965	-1.990930227579993	-1.3963433306700008	-0.9680680015739982	-0.2713311740800005	-0.3477635145804998	-3.355094810869998	0.5917024256650003	1.3075466625105012	1.4250167963925007	-1.5310105327749977	-0.3627703201705005	0.4787145390435005	1.4269690682716407	2.375612788447955	2.5778294952592846	2.568167578222269	2.0557502403391332	2.300815260343244	2.7283580017302484	1.6287761797456435	2.4246714051945237	2.389158172996692	2.4190046648347927	2.417487093261207	2.709975233282045	2.746001332085477	1.7314883548035875	2.707693772500916	2.6753380865988254	2.518935993957517	2.3195175656275806	2.619801170516559	3.0441060184778226
F4469302	-1.521757934630003	1.5430427832040008	-0.6817001966824986	-0.9214394797435018	1.2925071434649984	-0.9257137736879997	-0.8485124078640002	-1.168521968013501	-1.2884926943450006	1.1680514628319991	0.8599918772549996	-1.7100008561899978	-0.11545295412400013	0.7579488035641493	-1.3196734952229987	-0.33965703035999983	-0.7736280153465006	0.28647524847499933	0.33317045328499945	1.0145818766659997	0.18242604939999965	1.4023814464196063	1.8545595591685398	2.437164029663811	2.5124436715183633	1.871581213803472	1.7651465037941498	2.262339882307857	1.3723179907215812	1.9022417572247179	2.2741791271159784	2.274228429319905	1.8940406392855837	1.7878282481521641	2.2946206899667017	1.461869645273235	1.9211058090507847	2.30050786698595	2.269503960301398	1.9950910469830436	1.9150990059252473	2.921553580899491
F2420110	-0.05546840757499987	-0.2758906040045005	0.18903813419999985	0.21540456043499984	0.7114507916999986	0.9939246911099991	0.23100571125949979	-3.2705342053199953	1.4399205301649967	-2.376826438759	-0.23881512851600012	-0.4269489420775004	-1.8927446887399977	-0.5447756982695013	-1.041945986189001	-1.0695424709500014	2.294906843780001	0.056033239380000016	-0.4678338927979004	0.6869493919275013	0.11245660200299988	1.3619436285186446	1.8990038496491486	2.476020496884657	2.377091734520708	1.8215912440744255	1.9260473011031467	2.6057485415904247	1.4317274403236036	1.8893425154650507	2.0624794049062567	1.9453648499610583	1.9748631250151987	2.250253031955887	2.6783703393133997	1.445301840525982	2.0787068656334795	2.1714078824260516	2.0001848740724992	1.9465465689798702	2.0296781782857054	2.897631066557049
F352022	-1.5999106732355022	-0.8072431971825003	1.3961959028600017	1.0741318990534998	0.6368901545869993	-1.401132724569996	-1.2426549271144989	-1.3483424928142844	2.064698471490002	-0.5759779917099996	-0.696383014504999	-1.1342211905490018	1.287714502125002	0.6640577287149991	-4.145506618045001	-1.4197675857699992	-0.7615052168249989	-0.4615420774999999	0.22493351890999957	0.06500916993800002	0.5723848393600006	1.4068409427504258	2.2985367208822955	2.6339100356353704	2.527861277007812	2.2130157948571627	2.2417625331506277	2.2925732248144133	1.3749775184143986	2.1539591524244024	2.3954792890810057	2.4001569431486605	2.2810383795321574	2.351569375415116	2.2854839558510522	1.788750506531435	2.4029861384750704	2.5935717616542275	2.5196520705195873	2.669947280514303	2.6208741726351383	2.9506117328673835
F4482516	-1.4796055861840014	-1.1904536527649985	0.40578763160249975	0.17063768608	-2.907244295580003	1.7387960391590034	-0.6602720735754998	-1.020611768628499	0.16205177140000004	0.19047774506000012	-2.71290056607	2.8608804345850034	-1.0373373889050015	0.5388458184905002	-0.11848128358000028	0.8297463943314982	-0.6274857974385007	2.532923740465005	-0.20867550419500028	-0.7804824056649984	0.007411283457499956	1.3875627389753467	1.9599616437471197	2.3946311995436953	2.5427700048734456	2.1644632958112107	2.172527528960081	2.2903233532258325	1.3617592570204715	2.0066844157497754	2.301571047779184	2.314257969216203	1.975446961541953	2.0067979428847	2.256787621663106	1.4191155166038958	1.9792640935080856	2.3972653431476414	2.26254249663693	2.029866842464479	2.05599848810505	2.863837445138538
F4445226	2.1179115623329996	-1.5343235455650002	0.6906417214199987	1.0273572021095003	0.3603819539144996	-0.3256178539699999	-0.23534060172900004	-6.486488279500003	0.5142732558449994	-0.3736921741500002	-0.5167669376939997	-0.2934461822950003	0.015831978788499994	-0.24836087386500028	-5.0018692610500075	0.43306694912499993	-0.09348843036650009	-0.2904142651400001	-0.06053395274	0.2777821253760005	0.7673198057669997	1.5256753823171134	2.5843515252834806	2.6990910482889947	2.5460749807709098	2.3876030421994017	2.490114288839825	2.5080267073727223	1.8876510239600262	2.7798785688083063	2.8253987413096207	2.8233693907725947	2.5436230211645574	2.638524990458551	2.768107319742686	1.986248602115831	2.9493107431416625	2.821979928296492	2.621698005265196	2.6817938275903086	2.5857174698267333	2.968697190640187
F269828	-1.6425705215200002	0.5317339415550001	-0.21511376702000043	-0.37235579801999996	0.6168555658650003	-1.2682041110400013	-0.4260258365369999	-1.8510389926349988	-0.6157843408149987	0.1474361138934999	-0.1268929639999999	-1.0817488489779987	-0.24036144766500053	0.2508698243899999	-4.826660939989987	0.10673773492	0.144485019005	0.34832742713999937	0.38967536677000003	0.8545668658200007	0.6953189418450003	1.4600521069619348	2.274210845841586	2.529056030067612	2.5651869198815893	2.144798193758512	2.5457385931406433	2.5688070659380386	1.4258648706416803	2.2796942411466867	2.3844985165577035	2.3555921466139935	2.1254457967241684	2.4751468042166342	2.6177342165785538	2.0067475454243873	2.8233462216322547	2.6763068419485334	2.5821329259980836	2.5599442048260546	2.9780425149600904	2.9395126954997126
F130763	-1.1415936881514994	0.9996074085549976	-1.8470926702174977	-2.064780648829998	4.4597122036600005	-0.11296882000475006	0.04614202591499995	-3.277216675249999	-0.027390149675000027	-0.5176960836475005	0.6411250184820019	-3.349543639750002	-0.9069880526599992	-0.2515393806449998	-0.8854263248470015	-1.1603710608354987	2.5942861968804998	1.4743683419705003	-1.187845904989	1.1680633872900006	0.1390059908799996	1.4101767111067947	1.8843229991144474	2.3722874779502137	2.287661100296326	2.0170074682733823	2.066298372484883	2.6425574690120115	1.525242352216992	1.908861912446083	2.109440057719394	2.0290264483648075	2.0874366380044713	2.5345212756775304	2.799884028868806	1.44792636397722	2.220744822291366	2.18632576568032	2.0418535581976887	2.020937277806626	2.158082771844853	3.149729535914235
F174019	-4.958359798999992	-2.097007899629998	-1.121128879795	-1.8648632143690003	-0.6158695038743018	-0.17716122386650066	0.6256747138029998	2.995207246244999	1.7341071567400004	-0.5293196416584997	3.3781243044244995	1.8817212961370016	-0.17684727728500002	-1.3393251048830022	-1.1007903831034995	0.23865468532400064	1.2645243181700005	-1.336902046359998	-1.2514992790799973	0.3721615313685003	0.20720814479699995	1.6669468295016863	2.1237036240285363	2.561644402003788	2.496870986903123	2.5592515458318075	2.6342484094880025	3.0004567023230906	1.3742634496410124	2.107774198633499	2.2133386665418637	2.17164940595257	2.332425682223359	2.417787210417632	2.9359067072322507	1.548620193156635	2.1875300904583015	2.1858712136038876	2.256823181450851	2.5164855176282224	2.5054381353116257	2.9604171652724744
F212532	-1.0792576813109473	-0.05292805325400002	0.8378161851199994	0.49195744524499974	-0.4652444794535003	-0.8214484300672987	-0.4828703485900004	0.7610610336889995	-0.09368497405424993	1.2725553690118003	-0.4885557682799994	0.8608425040600006	-0.90492619895	0.23942354216799958	-2.0108783819930003	0.09879907294799993	-2.0840693899750016	-0.10738463132999984	-0.18863303859500008	2.0489765763700025	0.39152689751500047	1.351120581666498	1.7846674244031588	2.510553807825205	2.4800360737536926	1.7982251439106776	1.8785973025698823	2.040105070497711	1.3123721649653017	1.7743378341787763	2.2251029256577373	2.2387062827241513	1.7838669481005782	1.9175931520505447	2.050371631382219	1.4283747701447698	1.7868717491071173	2.239138641649871	2.356195321715042	2.164394108961939	2.1313978401580274	3.030836708871344
F2254001	-2.6752438086729984	-0.31565816781500056	1.083196115457002	0.7260570853695004	1.3110811822500026	-2.0798516237329987	-0.03946448204499994	-1.6430915502849994	1.403440410463003	-1.0248631263750005	0.50037641682	-1.3768355580295004	1.936825060255	-0.2540673816314996	-3.8800615838450003	-1.600377368875	-0.405708297165	-0.744957385930001	0.08804862276889985	0.1402648506849999	0.5397917303825005	1.5066262750662696	2.250595979686892	2.650129045933976	2.562265561416279	2.190057408755508	2.349889913942939	2.5154840819854116	1.4412903001164907	2.1727991209410327	2.3896775313514906	2.4762847175964087	2.216071534900891	2.3278293579217775	2.3769498786234777	1.892029065291967	2.3352305760836805	2.5212981488112987	2.6725411653243003	2.6463398901435493	2.713802718154725	2.9546258111603385
F4402605	0.27177193184299986	-2.3272239945100037	2.1485209131450005	2.1368776252000026	-1.4622049824300012	0.5342383816650004	0.05102215485499991	-2.852224630850003	1.7319450041450009	-2.852730385250001	-1.744254756357503	1.0055518019310008	0.9444332949000017	-1.2013908860500002	-5.764017570500001	0.5941442335369996	0.5071694254489999	-0.0032491591659999843	0.04478338742499998	-0.6294684654353502	0.866633594539999	1.4629250970444863	2.2691330988525396	2.5664138174994013	2.5962929873676903	2.4195246629045415	2.3684416818865106	2.4803771837818798	1.525951087564341	2.250996813877515	2.5724533465483637	2.540355973922355	2.550428334051968	2.396140860755919	2.6365223020599444	1.9953879060110427	2.6792185896952483	2.700601085503761	2.728435354391589	2.727303613979194	2.6891419756567805	3.0026854676722605
F188974	1.1858732484620007	-3.2804842611899985	0.8615352339200026	1.0604798507600002	2.218739814119998	-0.15456698627499985	-0.3755029626700002	-5.2752363229999935	2.4828201117000006	-2.235626517375003	-1.967173047199999	-0.5130711361599997	0.04039610572000005	-0.19203918162900016	-3.7573015309210023	0.7017249792900003	0.9819055382149999	1.1446683443450019	-1.3787457258304987	-0.23264535161999997	0.6003818100015	1.4763334901797265	2.4004748770843176	2.5829304197984135	2.5906519669450088	2.2808331031732076	2.417057849185229	2.685010460137142	1.7552545844239706	2.4803209961677473	2.7127385056590696	2.597951381960277	2.5914820017282802	2.7165951439780294	2.776432335221661	1.857989889638437	2.6677576233125873	2.6844439687273756	2.7246176350552904	2.5439045166247727	2.649091546417714	3.051390439684777
F4336940	-0.7216804136705008	-3.1335002568299966	1.895107146329999	1.9763700937010549	-0.6814454159050003	0.6849372947674999	-0.27842340685249983	-2.1480499100360047	2.470778499290002	-3.0090168706150022	-3.2521555196200023	-0.7162739990000017	-0.736246755309998	-0.5073890993060001	-5.021961724449998	0.7091919466937499	0.9104592911782005	1.2282405949200006	1.0299435817105005	0.4478987716379996	0.68090861147	1.5322641172840181	2.2144127742053548	2.478205139885444	2.5084712357637624	2.4675441475211004	2.706470261677737	2.747068938939236	1.7436669493395198	2.1189075144287197	2.452813018219019	2.5220164818767	2.704320981614614	2.741861310328802	2.8330413488664483	1.9764303939390118	2.6597206511780183	2.672523826622184	2.567671219852807	2.8047251970182616	2.7039119543170695	2.9794921717063882
F193666	-1.1380845653264982	-0.24345265447945008	-0.5847840412500007	-0.6885158447350005	0.5206751058785007	1.646552411020002	-1.8031568290349997	-1.3627378079910009	-0.4294489442834996	-1.3688967567410018	0.4774817548400004	0.7185170860979995	-1.449545625491998	1.5209361796399947	-3.4563679132900007	0.7654248245449992	1.9522233791449997	0.257459712686	-1.4730163400549974	-0.28386900861500075	0.4494471758150002	1.3473669248788147	1.985908781722616	2.531504448716736	2.508525449123979	2.0488670798536406	2.204564372606405	2.377131617207494	1.3177042573617985	2.0117815073202205	2.312782790893891	2.1454341049636683	2.0288925161179794	2.2416188366471403	2.3501976264034763	1.6812952271057613	2.4970154383854104	2.471227207897255	2.1343588287693365	2.3650137789298147	2.603476128557997	2.830890266578147
F4453427	-0.44232200118325	-0.799568810795	0.6570182992964998	0.5727425567149999	-0.6956542520409988	0.037489107615999925	-0.5703054589450004	-5.757616677949989	0.16707177238999993	-0.1925668491600002	-0.2825397309940003	0.20416465255300006	-0.008183328523999958	-0.056643039347500125	-4.484530629224993	0.24438983137000003	-0.09181663556500035	-0.16875867262999994	0.2554431058400001	0.04364818542499999	0.7161765817650011	1.5711990651572854	2.6253901758822273	2.690668042865978	2.733737089112528	2.5216153589528156	2.408256229182812	2.6702718476757394	1.9512314126229646	2.678413084357178	2.857169013774829	2.730959451285871	2.640709255247491	2.668838348261911	2.808656761888634	2.0217856363012645	2.7120344428258463	2.787513988020007	2.6218615145087445	2.7296647605198245	2.779074101619081	2.9618475281757948
F183985	-2.0801005861965027	-0.8426063913035011	0.7410892488049994	0.5331229833644998	0.31778895956400033	1.207934134471999	-1.479206223145	-4.115161084675995	0.7760998783450003	1.1338628546349983	1.5525682911500003	-0.5659761365794992	-0.6046123223100006	1.0877049013960003	-3.1646459358350016	0.08958157277549998	-2.1066015937300016	-1.6724661047200027	-0.1072473576619998	-0.4712224603000007	0.45767765762	1.4903163695868402	2.3815012407132654	2.554713847374367	2.578842279203553	2.5159696416836708	2.519220699375942	2.4761867337797914	1.5882303985022688	2.627880327134199	2.4597955170346792	2.5734924310446097	2.484349721112705	2.6517196920898876	2.484637830292718	1.816807991352556	2.418951061239901	2.5347974526999275	2.6112021447385643	2.6275371976303776	2.7730606012560197	3.0695779743417124
F232222	0.9969379497379989	-1.252485461850999	0.5883273819600001	0.6651882306149993	0.08346838293115	0.6268126310464995	-0.34461982507999894	-6.201484248500011	0.4703265794095002	-0.17608558251549916	-0.3558226519500001	-0.0021424351955000127	-0.4162724267299996	-0.22598964915000003	-4.7558459625000005	0.5219775956100006	-0.0351311966105	-0.020499986877500015	0.005450065698000064	-0.15014775443999986	0.7117744604949988	1.5178558811216374	2.6022135812835625	2.7519907430734247	2.6477766834583236	2.4715821245441565	2.4795643937028315	2.589856065109942	1.8986650417145678	2.6673515336505536	2.7688439543111163	2.6886956298291795	2.695478448090035	2.70209451113356	2.6816990631506052	2.001624255208037	2.744285140309199	2.82104013339292	2.767739903601262	2.6994462653505877	2.6420070139840446	2.932901948369266
F292243	-4.857226394700003	-1.864235943343001	0.03692117787999992	-0.5089612819694993	-0.49271474819500005	-0.2241902405800002	-0.30243101453500043	0.9112690327394981	1.1589450716869982	0.7361929624200005	0.7464590414309996	0.7418629932135007	0.05655132119499999	-0.22780856879500005	-3.546133432889996	0.3642549229349991	-1.0430985897915002	-0.40920700083600003	-0.13752453394000003	-0.13070753071000002	0.5526675561350006	1.841577745815113	2.114202522014044	2.573752277661234	2.661578288474936	2.6508708679419493	2.680049442246139	2.778581471172631	1.4580102842027427	1.9506525554916583	2.3769291524226204	2.472208826595232	2.4215671398379937	2.411407332834087	2.6413032929881486	1.8455093496891464	1.9860817947634386	2.360051584770797	2.543995637989986	2.6061387212410145	2.6605023399509578	2.894136429293552
F2859978	-5.072145655500002	-0.9227539024550003	-0.5942052494585001	-1.3168551049899995	0.10106084504499999	-0.014995650709999987	-0.6120188236400006	-1.0366303465864999	1.3536120816400017	0.0709091870750001	0.05151800568999997	0.8249636995300004	-0.5485598905000004	0.7647438047145004	-2.4767324721499966	-0.5978104725609998	0.4016303949729996	1.317429430337998	-1.0011253429614966	0.044180032504999966	0.3403031922374993	1.7693277537836625	2.4076970365456143	2.5908952032716046	2.7153716225979183	2.5738004638199024	2.7324461480807627	2.744886209967464	1.4761912753935196	2.0724538267942574	2.595608878320631	2.251963038859071	2.2755197252036843	2.7145114228845304	2.7296893234415673	1.8040114159312126	2.3003357588103452	2.571529472075381	2.403381983591603	2.44716961433345	2.7197897608201593	3.0295393596464706
F901834	-5.329721032999991	-2.5868722155599975	0.570866372565	-0.1782197056400001	-0.17312406963000035	0.30222406364949983	0.5683131088449995	1.309488041313499	1.5780002016089996	1.4933816625699998	1.2612612554864993	0.8665730096460004	-0.023933692395000147	-1.6221668234335478	-3.209569845695004	1.0633962633650031	-2.153954233575001	-1.1598219149449998	-0.5747905004649984	-0.23353652700949967	0.4698703618455006	1.8402915200034133	2.086594058316004	2.641369144538089	2.6416858854744194	2.5995657420744354	2.669690401326472	2.939966147534382	1.4349365103094864	1.9205436513634384	2.3040857995405384	2.3909415688606535	2.3912303721033332	2.3953261985808165	2.830121198783725	1.8756341263744027	1.8887438708560498	2.412499811332229	2.5203049867518925	2.671065432004343	2.6969702175043144	3.0173453977143145
F4087649	1.0248416545220012	1.8374805434850014	-1.1429254915640021	-1.0540383668400004	1.1602748993735024	-1.1667777256950007	-0.48628590943500005	-1.7550287525049972	0.40836383621500005	0.7619217014700003	-0.7731727251250006	0.024980362216	-0.16971810014150032	0.06945222072449998	-2.589932443759995	-2.280984517238002	0.3688485571349991	1.9412546225375045	-1.0931943891924987	1.2314770096300016	0.35351372212950066	1.3678890682502625	1.829391109279735	2.305355909402738	2.4397928737621966	1.9156194068414836	1.8626397271834065	2.156448436795812	1.3611023110430678	1.8319324394177297	2.227909991567575	2.2478671230623974	1.9006140738035748	1.9372991709873442	2.161679059195771	1.5051990095923926	2.144955629898651	2.238150563832207	2.2944735290056606	2.1315699449119276	2.130681070830367	2.8889729863013986
F3272632	1.1763495046600019	-1.3536654089949984	0.39015310410799975	0.5396709376049994	0.6068899900099994	0.6620089007399995	-0.8906834846080003	-5.094107860350004	0.7017073304520004	0.15713313865499975	0.4287713218400004	-1.1734685891850003	-0.5784998418894994	-0.12271794173999998	-5.1434105161249875	0.20136550148999957	-0.3421260890999993	-0.7024464381849991	0.43410336020900087	0.1821105042135	0.7427009891085009	1.4619410804208126	2.6720927245490236	2.692497164140455	2.7994793537839198	2.2563162160117334	2.354074758174445	2.515528056492191	1.6742881954873554	2.7355247382076384	2.765403538817838	2.6824312185084174	2.4222267401367943	2.563094231114441	2.761318209840888	2.024481398408	2.8684082389664316	2.8553883071362423	2.8548084553262694	2.655448520917103	2.6667358244580797	2.884032406003091
F354574	-0.6061607400815011	-2.7700802372349953	2.621187934304997	2.5012968863400005	-2.465903312204998	3.387888988714999	1.8215322560004983	0.3386666999980001	1.4622558712099982	-0.03637983119500005	-0.10637535194499988	2.876888517280005	-2.4140623090649997	-2.579415481965	-3.7294170124849955	1.3667041761761762	-3.019794980795002	-2.1883288054800056	-0.3779420872199994	-0.7498809300300006	0.5170130435969997	1.4471264264377521	2.06644345832247	2.4679494715000807	2.5368916787032423	2.1538387465697104	2.176150274247407	2.3956007701637643	1.433732168120075	1.9203783282519298	2.349204511726851	2.3598278972677607	2.1032183630216132	2.1426372289866085	2.4537942399803616	1.7314061846013233	1.948126524271614	2.3153595837509275	2.4240625966549176	2.5847496021498055	2.6444199329065476	3.03534691835187
F188564	-1.3927402665250006	0.6600266854349992	0.7480512712499992	0.5164588363755004	-1.85519392527	2.486654840019996	-0.866995526949999	-0.49702788334499953	-2.0171810468194997	0.36602410891100007	1.3636241450685	2.8461376947900003	-1.211852592734999	0.3669974477549998	-3.285118259344997	1.5456910060700009	-1.7413149975549995	-1.4765733656919964	-1.1842543593139985	-1.0539119962635006	0.49702778693000005	1.439375605053717	1.784147938939954	2.4612599933174604	2.4198455524605476	2.1241182728200596	2.0939441907650713	2.098961816273995	1.3922205082310628	1.779951142209599	2.4557925171882378	2.380444538420964	2.014944712926241	2.058873835494656	2.1085387445892394	1.6024014695942521	1.740580309341313	2.4711476637928307	2.4391290733381763	2.508219056790237	2.6119901746522007	2.9065013369977653
F1089121	-1.4188110343239972	0.07198865645305007	-0.08260876524500009	-0.26216733409499965	0.9390388912200016	-0.7355620737480001	-0.07831427503500002	-1.7892784812549996	0.2553158995120002	0.7173534070350006	-0.3559770056878498	0.14898974118500016	1.2517310462699964	-0.4264758583137507	-3.139588696944999	-0.37516362081950044	-0.676635299067224	0.6499275084899984	-1.219010440251999	-0.4872184857550008	0.3723925367350005	1.3792517273817426	1.9432766989600185	2.448116104241282	2.427472802009023	2.1361854689588546	2.1677418992773725	2.3625541799109744	1.360001398863248	1.9430904404924982	2.2552141212535814	2.270336186751212	2.1591033202912056	2.190902697214042	2.31891372212098	1.661271773062995	2.0763425454270017	2.3673545569953856	2.3704942587824895	2.411580715913585	2.5824255727297047	2.836208859354137
F1136492	-1.0537188248985006	0.03293998806500004	0.25600537582999977	0.03578127016000006	-0.7367911369574989	1.2316430917460017	0.31983509346500044	-1.5613318930060016	1.6728312689800002	-0.6657687368850003	-1.189351815620001	1.2358256797050007	0.6249149762699995	-0.7001864065799994	-2.4971704460949957	-1.7275900542049958	0.3027605656399993	1.2687121095599998	-0.4373266686620005	-1.9624772634049983	0.3174537395499998	1.437976449185701	1.986886627816312	2.412740772027958	2.502018565146051	1.9217905112952918	1.9514937057119046	2.168569230836637	1.3977738605201957	1.9555623862319955	2.3531104142234733	2.310964802948482	1.9395083645044937	1.9531439997269717	2.1892944680553668	1.5777557304126075	2.275890002615401	2.446414458202158	2.323755712231733	2.039171406129502	2.3937857319558113	3.0309362748142408
F2368865	-4.239676512200003	-1.4402180806850007	-2.1498058049004998	-2.730710415729997	-0.35686657114924847	0.3951196647030001	0.3518326421325004	-2.1278645505299973	0.3815194742149993	0.48185544404999986	0.7001495783700004	-0.5976178132719997	-1.476398834919997	-0.25958764847499993	1.8248338500950008	0.8989061198664998	1.5564000517450016	1.8755042598349976	0.9347168047209987	0.8946898928400001	-0.353620311825	1.7060090600093993	2.0136365993235037	2.4531397479349892	2.4994609442786184	2.574163234913301	2.7542093950820807	2.8799591655783203	1.4686233511334277	2.0123331384739194	2.242284328137053	2.1306047460567643	2.1703329700466014	2.4706127111361327	2.741921114258567	1.513610880016982	2.0970455058197106	2.2726154987253815	2.1517204635530676	2.2461990695099434	2.4975060806056177	2.9329670430321415
F192566	-1.1219476266081025	2.017921665464998	0.12529295529999995	-0.17898007420250023	-2.8700567427499997	1.1547668772930015	1.3581368739999977	-2.792698215500003	-1.3442721896855017	0.506701334904999	-1.3733332925299981	1.0465297149789998	-0.8403191078900003	-1.570726128744001	-1.8231868691034965	-0.9478950900215012	-0.23038543937500008	1.3580457644265027	1.544073076169999	-0.1350536121614998	0.2507179995499996	1.3853622045011331	2.275158148790467	2.5753770575432826	2.5503276978978753	2.049530774025517	2.1002204419292574	2.414574218552914	1.3885759232571526	2.3100660600994933	2.4125762622206794	2.263647063036001	1.9749753335904205	2.0418600063258396	2.5648307726588104	1.4696810053356313	2.369080566511968	2.4000957470684003	2.316270853836928	1.9975851963800715	2.0763331030080283	2.9346811081501314
F4335582	-0.065798780725	2.6457875898299994	-0.6493220939600008	-0.5183203346060006	-0.07080358895299999	1.191223775419998	0.6312954397734989	-3.776856358500001	0.5816492339430006	-1.0270690936049995	-2.2644820761399997	2.2701270474994995	-1.6125915744390007	-0.5243789758900003	0.335767722654	-2.943798827706999	1.4872842858699997	2.7899693832000003	-2.002324451954999	0.18598289878000057	-0.03510248810800001	1.3897169172513346	1.8515322226993296	2.511671176321913	2.445422997617822	1.9452776751965168	2.017733710158257	2.6280429188114898	1.4667922128869388	1.8706955209412508	2.115969399584705	2.2197901552525767	2.1129704467693213	2.4633419914465318	2.714178798627008	1.4380357012399176	1.9212751177171363	2.1669284164147107	2.15705903439198	2.0156174355632723	2.0884986609965397	3.09959141014724
F4390134	-0.6787539527049997	-0.769370317954999	1.424004598801798	1.325665719672498	2.4863885391445026	-1.3118173201050005	-1.4408269920800003	-0.48921703409800027	-2.019774005844	2.6642136769950033	0.07554947825999993	-2.4377262976265013	1.414740653779998	0.9307950418984989	-3.8187536384050036	2.7833198716549963	-3.964514925332995	-1.4862900662549994	0.064886931087	-0.21310057849500014	0.48113273562500075	1.42541194472327	2.2038321052460055	2.464498127226639	2.5678306018677537	2.1024917975297948	2.196942113686512	2.1773235342853816	1.3840455438979529	2.112528060450794	2.284177307666854	2.334524230390921	2.1495306344805956	2.171354670706059	2.2096020556152904	1.7688082077492266	2.0657556251664455	2.343869862042231	2.4497533288137965	2.664794390146144	2.7678592476512875	2.8992644484167385
F4454586	-0.34793962086949987	0.22676336012899992	-0.32037032652500036	-0.4030799215105001	-1.2024927387600006	0.8772319481300013	-0.04203428703824995	0.042639281220750024	-0.33797196854000056	-1.4878946340600003	1.93220344567	0.7704529241730005	-0.7114467484960016	0.2698938464349994	0.8811563806769989	0.10242442631500005	1.7894109611450018	-1.6608591267600032	0.36533497050000013	-0.1547117554070003	-0.16623194283000003	1.3842505870787387	1.8662718490092836	2.401966684417236	2.5258332099387504	1.8991364399335573	1.8418766002607863	2.179314235046071	1.3565363443678735	1.846181973010701	2.040676744537787	2.00761607361234	1.8542016950048241	1.8451498262003547	2.190912087661733	1.4399097029876813	1.871422092749565	2.053026741703934	2.035415301352357	1.923337021693601	1.9151138801532595	2.9723758393002977
F2915091	-2.654188402524999	-1.1873994155405025	-0.7898014214550011	-1.3235515460150002	1.9174262711299999	-2.924110503274998	-0.22509766479600013	-2.207326331904998	0.8819281477250016	-0.4277705964050001	-0.6774276369599996	-0.20503362492500027	0.7932475533749997	-0.7600248793609983	-2.9893034751200016	0.48457627451000057	1.2085567128350008	2.008069495125001	-1.3078735866199989	1.899022373580002	0.3621655734449994	1.517138514870397	2.1647387661681403	2.4802795674880556	2.5521477420053786	2.1299312916530604	2.251094433688647	2.844678196926282	1.4109288608486348	2.194551197147969	2.445192742955013	2.336820058321098	2.11875546153721	2.0938632037497062	2.789645466945067	1.596651986752023	2.7506764854687322	2.5453798873192905	2.4607248191388673	2.289799410553944	2.2458756425730915	2.98621143347484
F1945397	-0.04141692909855001	-2.155095304419998	2.3174546686550057	2.183591736564993	0.007872921082999992	0.737458817774499	-1.6645064242600005	-3.441611081845004	1.5887096924999988	-3.5459289280149964	-2.389837754150001	-0.4737232297395004	-0.53324652388	0.35494235060149826	-5.386541229000003	0.7030793151824983	0.8925690896885004	0.35442624318999966	0.451793033815	-0.059130748330500006	0.7270096968229985	1.497263986170078	2.2168561176503134	2.683212487049268	2.645685998129763	2.5361424059044535	2.5159517662217006	2.7780230057724586	1.7387596149812776	2.2233863855533667	2.5027940093830727	2.6373741990323887	2.6701249699137533	2.602697961640679	2.954724950679554	2.08945450946459	2.647734549553264	2.889518684488044	2.6531878832419538	2.7212221450690164	2.6727150540300477	2.9081074008074066
F3838929	0.11906395594500009	1.0447791365374992	0.8960718855859992	1.0794252236299986	-1.0502290112304993	-0.370573713126301	-0.1453509317160001	-1.0875579579009984	-0.0757666467729999	1.053085351135001	-0.20954734010399967	0.20533824926749986	-1.2296467503799993	-0.2597677360000001	-3.1515953532650043	-0.783801671707001	-2.034606594076002	-0.65537008922	0.5831788172500006	1.4698647196409984	0.436552943005	1.365885295995036	1.7527602946380691	2.4248966732151396	2.412965067185813	1.9814445983194635	1.935934581160416	2.0538578966997028	1.3211575165736327	1.7573337673504423	2.21408083555699	2.280487860470188	1.9754596638378978	1.967281133169398	2.0312003905555254	1.5058671098939218	1.8261161913452235	2.2529503528963524	2.427012671406005	2.4113528144230347	2.268578666182969	2.958910898331394
F553150	-0.4557939262279993	-0.6893653484598735	0.7718061069050011	0.5736854468499984	-0.43254262198999904	-0.09207493930500019	-1.6110842782650006	-5.964181961500012	0.31507431815090015	-0.3231777730700002	-0.3568195047550002	0.2897314480949995	0.10977869097000006	0.5253049824299996	-4.892719179850004	0.20316823656860034	-0.19526661647300006	-0.317708744834999	0.26518695427500005	-0.08263588889999991	0.7148487285700001	1.5999932345213863	2.5151348829060773	2.587150037782965	2.619655926675334	2.4089016634134026	2.3879424521040815	2.7553518282504603	1.9080140859922083	2.7318411891778625	2.730586828070405	2.6702448307961912	2.581948186798688	2.58701252039756	2.852706030252715	2.0145520308491913	2.7474110084452885	2.6437301776456716	2.6617269550970257	2.6511376674573617	2.6518553729286034	2.9992850487658083
F4469199	-2.480757635944999	-0.25844771379600007	0.2565282065100003	-0.1162645937049998	-0.22477904600049994	0.47391412987249976	-0.729045266643001	-2.434009256148499	-0.2768126317374999	0.26563719321000023	0.26437406764500027	-0.35145468166450033	0.40929896125999915	-0.5559968803909998	-5.253086699149998	0.3203374866500001	-0.16743212453500014	-0.14637278260999978	0.15456080191499996	-0.5132372698259996	0.6832381719099995	1.5642597099933016	2.641923434635508	2.52455921331029	2.6696923106458224	2.4315867056753953	2.377387592577347	2.787056182434183	1.4619505086469353	2.4620197196122033	2.554530736936016	2.453878389265999	2.427505463830975	2.4229332469299383	2.803349148849163	1.9876756067581962	2.7241793666557386	2.7666309762153674	2.688834346602727	2.6927274546148405	2.6886750061203304	3.0135081674872417
F4301511	-2.8028797437904975	0.136403997275	-0.5285438140944999	-0.9582602149050007	-1.617350091355001	-0.7407962854700006	-0.21267778106000007	-2.665394525109999	0.6782158924649994	-2.213667174689996	-0.7796644508734999	-1.4680111147249986	-0.45157997533499966	-0.12279720621999998	0.30389702740099966	-0.7049219462649995	2.865815917004997	1.3993941258439984	2.759144066535	1.390516604445003	-0.09102279377099987	1.6102370242318174	1.9508905435653194	2.6089390081758643	2.4761534460488495	2.4079500425100657	2.6336567051831827	2.8128679211739853	1.6317374550129216	1.9615346532627207	2.230873128341763	2.1430395958972324	2.4473422358425374	2.8371453567992404	2.8617339353219564	1.5678348254932053	2.171975427128423	2.298697693502264	2.24225137416934	2.398152332591092	2.5298034834232728	2.965476234876023
F177342	-1.258452552995002	-1.149107519464997	-0.2597643676099995	-0.43926529886499976	-0.28312034787399987	1.9011032564335049	-0.2312567677250001	-4.921814558550003	0.3672751226830001	-0.03349447598350003	-0.017190698835000007	2.339089919316002	-1.5429752638160013	-0.35462292991999983	-3.7128588750999993	0.6054798584600014	0.4570524261165006	0.7284861006945008	-1.7982009524830003	-0.4623079350290004	0.5424976430149999	1.4887565353652983	2.5989095806027347	2.73622935180486	2.682257815272558	2.0935131528544217	2.26021900709144	2.5032411307152773	1.766832599798369	2.716587499988003	2.718950656702517	2.6703822964714674	2.3129634766710874	2.40320565821678	2.723360017862432	1.780850014775	2.7610100999405516	2.6049029257340575	2.633641329689499	2.428184867564041	2.5834385462613354	3.02372991743018
F470117	-3.0869279363400035	-0.5429822638115007	0.650249394691851	0.1984068354794999	2.3840533281350007	-2.908484760299499	-1.3292871234810009	-2.3025584890600093	-1.1213278331115015	0.5131182722934994	1.2562610248749997	-1.5797973565300023	2.682467430795005	0.9698436052605012	-3.308278904990002	1.6931753085599988	-1.4428113532369995	-1.2696787275849994	-0.7730415317195005	0.08789471280000001	0.533904075794999	1.5514163779718053	2.3648286752097265	2.5601146070769207	2.5538785752399216	2.3043734520985324	2.447068040880328	2.5881443948588285	1.4721153829009492	2.2760878931894006	2.5676877985448847	2.3300167294072467	2.29324372768915	2.3787874960887527	2.5366112053396006	1.7902619185526565	2.2423950245889146	2.608742876762424	2.5466025476917333	2.5831236579156616	2.7972497854480705	2.8771289750523055
F1602307	2.5048513421050034	-1.6728402416650014	0.7699477409449991	0.9771433774250017	-0.20213399753500036	0.5000164540535009	-0.5686787179169994	-6.510704463000008	0.5812954316849998	-0.26085777892499923	-0.4026741428670004	0.010024515902999864	-0.21959623260999966	0.062338370655000024	-5.116719037050007	0.4954658688200011	-0.05328190324800004	-0.37516032644700015	0.11817234345500001	-0.16534715232900019	0.8255877165549999	1.5382064208467752	2.535365389680397	2.6906628820301517	2.591120987284817	2.3909039163351444	2.4698806727884604	2.5981266281380306	1.9025593499676379	2.742887226263064	2.738261417114488	2.708835602855277	2.7578166814872143	2.7491254825397977	2.7604328233215543	1.939820136068648	2.8154661354956083	2.7687118025830624	2.6141529211867764	2.6846076769223086	2.7788803510176847	2.950075094167632
F4459708	0.6859789249200003	-0.05760623039015002	0.2245788688484999	0.24703165309500055	-0.28886088448500025	0.6196749846650005	0.35343292224000056	1.004801275029999	0.12691023004499985	-0.48101731684499976	-0.31832485893000023	0.6724391861300009	-0.131145726116	-0.13649099620800004	0.4386879363249998	0.1601688509769999	0.32206941082999974	-0.011098013954999991	-0.323189941374	-0.4270796558549999	-0.10391411420049998	1.3533474719424068	1.749047030072663	2.4823059745923164	2.520579595271106	1.7786009658175364	1.7606107164353975	2.0946981844305297	1.323247431037486	1.7701557953008413	2.024669661260335	1.9745531004701504	1.7797026498065742	1.7619635766581203	2.080473336620003	1.4021753384938875	1.7779383471482515	2.0326371539154318	1.984179752299268	1.853488832956528	1.8021552834548957	2.9506235286963705
F4352657	-1.6157859759845004	-0.20739719963100003	-0.42982748387500097	-0.677587612119999	0.9463749152329989	-2.1218873185749962	0.6599899037394995	0.6654096330084982	0.19146537622549978	0.8036453119365	-0.2957300177960005	-0.27202358973499974	0.8681873246550015	-0.25729842900300004	-0.11632958621699992	-0.026849386145999982	-0.19436296798499977	0.8712604561150014	-0.5318011364350006	1.1123651177719998	-0.015373093775000013	1.3529802523659826	1.7294019911245564	2.4162753754437425	2.4311219729081044	1.7707607294873133	1.935848828339217	2.154924894387776	1.313975930650204	1.7717058971711515	1.9511029455344335	1.9975838301829683	1.790911103957662	1.8725558766807366	2.161361060547024	1.3797554611993181	1.7610318283297315	1.9756209662348057	1.999076822833438	1.863906738341084	1.9101277714699914	2.8846562832237077
F337511	-1.0504026083665	-0.6567520840990005	0.5951341841299999	0.39500422988000045	-0.9899904456450009	2.0154915373150035	1.2082870132974999	-1.4927113861800008	-1.2398208086414986	-1.7917437852199993	2.133915149873499	3.0694752575699957	-0.7845789525450008	-1.9745425962000014	-2.471328225580001	1.9758103598650043	1.0661298043899996	-2.573583067435004	-2.3140900316800006	-1.3522399155000022	0.369161484374	1.388436887318109	1.8917378278005477	2.468519604030539	2.4249803242570867	1.9844168527117867	2.094964838146892	2.3182355373343384	1.3890083920610827	1.898550081802517	2.1372762059686754	2.0649925880208517	1.9205720585018815	2.0709415913272475	2.357724964070035	1.5807419433919658	1.9604366874124002	2.1319777249535177	2.1392196363123253	2.372375203093075	2.5025038288746964	3.076431593275272
F335906	-1.1669551526449995	0.6827073044749994	-0.4749676631455	-0.7631262554799988	-1.207845881654999	1.7010323114780004	-0.1262067867249999	-6.369684775299995	0.3895713063334995	0.028336760549999902	-0.4353851119875008	0.29693130715700067	-0.014154758299999976	-0.085214042535	-1.0796810467019986	-1.3255912473149989	0.5452355774309999	1.4978180066594973	0.7606306128705018	-1.3435106273450008	0.17676217700000008	1.4606007812226505	2.3504147458471674	2.6256236004631632	2.6096358607607786	2.2195611492998286	2.3347850981804403	2.5871831518602755	1.863710129715128	2.6945561652447236	2.6703040468744015	2.594679425306355	2.717037959508858	2.6581835026783804	2.7635373262862704	1.5385732384184745	2.30468555196374	2.5487142638213074	2.544391963487448	2.1823245041803925	2.30275966044882	2.7776478323390097
F185558	-1.9588702218300014	0.4860070854200005	1.0487536850199985	0.7249078857050005	-2.852228677359996	1.2185527629099995	0.7536875536149994	-2.805454163035	-1.4170535409750011	-0.9117725552749981	-0.1557178522549998	2.917746190529999	-0.8409092237000001	-1.6126975701999993	-5.171715718424994	0.6213176731799991	0.005678734219999961	-0.3754674123199999	-0.018903103742499972	-0.15067335565674977	0.7967963179624997	1.5342770512573463	2.5201095054954936	2.6545599593969453	2.6830041786368253	2.3986585885804854	2.213876668297624	2.378202742120531	1.4902900137692394	2.5360207412194886	2.656191820290933	2.5488068625086413	2.220289261787228	2.17484581980137	2.4634889466624394	1.9854350996142653	2.6751049402436413	2.6944830331218297	2.804791208224923	2.6444500130338593	2.602503374104847	3.025760041275979
F174625	-1.0026590719459003	0.8277414320894994	0.3358352869305004	0.20496386301149994	0.09124565101295008	-1.3843106868600008	1.1376979730350005	-2.1768874056579985	0.7443596887555002	-0.5435772458762996	0.7640029504150008	0.013082234173499985	1.1767085300349955	-1.9610396943999988	-4.531221274499992	-1.7194922447649954	-0.15544401428000054	-0.7311542488350001	-0.12153343773499993	0.047935749669999965	0.6124505975000012	1.4103701838682843	1.9903734943743703	2.5174282222878532	2.497969515834558	1.9644231610062142	2.0703502529374074	2.508570769496209	1.4125727864265722	2.075941993661041	2.358028109563516	2.369284648752189	1.9937279648966104	2.0419694644987483	2.532204216412939	1.880097837466174	2.3956435891039254	2.5960195592042554	2.6152914098352857	2.5204591938815035	2.6074144646932664	2.910090396027442
F179449	-2.7996523367059996	1.34469075705	1.7830715967719981	1.5186107068457961	-1.2845365625550003	1.404809737699998	0.1745436152100001	-4.5219244068	-0.07447792469050007	-2.434714347918996	-2.157192167684997	-0.2818709459249998	-0.36628022510000025	-0.29743700242999976	-1.2188316767449994	-1.2596853809400017	0.41955363962500075	1.0620921060500008	1.3977161397899993	-1.090141699796035	0.09361379618500001	1.5891943988845079	2.549023260014123	2.629417407077076	2.5808200523784572	2.2048311473791187	2.276035707771129	2.661876045366951	1.6862397240352682	2.3301110412911195	2.456591023853135	2.6034517141023974	2.482675650151965	2.5865138711986795	2.7391601657132534	1.5427963395969315	2.381923630682186	2.574667091571841	2.526609580602456	2.2785971231852455	2.2742897929262234	3.0196794976657557
F4468234	-1.1009748958894998	-0.8166238828150008	0.6174591716775001	0.35896177440499977	-4.597719586150006	-0.5172522691609999	-0.23173539188299974	2.615612228120003	0.14526955923499993	-0.36241110573500085	0.4124319958804998	1.3161570859726972	0.44648816551000037	0.8383227689850019	3.1085463358449954	0.504624185300001	-0.3865504172949995	-1.0551831363620001	3.2525741002900004	-0.0074744331449999625	-0.38260547673999995	1.401040475005394	1.838420444500741	2.3810380301078506	2.397980908806624	1.8410390341878784	1.8556546344932845	2.1282598365017162	1.393169354840291	1.8754381143707752	2.0695960004186618	2.086001868015726	1.8476630577357103	1.8290917651352563	2.115653295258967	1.4342871662059462	1.9038915591311258	2.025559272428965	2.092054915821826	1.9617962484472242	1.8257546148813473	3.079666667454816
F309929	-4.269787770120007	-2.25417294073	0.47521258673700006	-0.08501914643350013	-0.14273922828500019	-0.05363553890599991	-0.1997611557319994	-2.692457956649996	1.0466964418690012	-2.5513367050650007	-1.3827159846399986	-0.66455485501	-0.3337617578735007	-0.3112232840300002	-4.540102283849998	1.1675066540300023	1.5410581598000006	1.1580757711385017	0.8132818006029494	0.48840051155499986	0.7260885083056501	2.027788720990269	2.3800027857995505	2.7390478178912905	2.773597870908314	2.734511031510511	2.884059870815206	2.8810477541647015	1.86328408153118	2.21232033688172	2.536314043991931	2.7576920980702924	2.703827297651844	2.8510881148903073	2.899413395968971	2.2315826675131403	2.6869943856277416	2.764275148709275	2.743834410029186	2.7759084512462042	2.875995438482003	3.09081805747642
F2134452	-0.4659412706399995	-0.7958825926149994	0.1577504267699999	0.041697041660000045	2.009894440874195	-1.7465088653450018	1.3849540576350015	-4.1268418275999945	2.2493373492249993	-0.7425702952719982	-0.4590731943949001	0.15093904189999996	2.0476961901455506	-1.7602005793099988	-1.7791286758400011	-1.190912852415	0.11985340935500041	0.9273563624050027	-2.1789895032177613	0.02702799820499993	0.18691637463500013	1.3602204209382351	1.928999725649343	2.4060527913850054	2.4391441664797977	2.0130993961932897	1.9913154054011057	2.431457998886162	1.4191053820492463	2.280370687460985	2.3533684809883284	2.5068030339194736	2.179250188008162	2.1967049225012585	2.535421786483876	1.4402737320152246	1.9429086279073522	2.4321805850493816	2.4585202142007354	2.1242258891288213	2.137266879884688	2.91777285915757
F158569	-0.4846269853059989	-1.2294134440674993	0.43085684482500036	0.44396040099899986	-0.22107165111549948	0.852514409275502	1.2440086107820032	-1.5857131389772505	0.7665785521100014	-1.6801103678100002	-0.1856589129520003	1.5143932070500037	-1.6672937009941473	-1.726620561484999	-1.898222634730998	0.28414213936	1.1527326274219982	-0.2002915741599997	-1.4906703345649972	0.7874501768635	0.18434172473000004	1.3962851790082105	1.8686010179703323	2.4314974508476372	2.4343753483060833	1.832966574103523	1.788367242907989	2.4682792392136643	1.3941291619194764	1.8577524541616572	1.999364613588984	2.0163259235434703	1.8327470905854235	1.8319200128304787	2.5618840850714784	1.4635184969224089	2.1321328693422257	2.0603393352625026	2.015059880154964	2.13740964982863	2.1151470349889867	3.119575218259928
F343727	-0.8254799322500028	-1.2691582584784986	0.07901684564199994	-0.011862963889999975	-0.5499888391514984	-0.32119128018300014	-1.4216965340950007	-2.9846999130729976	1.3549443744799992	-0.7558902212434485	-1.7822571934049993	1.4614565254260028	-0.503457454137501	0.7242930040199986	-2.9433711571549988	0.14478899777499993	0.7680380159250005	1.7874459304550003	-0.8861292096849995	0.8207872355460007	0.4776177403880002	1.4145199030397868	2.314102417428165	2.5065692128904518	2.602426579954172	1.9900067954580989	2.029671907748312	2.3445200764195726	1.420220658725491	2.479385887268554	2.4383964419733717	2.4480237903723174	2.2445205211916885	2.1139889283332023	2.338208090667084	1.6346584260290464	2.6494494145108924	2.661144707550893	2.445391076990169	2.244755592100151	2.241732612196513	3.025061512074984
F3117556	-5.436258162500002	-3.0497466419999997	0.4046907815499993	-0.3288310537809998	0.033090189744499975	0.23068690552999999	0.19927167702650014	2.6371469962810057	1.674162674375001	1.6883612399949999	1.944107346315004	0.7065180953450003	0.13855419324450044	-0.6240725608100002	-2.9437462035049986	1.3768564080264996	-2.464373759616495	-1.5827321373699994	-0.39225404746000037	-0.1556527762699998	0.42639133427000003	1.7512322818898152	2.0265845866361	2.6261190099845333	2.665800530531405	2.5965853602193625	2.61514684996556	2.918292035374899	1.3750748183019028	1.9147047357099505	2.2771249087602428	2.472344175538016	2.341919462704005	2.4391014394357584	2.7951343716435058	1.7625411326917	1.9172736334884055	2.3829493824761516	2.5021704220938275	2.657918984030192	2.6926320513588773	3.0090547961767506
F4454564	-2.561433533974999	-0.9239951750179994	0.2624389372834999	-0.09272379453499982	1.2583029644005028	1.1163639945940007	0.27884408716499987	-2.180661761924	0.522019851975	-1.1518288425000005	0.3290782457600006	-0.7504547974250005	-1.9647766411715017	-0.8432121778249988	-4.891051507749996	0.3908855556600003	0.5359976703249999	0.044582091170000004	-0.20908422186499964	0.3779878269850009	0.7377581629924985	1.5400383398282425	2.438986945227483	2.715833912658144	2.644795498960628	2.302444948804387	2.398697420863879	2.6026611545772145	1.491922131795505	2.298619130522853	2.521410530839887	2.531018388268803	2.232484835446803	2.4521780539358136	2.6417946081113013	2.018293800232562	2.7079519937368914	2.797321283464948	2.7794378566850773	2.6384628087828603	2.6955785583796827	2.8966385943286963
F2272351	0.3464557843469995	-1.0919320568849968	0.6901686813199992	0.8175982805799997	-1.1562760755250023	1.176212413760502	-1.2026167882699983	-6.131858075500011	0.42038101049300053	-0.2764244575349996	-0.38292039799000005	0.4568814373849993	-0.1712229082800001	0.2583097522956	-4.93467318259999	0.4004080981049997	-0.20295484240849976	-0.2464205291649999	0.3839631278825001	-0.2701206580900001	0.7523458435299993	1.59174276949858	2.5722472234486973	2.6395085599427484	2.668568304477993	2.4462991185317127	2.5034522347562027	2.6297165000025995	1.9405438310768512	2.796061314510283	2.7525998215692873	2.779658130932941	2.810912813608392	2.7217627912924565	2.8050018486167367	2.088579850777211	2.74595083119113	2.8318240695151236	2.7787738527085466	2.75936388055813	2.7569080375867356	3.014757463640781
F1679707	-2.3024005013000006	0.026911605976999986	-1.7423929035259997	-2.023892830500003	0.4013692757385005	2.125611052764998	-0.7896208552095025	-4.3279206446149985	-0.1844958289245995	-1.502126583228499	1.3193646445749991	-1.410238809049999	-0.688304476960001	0.17534341465999995	-0.37368827348750067	0.0848067230763	3.4600196686499913	0.6517855153100003	1.1335246048735017	-1.3111428235265026	0.06771293559	1.5728359862339387	1.958769197226653	2.540074258868681	2.5808883690537203	2.3672222856415264	2.3172264725194194	2.732713079873252	1.6815058332541686	2.0528923570282727	2.3644080740921636	2.3778089968317726	2.366259503802118	2.5954868265673734	2.8624768986035756	1.5998201360694495	2.238489995733193	2.40016100459244	2.241777143481009	2.228302820650392	2.3212994580323967	2.934058189410856
F4314258	-0.20359189410624992	-2.700841237748901	1.9851608031950014	1.9181872016349977	-1.1726155403964014	1.3601632333024958	1.2493343490850002	-1.5777515662424968	-1.3543036880665023	0.06970697148400022	1.1643239297985029	1.386032365149999	-0.5986288245379012	-2.0747024489799974	-4.180231777323002	3.9892096805499997	-2.612577040414999	-2.6553925837300008	-0.64302377565	-0.4872533752450005	0.6153067229485003	1.4358734154177109	2.0685185053216	2.5341535337837837	2.452930449837999	2.018170425915672	2.025397655495538	2.4208620998406936	1.4444191612004231	2.045973846237687	2.4455004042636874	2.3651265474725554	1.9792959862717028	2.025430823110086	2.4766989297901527	1.7099234347223644	2.137748610895414	2.461293039580289	2.5939176490079627	2.5289693572814835	2.562703627448351	2.8864002407998743
F4432433	-4.765947718350008	1.2952581748750005	-1.376554905107001	-1.9615071954499985	-0.8353586502009999	-0.13134332095500012	0.3696168891374495	-1.7496639893785002	-2.1430450382694963	0.2038600467004998	2.5628026616200015	0.9783813697850013	0.7965851936349999	-1.0803321505824992	-1.0708632990300009	0.6196592468545008	1.0189687838449994	-0.3951512962051999	0.041262630141000047	-0.7539948906769978	0.11386334436449973	1.6975394848980543	2.0460360301039606	2.628691006722319	2.7236276470122673	2.3937614509581238	2.5336081253074902	2.849948944783446	1.3861317836848157	2.1731984149814987	2.324866055642517	2.3329783511962985	2.082602836128562	2.089075567416643	2.8308324732020775	1.444673875504798	2.025735983137151	2.3728038091872365	2.30364497215533	2.0827886451331383	2.1365236724075327	2.9486053915131247
F4474760	0.2906893025960004	-3.4599869941650034	2.996365659294993	3.0286000791300016	0.034693922064999924	-0.039925671474999945	-0.18887864494099976	1.3796318004799992	1.6326194478119955	0.6644264983349994	-0.7697526763549996	0.6554259464184985	0.4855921781764999	-0.43787434459999947	-4.000467114199992	1.8902959233749996	-3.7628925621500002	-2.155977690960002	-0.5447173204400007	-0.3090891822944001	0.47261070983000064	1.4038726198551266	1.9971730040819162	2.471554967963991	2.472489061200333	1.9395761382899892	1.978603270031976	2.066628742742073	1.34545573486942	1.7856882566039498	2.031390552536774	2.3142686172484894	1.966119165664807	1.9823884955443212	2.082050541558176	1.6842895682851364	1.798341072644141	2.133886106446512	2.3355580560283986	2.586160272282636	2.649195967124172	2.939638054935163
F2136916	-0.16855593542999958	-0.6930332687599979	0.7415562961624983	0.818255570204	-0.39727343624999945	0.5936167776599991	-1.7317309305700006	-6.085202074499995	0.2572825744050002	-0.2879525021299996	-0.32607567285900063	0.35071173294999963	-0.18022764504499977	0.5127639633850001	-5.032725797149992	0.15940367695500018	-0.1571090394909997	-0.31146265181999966	0.16999694146499972	-0.26876141715899987	0.7118020561549995	1.6193481937009162	2.667156761503559	2.8050658568611277	2.6121833095515314	2.428697926068163	2.512683090163756	2.891332488166329	1.9911532715334583	2.718501210522632	2.742537356603538	2.629266649574431	2.6797063358702125	2.6503868725541673	2.8279668350607534	1.975743689791542	2.6795800572618225	2.8517187288548564	2.7152226471340164	2.636608561580802	2.6366957077656132	2.959267420923951
F174943	-4.054292126752006	-2.517210022660004	0.26147413773500006	-0.3328778056549995	0.151798055385	-0.017902546165000033	-0.10960475659999994	-1.2776736609963013	1.6547958423900027	-1.7189327993750008	-1.2568639298965016	-1.5106719366400028	-0.9361790295200011	-0.4472385286700008	-4.565579561850002	0.9273834678999993	1.1330697960750005	1.1139775804999985	1.1235728006600014	0.7060049140899994	0.6429820621250003	1.9458655461404473	2.391929476678951	2.671529724273907	2.805559096758703	2.793598477114929	2.9817606624379263	2.972540168083658	1.7892464997564608	2.1355680647044326	2.523136339918448	2.398586908252694	2.6029892834184603	2.7263168771014215	2.7019421983919605	2.1413141562767364	2.5457095200693423	2.7234573032851137	2.6402402859682548	2.7697091662112983	2.9269310117691276	2.9615649982445444
F192347	-3.6263643796499934	-3.129816297800006	-0.9025197470400004	-1.2810296750254977	0.2058647797999995	0.3335882950399997	0.08251578074000013	1.0359029155754977	2.09262428652	-0.04638168482100013	-0.16507916730000013	-1.8661646464340003	-1.7292219095500019	-0.7803361181750001	-4.979636272505001	0.7620797224449988	1.0906394892100006	1.123974156981001	1.4406115462599993	1.0236170070199988	0.6330559654500008	1.9287607826093427	2.391878677663431	2.5992546658828886	2.7395061988895257	2.751017710882571	2.95585570958256	2.927761917025761	1.6794957035524458	2.263895317619832	2.5148937668258067	2.4733254347197158	2.498504818283414	2.799928727456668	2.8317996727124926	2.2240828830721253	2.673085943782559	2.6883461720347475	2.7724470955524	2.838244250940267	2.678738539829369	3.0024756906576155
F4416646	-4.806640798550002	-0.025329977054999973	0.5265008196039992	0.014334775124999992	-1.452921525455003	-1.1969287881115516	-0.31222277804500054	-0.7348047891000002	-0.5892692053944993	-0.3117182076150006	0.6020505279275008	1.7896075920400023	-0.7088562018029992	0.17697988509349977	-0.7327882947679988	0.48653804606000095	-0.19828082269999986	-0.5105936228124998	-0.0982703856537	1.9524948514030025	0.14817191840850014	1.5520845238762428	2.3287779089568157	2.5636462714758084	2.5724698819225233	2.4149526908418024	2.550761086485489	2.697167416772576	1.3311674863733185	2.0161888552059994	2.176440456758166	2.128520813030279	2.1225163468151544	2.0968456411858214	2.6870711559792673	1.3993634584683081	2.046111240785272	2.1347593020435216	2.093838197107504	2.2501294226288353	2.1796491846473867	2.898508341441935
F28218	-1.7459366593950036	-0.40850054845749967	-0.7966794210797995	-1.1730243531949978	0.8617210066545019	-1.0707120359610007	-0.3049816732825005	0.11568577041850005	0.22343612739499968	0.1206360441900001	0.49123623909500064	-0.4406689753699999	0.6068599915549993	0.5686060245399985	0.2104210056055002	0.11197029760750012	0.807182415380002	0.36170106254350015	-0.547361695604999	0.37476293619899975	0.031540375682999916	1.4030646495231909	1.8030652379089123	2.381445368952641	2.5655384240156636	1.8017848037314277	1.855078498614434	2.1251800980595053	1.3727836756239125	1.8128916416625085	2.0397403787600794	2.017224772701318	1.7892082785920576	1.8321683501749297	2.1142615010544503	1.4160262410232962	1.8111054283535413	2.0566400221564254	2.012619139296519	1.848181612455166	1.8560028818903147	2.8422706891055065
F3352106	-5.273259655149994	-1.0288763343355007	-0.5853274199549995	-1.400716480559498	-0.22933662273999994	-0.21903603013349981	-0.35783445680000026	-1.5543322115575013	1.1129951065063748	-0.6944890062249501	0.41547642042599936	1.1911614337875	-0.584271721865	0.19717250171599968	-1.7605427913100007	-0.24389742668500014	1.0319119842050002	1.3751653771550019	-0.874154773945	1.043223969459	0.20542653185684992	1.7195369675303516	2.366746038483837	2.542178115997702	2.751650102544584	2.536622170745971	2.6109333079048844	2.750672130567792	1.366483073082536	2.290670496184676	2.5522119909744645	2.4005658026777166	2.199832871053726	2.3258956517658174	2.60749207535598	1.5479899626498217	2.342306360136038	2.5245218751177014	2.5935930848150615	2.300478679818351	2.4441143572415345	2.8777545527552073
F340474	0.2912663292850007	-0.5546107493099982	0.2875255581999997	0.3220096993284999	0.5343179524924997	-1.4224427860700004	2.104632802259	-3.166927412880006	1.2956601311799987	-1.079118735934501	-0.5276322189559994	0.3737172390749997	0.7045797656800008	-2.3778635543050064	-1.928202360114998	-0.5132542577699998	0.29807798326500046	0.7507876049210993	-1.0964361833900023	0.4381183180949996	0.2984444448725001	1.3424494728720242	1.8555159087825925	2.4429508943186873	2.5128251208289645	1.8903838812386156	1.858965401808789	2.389951504911785	1.367056631995939	1.9105806334462931	2.3350748570296656	2.3290399883092916	1.9378747835618144	1.9264052194147805	2.3229446128973628	1.4139128020766532	1.9411736562518527	2.5188228437480404	2.4605405007182632	2.032217155217597	2.027184414530901	3.0331775695282737
F357529	-2.0948718696205026	1.6454655170400019	-1.2021743781899994	-1.5547204546899964	-0.45171578997599904	1.472130394153	-2.65308271206	-3.5070120811500036	-2.291518065894	-0.4814732257236986	-0.07382079181650014	-0.5970776529669997	-0.1946843551325003	2.4001387650250012	-1.9189945630599998	0.7087421517100012	1.5429449427879995	1.9736638355050018	1.0705257643300001	-1.0644940244285008	0.3665449155199999	1.4592387092326733	2.258764110055537	2.58727788845695	2.6164843454786584	2.2197739275748027	2.2079019669988997	2.5317043988922485	1.4698657481299697	2.3036580842259227	2.5198086080916946	2.408186807206444	2.236926735422909	2.39799533853947	2.468717275098392	1.6333719731437186	2.606032377486	2.5471285426608814	2.4846447657518254	2.1121515005204334	2.179522863099834	2.969294633524376
F4468891	0.9670121255169989	-0.9667481764410014	-0.23219239994250035	-0.10167185832804995	-1.2649766644699978	1.8186063024205015	1.8719562879884977	0.10855184013499987	-0.11064358739999994	-2.2900867546900003	-0.21546249591749997	0.8264438109575005	-0.8805643045549998	-2.6523242623599965	-2.6077689051000017	1.1178651170100005	2.7443913117405008	0.14589356366500003	0.7420175648304996	-0.9160661970134991	0.43626625545150005	1.384739353602716	2.1324303230593022	2.4172246590695443	2.4857534326002964	1.9367881723405538	1.9215922407665293	2.447048947833482	1.3565273151759554	2.1069970286545274	2.2628861154299837	2.1333454006775723	1.9685854633660667	1.9375595615992733	2.432813355213941	1.4978611943318072	2.5096520390843637	2.4253937897054585	2.1521120971499097	2.05274154237326	2.0465382130645815	2.9652167448842066
F187665	-1.0927101270271655	-2.8760653512199954	1.050459187042999	0.9887467591599985	0.14974053889550043	0.14857838618000022	-0.6341434197805002	-2.7456160938849985	0.4562025500095004	0.5679504753589996	-1.3495494571599986	0.42188860093200004	-1.5073056462150005	0.6073420622625001	-1.9286708864820026	2.434078516100005	-1.6685466253100023	0.46560395448846975	-0.5889210173500002	1.1768374662246983	0.267560872645	1.4135403496260512	2.1798236998421627	2.459935759890833	2.5123471519230947	1.8711135084429324	2.072721921399096	2.340074937273431	1.3901541471103847	2.1068336437017146	2.2414257620320392	2.273792069944141	1.986260422668335	2.2282135713759206	2.2785307105687815	1.5145795829623634	2.2980200301757994	2.244201171274355	2.3339370307100626	2.2089640956032772	2.298449878892677	2.961451670501043
F4366353	-2.672453902650008	-1.6292606214649978	0.333203309241999	0.10069485527999994	-1.0471646503049994	1.7905533270115026	-0.6693307769549995	-2.458668465315001	0.842610391934999	-2.10138885717	-1.1963869625470007	2.646995900724495	-0.7689762858900002	-0.4462586704349999	-3.957858942499992	0.6835614394449987	1.3599490871999995	1.274166902964997	-1.5631928723580006	-0.9674295250174988	0.4772578044549996	1.4361348836776797	2.2490108088465983	2.6062015857529306	2.5822158317826513	2.1844321826498496	2.304530137718756	2.7216035401594714	1.4736782603505616	2.228609434076853	2.4884389775446043	2.457201313621493	2.3021408123322753	2.2551638081773806	2.7685783161383744	1.7526707661606171	2.6469063001110165	2.713722639661604	2.551452736206885	2.4010518501927356	2.5815507841442473	3.0464537059408228
F577380	-3.8666952578000062	-3.141648610550006	0.44951803478799895	-0.09253218327499985	-0.14331284773499992	-0.08192102780899986	-0.21555859380300008	-2.3471249050349994	2.2765203203149964	-1.8513438886500004	-1.6952567452959975	-0.8141942501	-0.4537852882999998	-0.3337835144750011	-4.679084804569998	0.8956867148365008	1.3119845001549972	1.303444115229999	1.0901658180005003	0.5413339080014993	0.5478116591935001	1.9770467174472444	2.262859103041912	2.7092614072234253	2.708904947973551	2.8530183995062908	2.829485840123251	2.817288762607977	1.833195842790405	2.2354788760875146	2.52773225862101	2.6150195128833023	2.8205553123159652	2.8079429777603524	2.768182868406028	2.261867856917535	2.64844313928084	2.7143878297544606	2.8627457245192676	2.748802990171341	2.8045575511776257	2.967037155757688
F4313085	-6.1111673024999975	0.6119449633599995	0.00030208651650002886	-0.8868078750999996	-0.32888895888199965	0.13151195912499972	0.48334411521	1.1827257354725007	-1.2359283702849981	0.051159715615000004	1.9857600719399993	0.5052581334384998	-0.3121106721149993	-1.7677296736699994	-4.909041520599998	0.2808431602100005	0.02937413031	-0.6026138019816003	0.005980389359999965	-0.08897917041100002	0.7451293350954992	1.9452260398052292	2.772108036997658	2.7385507332512016	2.651097374418914	2.63835899409327	2.666977188690839	2.806112984645315	1.5508902702115117	2.6476634255548555	2.7405845540934126	2.7047881952233133	2.468544152413352	2.4766930424237072	2.87276223996696	2.137437628826976	2.753042920571689	2.8350263512737977	2.8324367733044813	2.623818554400669	2.803520444220344	2.926920692893326
F1110766	-4.353234781009994	0.36795022682499995	0.37214119555849984	-0.3386314640699999	0.32073810007500025	1.6180767408960006	1.9398671485875005	-1.3197812937050004	-0.6320254164279999	-0.42158398629027466	0.3916962122600002	-0.8456977752695003	-2.6169234505624996	-1.987340946280003	-4.322720249500009	0.17015095665999988	0.102588532639	-0.03239595862999997	0.2875949244569998	0.6412774985000002	0.6618201089499995	1.853954921462678	2.7285405382811816	2.844958736251066	2.7806129748590114	2.5428509992484525	2.549488767466965	2.567867848518025	1.5067071051357648	2.478264783087698	2.5624948613239167	2.5398740147652785	2.452879522565379	2.6139902297841506	2.703592516179805	1.9974313753848414	2.746791352911784	2.8275145895554332	2.5988915532802626	2.669253948358487	2.8218435975122595	3.070684879912124
F4476578	-2.610996639760005	-1.5482113718674986	1.401308838224999	0.9635934672690013	-0.13351326551150003	-2.4474348399199983	-0.35406557734499977	-0.8224257078879995	0.26911516161849997	0.7659753483349997	0.6094626092500007	0.618634695043501	2.107207469100003	-0.26442741408950043	-3.770091223455002	1.0598440753170018	-2.2805620211649997	-1.5848745425630009	-0.40230736297499947	0.126467261835	0.5873578144350009	1.5230073364340373	2.0959511261662995	2.556787105386729	2.532961916295727	2.0198880872469718	2.3391227046990686	2.7053582829721265	1.3372593261454784	2.018577524355164	2.3010049037816627	2.3595584268982446	1.985928261640432	2.153451197781653	2.6039007422697122	1.7522115758135377	1.9924198853069528	2.481868047504085	2.52968931001254	2.5575527273622125	2.72473254072289	2.957570374016362
F4015274	-0.4976190488465	-1.454082771026501	1.4208686118099982	1.3056057442900002	-0.8985482859235012	1.761799001354996	-0.6038748249750006	0.6310858480040006	-0.2649096881255005	-0.020819671206250025	0.23132269638539965	1.0017568699749988	0.4296273352940006	0.396356736678	-2.224670108665003	1.7944527823700012	-1.3975910133824991	-1.4050549594750035	-0.21678196389949947	-2.190859040954999	0.31898444086500083	1.2924644882936733	1.7894801504777376	2.415124408391352	2.413336891009173	1.854494194874283	1.9411847820609693	2.0377602865504003	1.258429717524862	1.7680574763989676	1.9934814570374364	1.9540366035614702	1.8910959377842376	1.943171120631195	2.0206171020312755	1.4428291230629489	1.783496597410171	1.9731824103113378	2.0010154248162095	2.0021920564141618	2.3075397647783054	3.0307127605971895
F199448	-1.597233965427504	-0.28045427707500037	0.5941857306899995	0.4273989010304995	-2.0579499398300016	1.903432692714995	-1.160238844804999	-5.391990369399983	-0.9857755942465004	-1.2430447657619996	-1.3447950864757827	0.18588470548999989	0.0693675328285	0.48683538331000026	-3.2573692757170036	0.9798670549321007	0.7871282495199986	1.1057730406524993	1.5225021077850007	-2.202969226034999	0.39169749084099975	1.562716136811801	2.51648210226377	2.6389763151365773	2.634851125831696	2.2368517435644777	2.3216717631275263	2.824686887156333	1.7929290683702976	2.602533256105421	2.599982991760488	2.6045910458930384	2.5431330748355325	2.616724081640814	2.884418543615841	1.7686471061555307	2.6585538471382337	2.6346471819621065	2.641059046419105	2.287014268712437	2.4296022857101423	3.0830436436686863
F522398	-4.3148241395000095	0.991357813585	1.3517881753649985	0.7639699015149993	-0.013118709315	0.019509537559500013	-0.13958235409499983	-2.271258492375003	1.8871967887750023	-0.8125100347409987	-1.5707893693900006	-0.6625591567300005	-0.23852469152299946	-0.45631816461999963	-1.8916476727149996	-2.935961359949505	-0.46845428114600124	0.9688466534205011	0.3469573790005001	0.44826247818549897	0.14063871976499998	1.6706247159167722	2.6233807929543804	2.650300392312488	2.6188026851673354	2.390387472734937	2.432988146160162	2.7203641308846045	1.5164568194995471	2.175028789663738	2.366884768878176	2.3115461679587006	2.405700402650482	2.4052338632807517	2.7905220815413325	1.566179414810241	2.294807843727222	2.298167963724791	2.3664555710500896	2.435926901790922	2.515559127654674	2.894276436796517
F364034	-0.8474103832099997	0.25667303442000045	-0.1162527305300002	-0.2809130384599998	0.9110024490749986	-0.5338383800540002	-0.051973328909999957	0.05826318038499993	-0.19004446928099974	0.6922361385374987	-0.2055108178340002	-0.009163389894500029	0.2375524257225001	-0.15617171965499993	-1.5401477799800014	0.018418923451999997	-0.584262636008	0.3654310166909996	-1.0788605787850007	0.18476066466999994	0.26003989230999974	1.3834127551226287	1.74363694322774	2.488216027351252	2.4260834468523993	1.7488704339507666	1.800314379449693	2.1144244066778586	1.3506157465504578	1.7416723379161498	1.9367580557191753	2.0047059456051715	1.7420507626633317	1.787943423718711	2.1143331636993996	1.426127613702575	1.7686487805206186	1.9359052070485578	2.011280606143216	1.8823665349174494	1.9900100898521806	3.0253217676413913
F4346687	-0.6965373956449992	-1.8763912930925004	2.1903906663795008	1.9814029601859964	-1.3843704829814982	1.2287362645950015	0.49316985247950074	1.019905041505	1.0774423459984999	0.25243047547500014	-1.052585825058502	1.864317507195501	-0.975211601025	-1.1830415652649977	-4.123510185800017	0.8184996455180006	-2.510315009935004	-1.1144748561814992	-0.3449406685767499	-0.1650370727329998	0.6853693806100002	1.371636104258004	1.8223263451921305	2.511690089660983	2.530539110341639	1.9733067725829123	2.102286712169269	2.17642384843689	1.3465961352985518	1.8392060917369695	2.2807300325335085	2.2847466999588892	1.9752405965938604	2.1314382888876384	2.2300019139506007	1.7918558094798063	1.8617540701287316	2.3929104483231503	2.440984726601781	2.607783711044508	2.516835170371092	3.1231934751816697
F745431	-2.094387305685	-1.9425595779419964	1.155890113929001	0.8210215252755007	-0.4479390918530003	0.8601986519300012	1.0346679593830006	-2.6512367854499974	1.924770343584998	0.35647328269499995	1.0923222595405004	1.034640944754001	-0.6279266429290005	-1.5501636664195002	-3.5062524874999994	0.22347770865945013	-1.8024769221100028	-1.8302393751129997	-0.59837799904	-0.25273579502000054	0.3547024483199997	1.412687817997299	2.1754204175481795	2.5593513351735426	2.4896764584960462	2.127476045158807	2.0779725346754097	2.49141690568733	1.417049284710291	2.4092054838910384	2.4854812700993336	2.498664038476623	2.0918157680330802	2.059136308516432	2.6271617950705655	1.71090073552223	2.1256511299323226	2.5399529517746355	2.599990680671527	2.50977621232955	2.547861871926878	2.8900643989617314
F3648884	-1.1050151861950006	0.030810131889500006	1.0556969037300012	0.8886463953070012	-0.3373565737000003	0.17923491134499964	1.2465563922949985	-1.8573903310670015	0.16542748665999998	-0.4222909316850004	0.7827565290495007	0.5347882265550002	-0.17290752380899965	-1.912975551819	-4.083432894400008	-0.18607514382999998	-1.2141915065100026	-1.4263619813700013	-0.16371770980500003	-0.0991989535650001	0.5507259972454996	1.398095306306624	1.924692860799191	2.4263923861842582	2.4006934770509343	2.0116540012768196	2.0071665609372364	2.4587077544830427	1.387969916302174	1.8644376166240952	2.3602305709252556	2.355556364401795	2.017889993846943	2.0068999843739017	2.461113637907328	1.7541778206703549	1.9716088341500284	2.5465009264712175	2.4979800077779166	2.6458650404573487	2.6060052368834112	3.113567901667467
F4370025	-3.2180661132250026	-1.2025357611130032	-2.660823859339998	-3.1435724076600033	-0.603362852949699	-0.021073747406000033	-0.06677071906499993	-5.033916695999996	0.2559995619612497	0.2195508735699992	2.597199617554501	-1.0861703462100016	-0.10771867343350008	-0.10595397614000011	-0.5181178342060004	1.0054202014849987	2.729458742528498	0.6076355461729986	1.5690524260249947	-0.04379483795999998	0.10178858079199983	1.7632974489085604	2.4417221838776704	2.591361954658734	2.5883836718050603	2.549305572569723	2.7868827831052188	2.864186405965987	1.7413068447860705	2.7793263927057703	2.545443141042883	2.3103253437568534	2.377826107094415	2.5634222898247616	2.8398044236671303	1.684732808637335	2.647851072061815	2.4610954446465425	2.256731890171969	2.2207413311947684	2.4911108595398685	2.8730050037973243
F512253	-1.8364842348699975	-1.7465838347700031	1.1462107388714973	0.8267316748975003	0.06668986089349997	1.5053527484999991	-1.260085591894348	-4.528056595350002	1.1482819238044983	-2.748141611217003	-2.085151875460002	0.26652716547499955	-0.07874507648900012	0.40312417895499936	-3.764831544749999	0.5339923208906998	1.3809041909699957	1.5683141771181492	-0.9224749483332494	-0.8974455471100002	0.5077980328499997	1.5253567290273264	2.406105438341174	2.567148166185865	2.6121983910615443	2.482247371012482	2.368359543462459	2.8020453840967807	1.7298777997108605	2.2295070752553077	2.5399191230927327	2.4523670202698495	2.686454508082887	2.718732677029828	2.839320370921642	1.7324366921946388	2.647255275886731	2.6363617396921817	2.4466707598991793	2.5487042210817052	2.549088202109621	2.931741415513236
F4431292	0.20159237597199994	0.6664006604685019	-0.016287500463000003	-0.008540460169999984	-1.0923263715700005	0.6902161392750003	0.07705398635900002	0.8225660397420012	-0.9195930716939986	-0.1396611072384997	1.1324279549900025	0.9261498143949994	-0.2981739649615001	0.12317805812999996	0.6770055945264974	0.2555007083600001	0.021265167465000002	-1.1760288769180005	0.2395990982749996	-0.4247124838634994	-0.20413094888500008	1.3819976307199882	1.8014795673743194	2.5225300179544767	2.543307343336264	1.7588982850996662	1.7476025420398298	2.0322597016813946	1.3315335163847928	1.8230070299318692	2.0228009902770006	2.0322540453049283	1.7933624753086945	1.7681090514161264	2.0540114686120905	1.382767249393917	1.8128177329055941	2.000618735593424	2.02991530917791	1.8674291923402178	1.8717264075186493	2.978981639480404
F297160	-3.020477061249999	-1.5591328824149986	1.3582861658050003	1.0446037775099979	-1.149309852075002	-0.7133146235374991	-0.47623113981500115	-2.8458898056350073	1.3313328030774987	-2.0146519379000036	-2.3285421988199997	-0.31531530588000034	-0.18004632044499974	-0.2013110130699998	-4.755623605484995	0.380767312469999	0.7046934355150001	1.0083686479039986	1.1487202236085003	0.7011233391249992	0.62909144945	1.7733616542579562	2.2875563830573435	2.6394115145709596	2.597174874323825	2.640943801727096	2.9165267642627755	2.8051229507439692	1.7769398705232027	2.2234079824540705	2.4485716769837884	2.585689209920974	2.7311385348973554	2.8978767150933735	2.877900518410364	2.1852125506395024	2.7570081017230423	2.7172026173103556	2.7368731631497436	2.7899945689413927	2.850957090025093	2.8932828734582947
F4380039	-0.7026892187468502	-0.7052762664649989	0.4121160442799997	0.27793753140500066	-0.4184643826250009	1.3469258251124971	-0.6988262098049993	-4.475221397349998	0.6851711135499998	0.4973802305749998	-0.35712653416500045	-0.6085576410740016	-0.8880271330795008	-0.19707214731350023	-4.954935518149999	0.04222477073449995	-0.5869658722300003	-0.10254552554000015	0.6456886099049993	0.0031396117599999805	0.6774957451255007	1.537124075341088	2.5383376775613176	2.7045165844717807	2.650483198860741	2.4156011515097173	2.4807895347018203	2.6355689465366208	1.6943819180873807	2.6550052576672454	2.5533203922473073	2.386872704142724	2.5886606960570235	2.6055688842479867	2.738667898630312	1.9910253506689228	2.7698759231046304	2.6284978809834016	2.6227590921386885	2.6104274658403037	2.6565927565534975	2.9445161690115587
F4372523	0.2833045070179997	0.3439216716610005	-0.38168956721500036	-0.29830868905999985	-0.3286843973810006	0.7973037174698502	-0.0559843168265	-0.3429328453120004	-1.0131992264099998	-0.16554069192805007	0.6165394998950008	0.19446762392000022	-0.07513489174650016	0.1868724597399997	-0.22553539181499985	0.8233534265469997	0.5664370969674999	-0.008424881160000036	0.1676908220859997	-1.0768887282994994	0.030439295464999953	1.3158761225164741	1.785846521331183	2.5296983315242456	2.459390720207008	1.7237294474958071	1.7620275750489118	2.0487101522549422	1.2837837749472554	1.7776581277874266	1.964459891579602	2.0043418787614096	1.7384539783408823	1.7504975937116805	2.047916304319253	1.376490356197332	1.7891772815192741	1.9658538294682508	1.9940194498807668	1.7952041849698022	1.7981840336194836	2.8477985453820236
F1790209	-2.78197681877	2.4276865391250015	0.09719674400240022	-0.2713467219299995	-4.918148485249997	-1.888362739399999	-0.3615382337249998	-1.5184376536444983	-3.676878818	0.35509175704499985	0.6695836949700014	4.195426302939998	0.30755507028449997	-0.06386496521499992	-0.012974997318999995	0.8967234576805005	-0.8379247739150013	-0.007131531971999977	0.7807223790855022	1.62807273015	0.041543858184999935	1.5477464280964883	1.9905210096502353	2.5002124097161684	2.5058309094011233	2.276630605609223	2.4350921212837164	2.6825482867021893	1.4582364901418	2.197032944194367	2.4195952013251483	2.4637254792274477	2.0914067229159734	2.1504817052288168	2.6303836218847887	1.503582757704792	2.0419215350993025	2.435594500527689	2.363599483404688	2.1828446915435324	2.216805151577072	2.821907051708085
F849723	-2.0443190632405	-1.1559558578260039	0.6535359214469996	0.3563865623215004	-0.9678925343060013	0.20999308112999954	0.6284270580199999	-1.2923062995619983	0.5534706717699994	-1.389130175725002	0.27651047991000033	-0.426013712727951	-2.1983834025680014	-1.3908545313549987	-4.043117164900011	0.5486250725680003	0.4803705182000004	-0.02243244521500016	1.3733881590750008	2.095296942579999	0.6003697593450008	1.5398535885490692	2.3580275491262785	2.6382341867459265	2.51368445260629	2.0609881488104906	2.169162053029501	2.5136675188755504	1.470937604747768	2.344601837680844	2.528886378630816	2.570021755376592	2.0468835879549756	2.2047184899782963	2.610073428063954	1.8762903413256393	2.7531746281598677	2.773914374043071	2.647141506204562	2.4888448344693637	2.418030076276448	2.9351717064846734
F233881	-4.020275452349998	-2.4635988992249995	0.0580714272159499	-0.5942770562199993	0.2126259143085	0.10826664565500005	-0.16263498413999966	-2.093254715656997	1.7103548414710028	-0.9071797358934995	-0.45380107063499997	-1.3217383524954982	-0.7514846129549996	-0.4638477857085004	-4.5124160110999965	0.685459562081	0.9467319330200002	0.9375296105985009	1.0053298991599997	0.6856107667199978	0.6577313043149996	1.8232981233021803	2.3136902179714096	2.554181999733624	2.698207916992147	2.76741937790504	2.852567608767813	2.891012844955939	1.6872140111402718	2.2005774207462547	2.422903545902375	2.4998456972818666	2.662092302694853	2.6993120895211278	2.7499640327583377	2.0424633530107568	2.7126014217452212	2.6488944094629443	2.7336289317526457	2.7120231574116476	2.8698401044600246	2.920117927943966
F196087	-0.27752465342500005	-2.1413669784400002	1.0282645213650004	0.9136753428661997	1.3804567934954994	0.07771956974000002	0.3700861105049999	-3.4347173705000005	0.9578322852815008	-3.2633447019550093	-0.5369519856100006	-2.4744348044549986	-0.9154955776184988	-0.5380490406729985	-1.300789487011707	1.0844942592700004	2.5849393438475077	-0.4161961850700004	1.1546518243905024	0.5858785917950003	0.16651390197999977	1.4608293066158475	2.15896955701565	2.5473418435415187	2.507680346795202	1.9677060123987564	2.107323986906428	2.5728015121819703	1.5311496913180775	2.0841588840365843	2.235744379886377	2.0010499656225065	2.15861147018033	2.521817925217601	2.72850278994726	1.5328965857769756	2.5588697642456504	2.392641367241689	2.06148297232661	2.045892073726126	2.182042496442354	2.9507701992953974
F12574	-1.4207938397300013	0.25595984132999994	-1.4473740287743984	-1.578517470527001	2.9367071814099894	-0.738803852732501	-0.7837828779895001	-2.4028831993285045	-0.4875263657999996	-0.03882150950149997	-0.7202029440405008	-0.9184621719995498	1.7070088728950004	0.3360267218299993	-3.4820497965500063	0.37218922083000056	1.4363677022744992	2.4814849124099974	-2.151037061955003	-0.9538002248299983	0.4701611809099998	1.360333644204298	2.112129172782985	2.5747004727834835	2.5525683463716238	2.267233972097161	2.094003087054848	2.3103278427047544	1.3794446751903349	2.178208444415771	2.4128447874765873	2.3948917662873828	2.2294299545223004	2.0980851686820072	2.3650718732887506	1.6614557631711173	2.803070511629887	2.619884572697716	2.401679212945064	2.3320884089864937	2.5078262038576593	2.954410523417522
F211935	-2.1696470689200007	-1.9766058531529995	1.973500464392998	1.582699597034501	-0.8129306345550004	-1.9617544219500014	-0.6693537480900003	-3.9617164996499987	2.1100376231349984	-2.0799162446699992	-1.6142559831600025	0.4818143278600003	0.8600719510599992	-0.131789186055	-1.7330959583940027	0.12679967916800008	0.08283435981599997	0.44555526992250105	0.10887050326000003	1.184866452032049	0.23848074161500002	1.4804564162380323	2.113243571632773	2.575854000991128	2.4603831073372273	2.20759873317046	2.2226618826393985	2.7684242354163824	1.5392365050775891	1.99826798584549	2.478277725759471	2.4529487045335605	2.4685814520091496	2.4764018843858837	2.8053759093549107	1.5085399886061006	2.0960264432001923	2.5133542614010356	2.4651828762657004	2.3648540430115763	2.3695011673655775	2.901211395297724
F157631	-4.262917286599991	-3.3734898030900045	-0.5740182801259999	-1.216086348570001	-0.10033638014499997	-0.4228587981532999	-0.06850654680500004	-3.216621704349994	2.6548141867292276	-1.922155080734999	2.2377967910049996	-1.835216472392	-1.4104128740699988	-0.39061927056650003	-1.8059315641450002	0.8154543819939999	2.4954875625600024	-1.0974997956949983	1.6396401518900001	2.22584262625	0.2711610266899997	1.8004697213613476	2.3579968769864945	2.749463379525367	2.584369050770151	2.6692927423175115	2.7207480963802495	2.8552859516087885	1.5903043791023943	2.3602411974805633	2.4854967796307554	2.2699462245663247	2.517837538603505	2.5373402668257863	2.733891383292841	1.618438814908552	2.574113343264247	2.5052109530675066	2.4145021407204483	2.617504188812937	2.643147369421847	2.923105053281624
F4425526	-0.32801781574950056	-1.4112458631200018	0.5055234932334995	0.4758850231249999	-0.1205846919765	0.45583031436500066	-0.4103134376549992	-1.748144027205	0.07186007617000006	-0.020642375205000025	-0.9680456421924996	-0.27359163811299997	0.15380391026545026	0.16200772831199975	-1.4459698335910003	1.1707283206700017	-0.32577882758499993	0.3595958415370002	0.6638948255400012	-0.6592975031849986	0.1482849980799998	1.3815058843931582	1.933772132068689	2.4623412095182067	2.4960891895150215	1.7230783192703523	1.80406145369746	2.14219302837752	1.3389086479600887	1.9014844446163317	2.092064292009172	2.047629746743342	1.7618170538579145	1.8165012432804648	2.1548139832135194	1.3985619623131147	2.0770207780438255	2.161877964770238	2.0583775428536497	1.8148481029655665	1.8481247504189098	2.977094731686428
F4458227	0.30348283864	-1.1661912600408515	0.6259129700845006	0.6916267392399998	-1.0561346450549982	1.2747866211550007	-2.003629277104999	-6.20406128749999	0.45330174719000077	-0.2043528638895	-0.34451081181250015	0.4609908214900003	-0.29078422843150037	0.5738807628550002	-5.0838118714999805	0.41858723463000036	-0.11504090030099999	-0.3079785154600002	0.18016288429000027	-0.4674600410395006	0.7843448219309996	1.5967863658892711	2.660690707011545	2.6434554374402857	2.5880649092871257	2.578169367008172	2.4505926317840196	2.762404889196139	1.8856498602996474	2.7610486097332916	2.70587319020551	2.7033236595938726	2.6278229179674204	2.687831474047639	2.910825503973238	2.0798609433115707	2.7533361270985433	2.652072357725246	2.66769992928236	2.6955653764042475	2.854031994953837	2.9484516396834586
F1835985	-1.8005555132319961	-2.3713048438050057	0.8936268763149985	0.7630972557899994	-0.5999422689000011	2.1142274177330034	1.7422453439649985	-1.2647094068094997	-0.4604389730194999	0.35991534800750025	0.5180053507905007	0.9409138979509979	-1.6298933681550003	-2.1532335749800007	-3.8799652652900027	2.6304244073650023	-1.5779416181437869	-1.0420585517300003	-0.40103602152000034	-0.4026464550744999	0.5651709351444999	1.4517407423950839	2.161175248850082	2.6243001988645136	2.526974944869769	2.2735607369410533	2.291299820560533	2.420536236147876	1.3611618130429501	2.0176340360880207	2.365437114220408	2.3516009914733185	2.156315737376699	2.269293173476691	2.5161436627885574	1.696089989486605	2.275298234983115	2.417816548391051	2.481064320700743	2.5874079434135018	2.6818672484046147	2.9955817788528196
F176060	-3.5479403980400024	-3.259572543595005	-0.06760256898000014	-0.5328644204344994	-0.4791677262200004	-0.6181750387345003	-0.11034287813000011	-0.1390089002399999	2.4107050390549998	-0.6995138368900007	-0.6771857349125007	-3.315709576199989	-2.13159742154	-0.6196546878400002	-3.5307694669949994	0.6945310813000003	0.9133263818950002	1.250848844002001	3.1179027358329963	2.941544830649996	0.4440088627450003	1.721515077754207	2.3280589387039488	2.480655829367638	2.606723079029299	2.5936781124141857	2.6458341853523017	2.88456337686038	1.60633923598338	2.340999189118437	2.5208001412310233	2.446279838084999	2.622837835890382	2.6868066784050813	2.7893399050452983	1.902936809613952	2.6528030001462364	2.67671407189743	2.6235801125955134	2.6055695560105736	2.5437915191915463	3.0351431160553384
F825808	-4.1777509588449995	-2.683460134135	-0.22351452207499986	-0.7641425018945001	0.2780724378290002	0.07889227639999997	-0.10193000938399982	-1.3261379536299986	2.1565929998499977	-0.7983125797449996	-0.2841369714449994	-1.9196556984089983	-1.0539185941700022	-0.5814144174899997	-4.7293857494589995	0.6386242469699995	0.921505278455	0.7903758505950008	1.1928688203150024	0.7946428506850004	0.7302216399149998	1.903334490791942	2.281475345176817	2.6469512050587687	2.6588855811273384	2.7572024041274963	2.7748393954813624	3.0119700195007266	1.6811985153984959	2.2449392315780563	2.4472971011088003	2.5456574757249575	2.6134359101420563	2.761298877364504	2.7760219205870067	2.206328471351786	2.6735058308628643	2.6624739133920543	2.6910962574631276	2.679282215622225	2.728254488925744	2.9542002885278653
F4484034	1.3947910562049997	0.9552266496800004	-0.6341197971459996	-0.44542441872499955	1.1762975680809973	-1.5024922977050037	1.0709286101149997	0.8592764443164996	-0.6185792761539995	-0.015945214336950002	0.6572956128259991	0.03973142477499987	0.5307056696900002	-0.9407429490400009	1.3620925704799998	-0.39853832350499974	0.6249457099450009	-0.1094723601004999	-0.9591770528850019	0.8266786329785002	-0.15702142697099997	1.3580255717280683	1.6809862390627608	2.4071418156967086	2.5190710541891863	1.6451177725192088	1.7377972104513102	2.0679445013006883	1.3431623304198732	1.7051821350434386	1.8745238433600084	1.951685649007897	1.6344512417249646	1.7598787516829038	2.0949203006933614	1.420863305253645	1.7334796814417353	1.887251490295625	1.9299954079061323	1.6867275581272092	1.8013096268961346	2.9768262822592066
F2986828	-4.029659734807506	1.8483451409794984	-2.2220726455580038	-2.906447134027504	-0.3531754900600003	-0.32553552676849995	-0.5376625201375	0.5097173984800012	-2.2039166492649995	1.4487879048995003	1.0762927651865017	0.7583159929150017	0.11501476963149974	0.16255977615	-3.8603184156300046	0.5715075506349984	0.9322801174465005	1.6571438152449969	-0.35093012950000024	0.023783304055000058	0.5808658351900018	1.7133967228561287	2.0540945591016917	2.5255235107027385	2.5461361367079838	2.6057678576736145	2.696352504018347	2.7402050159470344	1.394186938317495	2.0419236165233907	2.356018621598464	2.259340192151966	2.2384080451342823	2.432038127249909	2.5568634117970332	1.7639888249710622	2.690951196399378	2.5573480060936093	2.4358144341367307	2.443400543272685	2.628718357734887	3.0152036086784135
F4397737	-1.237920485860001	0.12776429601999997	-0.039679465985000086	-0.15659201368999964	1.1803276275300012	-1.0173045982350017	-2.5265508675599992	-3.0972025974000084	-0.5197706583974999	-1.199494028605999	-0.36595106539000033	-0.3973790289760005	0.9239890215274978	2.1209426761199985	-4.079845631050006	0.38525424369000094	1.275591508669997	-0.06433944951500006	-0.3565421006272503	0.059853028230000015	0.49802210808499947	1.5322943894313934	2.238502583302696	2.6976336361188373	2.610400553111813	2.454621875391769	2.336833561805512	2.4654136555117137	1.5137164150184497	2.247334821373057	2.3523861215381054	2.4318564206687974	2.5256319791599964	2.4950419913472413	2.532796231363873	1.804505459279338	2.6710216462963974	2.586200152156842	2.5494314672831013	2.684436560577304	2.5286120666903487	2.8192343656121164
F198489	-1.5815388493319986	-0.7745695626120007	1.3409920767999983	1.1839713421650009	-0.6164526830250011	-1.4134851935045003	-0.9036209247849998	-0.8311433918799992	1.6149465503850011	-0.7007153128124999	-0.96155650401	-0.0028544715099997793	-0.7918536100650004	0.5038620852739996	-3.2612824679299943	-1.0371617902285002	-0.6547099604500002	-0.23384618274900018	0.9682690906699984	2.144531707535006	0.5564819714800008	1.4290501758894885	2.255613177981754	2.544834262842428	2.61217638902781	2.041442825365955	1.9329311440259471	2.189141667299765	1.3342639134025065	2.167434193603684	2.492149610588207	2.2317832200336563	2.0148367572755426	1.9706943521494813	2.1979796918606316	1.5856813493781146	2.4574683395513954	2.485477408356997	2.5702943943384815	2.497021591414708	2.281837818317738	2.8569288666073787
F288977	-1.9607381586800028	-1.9586374855549964	0.8078916300280004	0.5517916156250005	-0.9259971586349991	-0.16031712685500046	-0.761262757684999	-2.3480408665550034	1.4857193450850026	-1.1372016610919997	-0.9643397275285015	-0.7100066124799999	-0.4130135877640008	-0.3723845400465001	-4.4640272290999965	0.4976953055200002	0.3942455837149998	0.5433431135145	1.3682989620900023	1.0062164617100002	0.6274821743700021	1.4965365557918837	2.291736232185615	2.5858311183963507	2.507735789308772	2.434337069085591	2.3681392597964455	2.6818695307312588	1.4805696483679838	2.2360909368534987	2.477685159309337	2.4475642068831083	2.3080706009364502	2.490315583550238	2.7415246461090508	1.7944584673626298	2.733912249226345	2.631963392580629	2.5941839697739906	2.570543999747231	2.4773459833554994	3.0211048595437067
F4352875	-1.1387219901035501	1.4822241359599992	1.7359171784699978	1.5359284444500005	-0.3157530899679999	-1.3624374424299994	0.6782535415959994	-2.3919322873699973	-0.36372052894699997	0.2846507284084994	-0.6849631180364998	-0.1374279062600002	0.4699263019449994	-0.9534229886390003	-3.1869748160800015	-1.6300360787649988	-1.548825863156998	-1.050089177357501	0.37806936456099965	0.9822401074080012	0.5027130134700001	1.440607490898784	2.564909504524039	2.486832072869547	2.584631127240801	2.010205057867671	1.995961696851495	2.1329603348724833	1.4108402117746186	2.4945390368292775	2.5767661655494396	2.4156376287086614	2.0753266146935205	2.0225290862538094	2.1682137051198973	1.6199807354382352	2.48011741617957	2.7151878567046634	2.534709097862927	2.494516685422736	2.3350733914926565	2.8759789971641516
F204126	-2.294750374570001	-0.5197296579560006	0.42178341170000033	0.059744304914000027	1.3493939190985487	0.06303763257850001	-0.9482645752465004	-0.5898446085149994	1.0151803527060017	-0.2959486328150002	-1.418092719905001	-0.3957026518800002	-0.5965782428900004	0.83459093304075	-2.392025129180005	-0.5982344843895004	0.16250500142499993	1.5125142292999996	-1.1830678805395	0.46319471375950017	0.344512485805	1.3748112109198511	2.319926174673131	2.5690501547805207	2.573494816855847	1.9964243090937093	1.9184434786553664	2.089129069672089	1.2843221149268729	2.208269824293529	2.3406797532206296	2.275709160081039	1.961615288036827	1.9090063020201749	2.1070390385297446	1.4382662354573816	2.366615789736636	2.4309216792794643	2.3190018494262783	2.11660203378255	2.227812552778177	2.955905837814736
F4392487	-2.034060860175498	-0.93639821792	-0.04578831439500006	-0.4181328067405003	-2.4092270368150026	1.99008272465	-0.5455559898099999	-2.2076181699300035	-0.1604557007239999	-2.461507136499998	0.7868676427899988	1.4648651083599993	-0.3726773226250004	-0.4290423974149992	-2.0762730068950006	1.0685938875484982	2.729203991619999	-0.2977340228600003	1.1794406009564975	-1.658034676805003	0.27743022040470017	1.4253594899987159	2.0859865497493715	2.485105018608321	2.439721941447207	1.9497260047480698	2.009724532894001	2.824104957117795	1.417169030930318	2.083999704203955	2.2446543273112116	2.013650484714546	1.8062722512300784	1.9146499856666606	2.750397540829459	1.4875656066051797	2.552694310070146	2.377790549492496	2.012792346556266	1.8585174189822655	1.92818407807327	2.9529465451347057
F771181	0.21455095559800036	-1.1126486182229989	0.5919547163150015	0.6062194243200011	-0.5998961923799981	-0.07705030937024991	-0.19550593492499996	-6.084230521750003	0.4182603813549999	-0.19495533810499974	-0.3764653721624991	0.23549611512499982	-0.0719217050410001	-0.22033707952880024	-4.582873994945001	0.16335548174500014	-0.07543485795750003	-0.10213860478000013	0.32780146257500037	0.25319505528349956	0.6122230839150004	1.5462813712815113	2.6212613382041012	2.702623574667913	2.7016172992740093	2.3553121826358066	2.4816823569176423	2.615374886791411	1.9324349281300581	2.755854090402778	2.879878770543107	2.6660835403046397	2.6657948221267835	2.7118951096577733	2.6323988454382823	2.0816659533735273	2.7918566798393645	2.8394878912001493	2.6503670785108437	2.702051377555552	2.7196870543573204	3.0406503529531403
F175037	-1.1359642325800017	0.6250847019160005	1.49038127158	1.2315280721349968	-0.9680525010194988	1.1814876039050008	-0.904576430945	-5.905084011499996	-0.27967363199	-0.6423383932400003	-0.5300640300875009	0.3002269911100002	-0.3922730008850002	-0.04968792542150008	-4.675019964614992	-0.2105807113497002	-0.46806333690650087	-0.456075284511	0.23391123898899974	-0.3402158847800002	0.7423332162955006	1.7495687798337258	2.900841819101247	2.731246139106834	2.7102355089456114	2.474053971850008	2.4412920524836577	2.643431031833975	1.9847240330746665	2.790297737329017	2.77234781834998	2.616119559380767	2.6309381537492764	2.698648236344871	2.673857019253282	2.1286843152713795	2.9586442123598156	2.760653495631264	2.694663085981686	2.7031539286067354	2.696890295440079	3.0733024370106805
F188706	2.8686964946024998	-4.1540803246144975	1.735077191121999	2.1017759137550027	1.1206970076119986	0.9081134577199994	0.024283582965000012	-5.92223638800001	0.952734278203499	0.6375556059860006	0.4895820337550005	-0.9074548233595501	-0.5172035774100003	-0.3533089807400009	-3.7511170281950035	3.0086875911670075	-2.611593937625001	-2.3022020779799957	-0.19268336147399998	-0.3057732567175004	0.4841799125700012	1.4084973474104596	2.3027791322627214	2.56720122739298	2.5182769975851174	2.2705738657188963	2.4007867589995864	2.7020452013251592	1.6848375888037308	2.660619391248032	2.6932399226767334	2.475570697827087	2.484993076124217	2.634009772215743	2.7674745003553562	1.8310898221115581	2.2971517044692606	2.5280376511919473	2.564530103334648	2.6075140225190703	2.590479402236025	3.0177198033489216
F4361727	-4.173717491444995	0.8888091990029986	-0.5836366479350003	-1.3159583831329993	-1.823868702815	-0.7226428889715506	-0.8899765263050002	-2.1921490978149945	-2.5378307033049974	-0.2151388368499997	2.539404706424994	0.988725498894504	-1.4798967800449987	1.219444104710002	0.40949862680299975	1.694708752300499	1.0337522656849987	-1.3228916855450008	0.8508628044185012	2.1628429045649993	-0.027366347984999966	1.5600350856636418	1.974325372265513	2.5188757824659653	2.5330223490535255	2.4221665528522904	2.5998070090424354	2.7135865353255677	1.3517800357469558	2.115621235886548	2.4272812714500143	2.2361672283543355	1.97347310996209	2.1591200506029895	2.632727241682129	1.420249047420241	1.984711820871862	2.2345276314724116	2.1750269317489432	2.001488334441896	2.1663743341354054	2.826641367402967
F209845	-1.6784055166500003	-1.289872849510001	0.6463652718074988	0.3707989657299994	0.4664159505749994	1.5885651995600016	0.485628577225	-2.2821018425249973	0.5344159033399992	-1.765606388461501	-0.4368461126799993	-0.53035089654	-0.13538412603649974	-1.16707891319	-4.465866895400006	0.8907719816950013	0.9626126757400003	0.6633439741249988	-0.5795806824449998	-0.8856792972100008	0.7539099065999998	1.465404317047518	2.3821529234490466	2.510092231710793	2.425265214535842	2.3675259108777946	2.4109362417916826	2.483129485753022	1.484517962019412	2.2175729028817384	2.386096836699931	2.3793488178791717	2.3958634690442224	2.4467523667650823	2.5690944621301943	1.7311202335694782	2.692383419604095	2.6093441290233126	2.6059499101931953	2.5991024839091423	2.5767433529031623	3.012567623486054
F4451523	-3.7858820062000005	-0.22832023042750021	-0.254533764665	-0.8749012909100006	0.210979317375	1.2248246365889996	-0.4143700733613503	-1.9785203147350001	-0.8564977417800005	-0.013530987388499938	1.2018101611349998	-0.1366328701400004	-0.6114652697899994	-0.8230831560275002	-5.080361655249999	0.74704384005	0.2819001535000002	-0.2535389643745	-0.13002898714754996	-0.3677490489525004	0.6140044312180001	1.7255683069799455	2.631665029624249	2.6727826292144403	2.690970455528945	2.6107438330573056	2.521843496727461	2.7535624976248796	1.5662798847866406	2.517907949371368	2.570017569228332	2.5972343651785903	2.407230390346	2.3411167021118215	2.622327751422601	2.0448611827370518	2.7791028768017716	2.771943976022352	2.7376837997880217	2.6388674933304443	2.7398285603957744	3.0306171713640127
F175910	-1.7335127893249993	-0.373168045905	0.9231661839600009	0.6476872163099989	-1.4830029084800016	-0.10870676777500003	1.023125609655	-1.2550623180900013	-0.9399861020999989	-0.6585611930339997	0.7062188690699996	0.9116915116299994	-1.2395150093000002	-1.4784380571634974	-3.225898973541998	1.4337440974300018	-0.7900305555365005	-0.8117718677979991	0.6087329765210987	1.439114990356997	0.4815529812649997	1.397426527468483	2.1312704359751313	2.53912931443996	2.5266368906078593	2.0338641949762444	2.044532091586163	2.2055149831079164	1.3784404622433553	2.0531177692907407	2.3975915383205724	2.3937681967630557	2.0614680836714627	2.0308981768942918	2.23990935200882	1.5419206326473913	2.380540624790902	2.5127869298161825	2.533226442506859	2.5005311405419524	2.3242688777849283	2.927693586176959
F524633	1.2156849875194995	-1.2590613226994982	0.6016115251999993	0.8959615976089982	-0.683670664404998	0.3529230807870002	-0.5355142295752505	-6.222553700500001	0.4267717889149997	-0.3191801925100004	-0.44441403477799923	0.24955324581800026	-0.24658837356049992	-0.08307275614949997	-4.832190498145009	0.3894987564854999	-0.19895306605999996	-0.3438099600875	0.2553396162455	-0.06499035492499972	0.7308291727999984	1.500787360186765	2.4832033230576167	2.709571855697742	2.68716954413447	2.4939021235711443	2.4288606860712343	2.6012414818564342	1.8996319618171678	2.5908676220786835	2.828190965486389	2.7793700374515407	2.6364729397631765	2.697101044957121	2.812268786290893	2.053285274499997	2.7997888107491193	2.8514214745965347	2.793750853632515	2.6600653290557927	2.5678052437542696	2.9303476559503694
F524318	-3.685159707779994	-2.9135384632050054	0.4351221079049995	-0.10774192261449997	-0.08436478149999996	-0.25348169232000006	-0.13102439548500028	-1.7818890007634494	1.979262715452048	-1.6411885451899977	-2.050341740716001	-0.9038471791950005	-0.6015554070800003	-0.40103191582500003	-4.627757420649994	0.9606828528930005	1.299636548604998	1.4750640585005	1.0854494396030003	0.7644707921249997	0.6951888213499996	1.9931794591817986	2.308459296514319	2.7181986313547872	2.620822076882782	2.771810997727658	2.76532813166071	2.864805220250648	1.8344681730412937	2.279546732334439	2.4900652746044507	2.6362638735355115	2.741491881942046	2.7412535078977807	2.9107215190296443	2.2169936439324296	2.7061494253527854	2.6304142609699506	2.8996906811323506	2.8314822004624025	2.819051422025484	3.015279460324829
F233953	-5.968146822500009	0.9849339823449995	0.8256571322549996	-0.07835638124500001	-0.1332319839025	-0.15778659207499982	0.6036358097650006	-0.8658228529150008	-1.5095985000649996	0.6790272799800009	1.8797494874199994	0.8804669015815003	1.1201588269035003	-1.5277940156600018	-3.0556460091250006	0.2699094126555003	-1.6422061298150035	-1.5591049214200003	-0.6377514192763192	-0.6178669107829992	0.41010787391150005	1.9455769318059135	2.6172870866262303	2.7955017021990223	2.849145490225448	2.651140097395742	2.610186441030503	2.945459752638574	1.4970048949307628	2.2920068691295237	2.458174164053238	2.5523702450807755	2.415887112835745	2.4612931434852805	2.763956793710858	1.7884112105477923	2.2772382698920546	2.6174091663643906	2.5981954650869046	2.668947643748062	2.740441767036602	2.967061978109093
F368412	-4.683552112449995	-2.552334507731503	-0.3858317508590001	-1.1411091337400021	-0.16002338496200028	-0.5170908125929999	-0.09346263781099998	-2.7328264387149983	1.741320054534498	-1.1296740522950008	0.3725080672724996	-2.1993759537994984	-1.6549489449200032	-0.481196363508	-3.028867945349999	0.5631512688050012	0.9811375017550013	0.8876881899749988	2.267531002289997	2.4238243292349986	0.5031334258099998	1.8726804689861534	2.285430980058252	2.7035467165598273	2.6327617805599077	2.7055640687957316	2.771308489389717	2.8000817669567333	1.717131780664805	2.242666999163739	2.514711198450856	2.5644801321983173	2.5342587379355908	2.627726270823955	2.7822788386169575	1.9306182025399246	2.69246856930297	2.628841162907921	2.752987658245236	2.645395286271539	2.4849345202834185	3.0263813962656014
F4442299	-0.732879686585402	-1.015554641075	1.5776620103000016	1.4534654738350006	-0.6913086326949994	1.0410561815280004	-1.272031799909998	-1.5417167642339966	-0.6934223729519997	1.6222802727949999	0.29834771391999987	1.0574561725198488	-0.5866826568855003	0.3942954362375004	-3.5938913670999972	1.5795346328660027	-3.1429248941350028	-1.689965611401501	-0.38400178757550035	-0.42426324531749965	0.5617264185469993	1.4089854265064936	2.163849229773742	2.537685425481783	2.5353336062551395	2.0455324296959354	2.0216617977419236	2.071097132903696	1.3652255359038448	2.2077320741052042	2.333729968846528	2.2932768723399852	2.0715028590868845	2.022717871292585	2.0699167935132707	1.7498411026677854	2.161929075462785	2.4305105941849856	2.534657738233929	2.6883772263207715	2.6220086361297863	2.878159923276404
F4401580	-3.7313583214499926	-2.8253389867000034	0.35593489895999963	-0.07634541845500001	-0.18852401970700008	-0.1459374162615003	-0.28607512103000005	-1.9184266053044987	1.7975156580800002	-1.3938279862399994	-1.9657023836919967	-0.9782264197304988	-0.5831048473250001	-0.4028944369550003	-4.6305913109549905	0.9099649980149986	1.2667514215400009	1.440782605125001	1.0400721179649977	0.8036803424210006	0.6900351499799998	1.990602272372301	2.3015342802341503	2.695078111676608	2.7313328112957804	2.7069487056412416	2.818170354805614	2.872600974164309	1.8092729270532117	2.255618374448902	2.525003563151239	2.6033278452382658	2.7371205101989267	2.7903767215768527	2.806170767473493	2.21209538304117	2.6612277940017695	2.598992697958178	2.712211276535298	2.7939735905785112	2.8322158164489553	3.02344247758644
F145883	-2.1224235948829984	-0.7963325393649984	1.1738487547000034	0.7966541615550021	-2.1196855302950026	1.859961129190001	-0.7285737524950003	-3.785093241099994	0.7562410438999995	0.9538328119649986	1.2856025957864976	2.452931112930003	-1.4873063529799995	-0.17254638459000038	-3.5182417312549945	-0.06595258056000006	-2.234590264374998	-1.881336081351503	-0.4840252378700001	-0.39674995610450003	0.5781264762650009	1.4783573474582081	2.4525233548309897	2.7137425459095668	2.605940699352115	2.1634015208679327	2.2170819947289866	2.785747588992928	1.6241032605596077	2.6690801225012284	2.602950503879545	2.608119839991321	2.2023881662246856	2.1946881122039317	2.7390666701132558	1.73568894000504	2.3720542891789087	2.6061258644424283	2.419235368919391	2.5505695731440796	2.711323958824764	2.9645613509747957
F187447	-0.8943714416999998	-1.1659289493100014	0.7623935856199996	0.5654973933181002	0.377362342559999	-0.31714745836500013	-1.1938977572963514	-1.1583930358555012	0.4647975373199997	-0.5416320747549997	-0.4927411238674993	-1.2534718569640022	0.7171005025200005	0.3388926646749994	-5.360247518584994	0.38730469512499993	-0.04913181910000015	-0.04639054275249987	0.36078159176500046	-0.1582524249949997	0.8153301176849994	1.4419751802424665	2.3331913915158244	2.6172963814616703	2.638674154160201	2.2439487719630513	2.1873322026032325	2.1354552593739036	1.3867818191576535	2.260968693627309	2.3810593157573354	2.3894219322742942	2.2045434961431036	2.279657961215043	2.150803551168181	1.9661206184220714	2.772755051489529	2.6477033203769826	2.5881397786989364	2.6478903106934895	2.6723499478602464	3.0565365984942843
F16054	-5.047329099800004	0.29372515749850026	1.210228053135001	0.45749712016000027	0.07593810079300005	0.12181697325999986	-0.15045626863499967	-1.4566881528730025	-0.014417418793500121	-1.2984045984964991	-2.6430398044750016	-1.3035155469218833	-0.761171480250002	-0.45226654167249936	-4.632717621049997	0.02351522669999998	0.41439589393499926	1.4115242271099997	1.0646874384449996	0.5521103650804994	0.6867398601750009	2.0693895700966145	2.7118804859461996	2.727326362411191	2.7729361067506413	2.871920582814204	2.8644230029540507	2.8038058072318996	1.759822561761546	2.5054719703706656	2.4599320626567196	2.616656883723978	2.647682771024657	2.786528090568602	2.802113838052537	2.158047570925034	2.822236489000994	2.6892408238637855	2.7404071675396735	2.771943441635166	2.810392757739778	2.936049374075402
F110144	-2.374759651165499	-1.743853205709998	-0.7156014854290005	-1.1667950976149983	0.22812452624499974	-1.613714613635003	-0.4616243063900005	-4.136493535150001	0.9677831216530002	0.860123788404501	-0.7085666832750016	0.2557815325850004	-0.8693624204099991	-0.16888215462500009	-2.653734705075001	0.5861427803490006	0.39738905778499994	1.7738762794000005	-0.9318013875389988	2.422500771559997	0.4020691719655006	1.5843113534104614	2.5672964506174005	2.5875459775337046	2.635514190643511	1.9898315402555022	2.384470080297444	2.8398800061386433	1.599844870631477	2.666713469039855	2.560116754018171	2.252343596709387	2.0101326797878776	2.4252029494123217	2.7932908711125073	1.6978524890978712	2.7031877767541315	2.6612666046926026	2.401885673391261	2.1345912464060066	2.3571941431079235	2.814930459259419
F3275934	-1.0744353168250005	-1.2318277819459995	0.3295366591499996	0.17817159533499996	-1.9068381028485006	-0.563812134685	0.3308432544300003	-5.924487671500001	0.4296462953814998	-0.202755933655	-0.09376919293799994	0.6996138918800013	0.11871908542999977	-0.5114044970549992	-4.345208628549997	0.46246355350000024	0.016379034200000003	0.059710686354999945	0.9125647893754997	0.5846023585850002	0.6457887057740004	1.6326778771312076	2.5637847986619806	2.7141860533075297	2.746286695763189	2.5803993933037312	2.7336395020397606	2.7678061222584627	1.9832445267500876	2.7512864168078535	2.771580495571753	2.645202144178257	2.6816058172128825	2.6639556583888604	2.7329880555341104	2.0686919600736777	2.759546138488608	2.814147637284049	2.6615416641080034	2.70932089872033	2.7756528355802184	2.877144322861652
F4093636	1.2376065003299972	1.498525620669	-1.1757518869200005	-1.2022493257250007	-0.5100314121704995	1.2920243472260036	-1.2916131245959996	-1.9816847632944987	-0.40976836167500025	-0.5031714012949994	0.3771456493345001	1.0893054198265026	-1.2747879183704982	1.138189218995	-2.033511945634999	-1.0848161196115476	1.8551172973400016	0.5956150936690008	-0.7436270070930011	-0.16630742312000016	0.22857075995999995	1.380027912597532	1.9286812098589392	2.3530232256192347	2.435447022940019	1.8805357869227934	1.9385272111145428	2.1263402385176464	1.361604580114481	1.9123062997740645	2.1713453844520147	1.9749945627249854	1.9044410348356484	1.9846435282840929	2.1559556907902837	1.4698167876286814	2.254967315388381	2.3278122216991277	2.025588934211623	2.032843713559461	2.1981753654272067	2.8277160353213793
F2510541	-1.7326628246144988	-0.017549740249999994	-0.9442774686615	-1.080143000664251	-0.5953568667599998	-0.9914958194699984	-0.5633241062199994	-5.298326368349998	0.12517652459999973	0.5274840526005001	-1.591934337534998	-0.28645528482500016	0.763773226170002	0.2863819199555006	-2.6904466101249986	0.13861480073599997	0.48109813299900045	2.4309286792499987	1.0750521893070002	-0.27380931199500047	0.33006962269350026	1.628415188947186	2.485438629993653	2.5389128512839916	2.624935073361668	2.0706540180744675	2.6449135760668168	2.858825251812467	1.7766690541159404	2.6950942461642575	2.6048630814487446	2.444104276103302	2.4924802772537866	2.8964807496674845	2.9046191657834086	1.7607490248314475	2.7603670423240287	2.619144740529843	2.4182376412809843	2.160462951733933	2.6277230964023484	2.998087748018063
F4481427	0.6872385425840012	-0.036156781999999985	-0.06462075276500004	0.2290419079349998	0.009986805315000043	0.013615781714999983	0.26871810097000015	0.6674952039100002	-0.6187549699350001	1.0564122485900025	-0.34308266653500014	-0.07952191247749994	0.10811170295499994	0.02320417887000001	0.5983018071264999	0.7124453098020802	-1.169017378935001	0.0557568037529999	0.03527086002500005	-0.05547588470999997	-0.05668074076000008	1.360179966980488	1.6946756653257973	2.4051147495799268	2.398911031947437	1.7411532949912552	1.773632610024054	2.0635077404942703	1.347113712258298	1.722884946955281	1.968640122805758	1.977289079259882	1.7437690490084667	1.7968855942723427	2.0778402186521	1.4054820538865045	1.7087347614806352	2.000797228911829	1.9916470636862003	1.8332719931597021	1.8303547210065014	3.010218453093743
F4419504	-0.38018799921734964	0.6255689296150018	-0.6638695419500005	-0.7809301714199992	-0.8107400610699993	0.9642467391525003	-0.23382486577999967	-0.09203174038999988	-0.7972266402349996	0.7671243020615004	0.22147003562500003	0.4174808628103491	-0.13646477389950007	0.15915856179499985	0.30618139000999983	-0.03582164949999995	-0.14131431041850004	0.5219614633780001	0.6097368500700012	-0.9056869760000004	-0.11049480466015012	1.379325659474854	1.8110492262614428	2.4790134168368927	2.369091238984139	1.8234254706143018	1.8593580016683626	2.1574143231723437	1.3421642658179185	1.8464397802738355	2.0322934717283956	2.0059131278238835	1.8231906949534185	1.8645403634180273	2.1294684082005446	1.3939633455899891	1.8326811905972256	2.0130597198227864	2.008849013796404	1.857762670394398	1.8945222009414704	3.0433184034369947
F336830	-3.1550200115650036	-0.6105315121600001	-0.2990003452200002	-0.6848258296735005	1.3240890595600026	-1.7215474843265037	-0.41228337544500004	-2.616319757787995	-0.6326899379010004	0.34573936969700086	0.08252844728150009	-2.0682194418199953	-1.2308830945619988	-0.32260497620499984	-3.710596447550003	0.6691603730915002	0.44102795755999996	0.589616668495	0.9452612593349988	2.8230828696849932	0.5491176995299999	1.6189056077731634	2.527741034314645	2.7544792978547368	2.589404368404239	2.311247505543126	2.442394591966223	2.8174852681217515	1.5360081460904407	2.515256874010043	2.5969833243698948	2.415730990359346	2.304579457749516	2.520944915359514	2.818162839656618	1.8607619622687137	2.689484193598287	2.7214917557296494	2.606287764782946	2.5178930665807835	2.424699987913909	2.9700465875507724
F3929758	-0.7809544754024998	-2.0566280104269983	2.0455920947650017	1.8175692188499961	-0.1904702527299998	1.0822082863525002	-1.0996875496799992	0.6918475358580001	0.5428533253225011	1.3999223055184986	-0.02349289646499994	0.18990758730649968	-0.5841059092455001	0.562459891659999	-4.096435059595001	1.3635787027944999	-3.290108587925005	-1.7513476438599986	-0.1833816767754999	-0.3571059202499998	0.4925623387449998	1.3426026542998277	2.027480488156023	2.4873925043747285	2.512227557314582	2.077843177302979	1.9899446821606215	2.1662920697360506	1.2892669503928453	1.8248511272784185	2.223651703243179	2.202220618202277	2.0736259661294967	2.011215552465214	2.1754420317522816	1.6807463729892786	1.8367733262742694	2.296491691999391	2.3243402437285203	2.597628823689711	2.622732532544838	3.0492690863746787
F197346	-1.3900691236333	0.5317525899129996	-0.2440600636814999	-0.4615659411700001	0.23114014422999918	1.3710682313050013	-1.2104711400399981	-3.200063002875005	-0.7166794639149996	-1.674688022020001	-0.8422303751480004	-0.05121434942499995	-0.09308767259499996	1.0112975531270008	-3.477081854299999	0.40559461613500003	1.4953604411849941	1.577843468174998	-0.9064224494205002	-0.9383292273699998	0.4069192254149997	1.441393955113081	2.205451117088994	2.6192644550418915	2.520164136709244	2.3556354996485585	2.428665839545793	2.4151559122089936	1.4800280846820593	2.205443275612319	2.4438779080458155	2.2710416505650763	2.4033509393624075	2.5294138349822726	2.4365304003141075	1.7292952295948503	2.6978807152787874	2.5704164851962803	2.4248276569913103	2.449418969621571	2.582673207074575	2.9351077727038435
F531495	-2.7378633476399954	-0.6194717832050005	-2.7381415474250015	-3.1234990090400006	-1.1292746900000021	-0.4506473652849998	-0.2701283570449996	-6.417144976000016	-0.10361740246500008	-0.2373429367470004	0.5538500416550011	0.47455717294074956	0.5383075938035004	0.15096018369500003	0.2612348135429998	1.0464254810499993	3.1250113517019926	2.281519755825497	0.6567139939499987	-0.22099680105000014	-0.0997152377849999	1.8310622496064135	2.608761351654065	2.6294819600514967	2.6939628612948097	2.5750172103113935	2.686713747062718	2.857889591654113	1.9211894454211471	2.781746544639238	2.734034843732342	2.4996747631198573	2.6162448551415682	2.770997652387577	2.955663378564336	1.619069807570793	2.8286233460771775	2.470786317122239	2.4022927862518135	2.4360624972747775	2.533237485510412	3.0177785093594616
F136127	-1.9062318983100002	3.621678584329994	-0.9290849399849995	-1.2613173102449988	-1.6549140941975973	0.9045769525554984	-0.8277975469950002	-5.207112572500001	0.34176032677979995	0.933379880514998	1.2531494330154975	-1.02689469434	-0.49516975941499963	0.2777656239299999	-1.7621929554204978	-3.6037817146599993	-0.45495474426999843	0.15025470898000082	2.819384262284999	-0.25514386977550013	0.2970168248700002	1.4856541735023157	2.368807691229116	2.4789836812028225	2.5012202320972166	2.320642792488935	2.336979547420164	2.707928009055047	1.7155717191561182	2.726712136515813	2.62375243325311	2.6133041035295563	2.397543128522676	2.591571853264527	2.8682832978273343	1.5971229721610687	2.392210481364346	2.5099532309151633	2.4912355642883512	2.2689463247632853	2.2695660724004547	2.9914085150702396
F3152469	-0.5534374108324899	-0.12445607099000026	0.39135173579899923	0.3075793088699997	-0.232216617225	0.14162558190000002	0.15149085467499976	-1.7502939662400019	-0.5042890552070006	0.10329086132500005	-0.03841431274499988	-0.08552838150499995	0.41228392652499946	-0.3422711264449993	-0.9824609952949999	0.6828494388805003	-0.4374870124120002	-0.23561450706249976	0.40921222051000067	-0.3823387628249993	0.10744035232000002	1.362346583267686	1.8529769572443064	2.269261165478451	2.4206323472167366	1.7714343821720786	1.7996196836716254	2.1288092964102936	1.3434353814180358	1.858447415061802	1.9596007349932314	1.9494524058382185	1.7964803142984196	1.8258016259694054	2.138491849282256	1.4055193312413545	1.8652124452704673	1.9376907613565535	1.9592460800715192	1.8566934032487032	1.915615225156474	2.911849062710229
F3686740	2.4492531339449974	-0.7446954895549986	-0.9979910616449993	-0.598635881971001	1.7244403210249994	0.2931742333350006	-0.1412773236650002	-4.188113585049994	0.3325557441229992	-1.1065758758860005	0.2728251041780002	-1.254305303439997	-0.41936580238999915	-0.36054396650499987	-3.65505365177501	0.6468713254610005	2.3304052999560048	0.2377692881849999	-0.8262577163269991	-0.13005009633500017	0.5126784351649998	1.4203000680653035	2.1216420498850765	2.55898283663437	2.581562879021643	2.1561272155223414	2.428697136129703	2.6561749094003453	1.5487747780895038	2.2059033875680645	2.19291106612832	2.0824764901636312	2.3360497585795033	2.6136988714983604	2.758032187072216	1.64410465958829	2.6639046903026093	2.405170972885574	2.1612652954281497	2.3699664716915874	2.576714290668287	2.9157199255795927
F364289	-6.014788573000005	0.6800427995484987	0.576970828345501	-0.2247907271000003	0.06624449729814987	0.16519377986999959	0.4678640109249998	-1.136557109226349	-1.267213126759501	1.3884241243299993	2.5621268218	0.8504323784899998	-0.029827226841500014	-1.3783967147749983	-2.8206973596514935	0.5492452596849998	-2.4613783163999985	-2.06888933484	-0.6891895007399993	-0.33993019690985044	0.46429795504999993	1.9021094362465094	2.5740504914778053	2.608138324332954	2.728446520156804	2.613785266077126	2.6342157052071418	2.8404676736459002	1.4497330234020962	2.30212707894432	2.520879584233548	2.4899818347424962	2.388019485652107	2.477296018943652	2.8182429055663207	1.810789949090958	2.142231261965308	2.5801692955604985	2.5929669393792163	2.6716867057829012	2.662463394642448	3.016714380749164
F180171	-2.5398549498049965	0.61998623475	-0.8327840703585011	-1.1917572430954997	0.5782242154895002	1.0759575081144996	0.35474187735799956	-2.8627429184999964	0.44901348847999917	0.8715805137605017	0.3775196873735004	-2.2788821849814984	-2.0480328490899975	-0.8001070637700011	-2.9231489700500024	-1.1953428101980021	-0.1257399519565003	0.44512545500850026	1.4173135180300003	1.2756866575400014	0.47306390242999957	1.4940165423079024	2.1060666090786184	2.5714057908609926	2.6604842420521324	2.5313533321692567	2.555032681733845	2.6570400194996173	1.47502737308291	2.0760670758320705	2.37068786067493	2.357462822792329	2.4922956701738683	2.6606372836096783	2.6249886460775707	1.59828977977504	2.4636998915522423	2.4368368073159408	2.552811908281762	2.6115363483599374	2.5479449267422747	2.976183913704099
F4089774	0.9574080793449995	0.5268871767765003	-0.3668035973915002	-0.21382140086499957	-0.5184054740900009	-1.1842987130225011	0.028746749301499973	-1.5585333982501002	1.6922524474650034	0.7463682978874997	-0.13277029022800038	-0.3013893930149995	-0.45136909748999976	-0.7279353614699998	-3.8776521378700024	-1.9478796955892501	-0.3813388989435002	0.2049173749050004	0.9151412573234995	1.5526335694800018	0.5582581873449994	1.3254956986425217	1.8334274062678573	2.560620005756726	2.5357480425768726	2.0112549762497336	1.976047479226587	2.2026279879050787	1.2945037495249851	1.91101529101311	2.372037184538711	2.4569627984836364	2.021029512987724	2.004897677684204	2.1619883774038895	1.513030136562255	2.235186468611562	2.574475106081365	2.5776935597915926	2.37258480553903	2.3010722048537393	2.9275075780058932
F99720	-2.12083429489	-2.3872656968064985	-0.022710528749999966	-0.22269807528950003	1.481803676542997	1.2171026854391493	-2.855198535385498	-2.530617793505	0.9695140370300017	2.370786334495002	0.8030229117855003	-0.5048766264880005	-1.0328879726375004	2.381264475804997	-3.6045924997050007	1.5275306968709996	-2.205481262109999	-0.7913037918300007	-0.4868550691284988	-0.10260532668999994	0.5596505480449996	1.5475259586683112	2.4596251232094275	2.585275365833744	2.5129231888872234	2.3165564302785633	2.1784858631878254	2.513259332904375	1.4970338724755445	2.5323503059637855	2.47428210266831	2.3929072264821243	2.2523326335745475	2.2040653779359287	2.503696412081595	1.859608805212095	2.579269925664005	2.4445108567962355	2.667362285404407	2.5916540516879736	2.751178409870741	2.8839661205625227
F172233	-1.371801322562001	-1.65596131504	0.7217395810250001	0.4249160796149998	0.4217870516325	1.614291105045003	0.01907337795350001	-2.9287774014199957	1.1552476161600012	-1.3271393725269989	0.09050578635244984	-1.5086759335475	-1.4741876492549983	-0.8217142994637852	-4.998120599349994	0.3732740481800003	0.3320804347199998	0.02296117453499998	0.8611721131880014	0.252756175075	0.6599763752799995	1.5540280126370343	2.30176720820481	2.660472361089591	2.6056938933026	2.402175914221708	2.4979961500819297	2.5688444398120955	1.5596581712783342	2.2850345823590827	2.491721860797409	2.4240974630650367	2.491654689524095	2.6244880752207425	2.74370959605121	2.069241996248736	2.597021157885125	2.7427549907688795	2.763066243565694	2.6199379478576343	2.716236605407447	3.039693995714568
F1943669	-4.0410065605000005	-1.3896493467679993	0.6921431565264988	0.21910860154999975	-1.8738266540399993	-0.9837772247544991	-0.2494525956550001	-1.7424058704150003	0.2968939977999999	-1.2030525063415016	0.9915019083350012	2.818412284864999	-0.1910688204310001	-0.07900257986205012	-1.0675690405500031	1.0040926244354997	0.3592635264399997	-1.233221064074998	-0.7898536588350012	1.1697180315085005	0.135399061123	1.5702269649600589	2.189087934050405	2.5320653373944024	2.5945377659905895	2.4374733820851633	2.6420548135331856	2.8170818980799157	1.3793061241382674	2.004552996812646	2.2929309192701095	2.2522550186206693	2.096047270048811	2.193790061924846	2.643904446975744	1.4919566944527736	1.991185978887743	2.1565263615412684	2.292173020980394	2.221728225951894	2.29568023751616	3.078737079931383
F4478367	-0.12003181614100003	0.16160538277999978	-0.26258525964250007	-0.20575005242900032	-3.5206247423299954	0.1831571587234998	-1.2282450642700016	-2.477345834520002	1.585287536130005	-2.1096733102000003	0.45246092119499975	0.6203448679850018	-0.05472044761000004	1.659867352300646	2.2017487762274985	-2.0210375379949963	2.404392583105497	-0.2975891319399999	2.8992087413250083	-0.1658834953134997	-0.22018947275999978	1.3914101700759298	1.8992546645728747	2.3456632675100835	2.4315494043276136	1.9773701028434079	1.9225550475844695	2.2051985808207597	1.3643512437414136	1.8841845380853552	2.1223818318955203	2.09213547750547	1.9650954107161758	1.9736468656327693	2.225723986349799	1.4244850147409363	1.9489382995531077	2.092257209202357	2.0945060239368702	1.9790550494014598	1.964727530888659	3.1088218893619803
F194557	-0.9705469076402504	-0.6868961658449998	-0.13083747893199998	-0.36201939466000016	0.37664941190050005	0.4976271661999998	0.4566985838175	-4.1965855363000015	2.3443323283249953	-0.39706037752499995	-2.1545535482944955	0.8874264734139974	-1.1327582395749995	-0.5887695614429996	-1.3756057619435016	-1.6707096634035006	0.43472432650000115	2.462267409405003	-1.1214526032249974	0.4697082400449994	0.14599158638000004	1.3760566372972984	2.068818605924543	2.450197988421091	2.5267092048404485	1.9546396809732443	2.0549722340743717	2.5889228358459824	1.4890217388077056	2.3707306689114684	2.340428199087497	2.3052784614656656	2.1737353807541795	2.4464109853310734	2.742601785625865	1.5109423401807422	2.28475346517694	2.3945769651951228	2.25893536080422	2.090106311407645	2.1758830572961503	2.9930797876510513
F174066	0.0005076166735000102	-1.3610646557150003	-3.4020653221280024	-3.4862956574999986	-0.9587375322200024	1.4339053586250003	0.08715884459999995	-6.905661815000002	-0.08755000390400014	-0.5097760346329998	0.17760249822000018	0.5735674971649994	0.17318407257500024	0.08971887865000004	1.4193399912849989	1.493830905930003	3.9807773308499987	2.834572117054998	0.38899354735	-1.4930694745850033	-0.26266440165000005	1.4582457161355813	2.42491005863745	2.573538266635359	2.528820342136934	2.379433226417954	2.390917806708891	2.712624358821724	1.8448253928109446	2.7471301035034412	2.630390412598487	2.646908305341267	2.5817784603417	2.692653535558681	2.6621918704003114	1.56897126804079	2.680365367734654	2.3976563656154934	2.3256099596416875	2.2861339857411966	2.3723840888345276	3.0423660326030935
F177478	-1.822089319425	-1.7286605677700049	-0.04437909320800009	-0.3225149261699991	-2.0678668947349967	1.385305877889	2.0518191522600997	-1.8948989500649989	0.4021296139709989	-3.885337823870002	0.3150476348989999	2.3243134998395045	-0.3064422785955001	-2.323687503688502	-1.6709926589299997	1.420819892254999	3.744327448	0.004432153780000002	-0.28670851280700027	-1.2781854460390043	0.20863755186499983	1.4441908906931369	2.122625989714322	2.4614094332843353	2.412018838153205	2.0797656775208657	2.2435821712941313	2.364642270043149	1.3996506007519796	2.0973958876023597	2.213772877940459	2.0993897970714315	1.9274856323176015	2.04887894536501	2.43194560330302	1.5184337779252022	2.4100352641764466	2.3376444530391307	2.177203209067256	1.9021865652053946	2.12277506204062	2.898768800105893
F287608	1.1642725888599992	-1.392849469694998	0.5789899858800004	0.8980527510240001	0.09136199498999983	-0.033158676722500044	-0.2994709870880006	-5.119020068000004	0.9202498504800009	0.567530661363	-1.497917633745	-0.5574653314770002	-0.10982869508999986	-0.3884069795835002	-4.927635486686492	0.10520620002999997	-0.39895276833699955	0.3701801675879998	0.492603978385001	0.28723484247650055	0.7320348703800004	1.5127877291322678	2.528092955944964	2.671621975302333	2.594188796588727	2.341368576210428	2.4394138180635556	2.6071648145167856	1.7431723828524532	2.5529546280289854	2.6737612707647953	2.526348518914818	2.5129272547025883	2.6778273574356266	2.679660613014163	2.0144568775840757	2.8205221747249607	2.657194571017335	2.6422688508505945	2.6395188283124313	2.6626629417751464	3.078653399124098
F2943548	-0.4612771346849993	0.10003606133999982	-0.7588815057895011	-0.7563203251334993	1.4930871468199989	-1.1604936451464993	0.15202232858	0.4642463330229997	-1.3641555330050006	0.34287032875999995	0.20099533127650013	-0.8085542016850007	0.9723190281559994	-0.29829385029499955	-0.7186365932700015	1.490827519865	0.45516749871999973	0.5755264337995	-0.49712440575500044	-0.06568793697000005	0.08215027984999998	1.3365598113143051	1.8505231506180986	2.460554616882794	2.429309821733518	1.8068017924948319	1.8247190705149359	2.1151830888182332	1.32097702125917	1.8807549347273467	2.038153099177261	1.9762966809135287	1.8137655716267909	1.8313482499030989	2.1270061273434133	1.3959233115062444	1.9583232697382336	2.0340218545564963	2.0157822981493347	1.9366398396073632	1.9511179035227257	3.199295048437306
F4481719	2.8260389250199993	4.233346018050002	-2.0474965275199986	-1.656581469035003	-2.0811845735970005	1.1796794643214978	0.4964775435999996	-6.674759869999991	-0.9411418159650005	-0.9209948687549997	-0.39901501013149937	2.2123318158550003	-1.5141942261215013	-0.2779047520749999	2.451828049869997	-3.599647555505001	3.262541443545002	2.076100377850001	0.06809087252500014	0.4617614798599999	-0.36387520331500006	1.3651586749001252	1.9941653090881777	2.443044555346656	2.5195205096644853	1.9887073082285678	1.9777684326812375	2.6505348793886525	1.4941095555873023	2.318284833750199	2.423226239385923	2.374212219416439	2.2789242508048835	2.298056906717851	2.733961647376257	1.4320061014996772	2.0632143938834955	2.3014481253785104	2.1742340336133656	2.024166018125981	2.064763331849409	3.174277057907534
F4449427	-2.1674469672450014	-1.4373007868289982	-0.6862136478699996	-0.9193840675999995	1.6900184174049995	-1.4817161802029997	0.15639535218999995	-3.3049793633690028	1.2144578116114986	1.095122878035001	1.1493191389479982	0.4881675118254997	0.13691458850500002	-0.49173665906299924	-1.4551892677280018	-0.17218229571000002	0.2503201672692003	-0.05166563891499994	-2.031837888565003	1.381958388834997	0.2577078238200004	1.4418799982238668	2.3870987005744237	2.680747333356761	2.667014051318334	1.9054466812958841	1.9798820752567414	2.2722355972498427	1.4489144630669173	2.706024464307845	2.578668868102334	2.1452687713430287	1.8616030374837742	1.9562447808879497	2.29750843950881	1.4637799717623388	2.4675427776855505	2.470905468161239	2.1281890517377002	2.091560642453436	2.159617273571501	2.9791948803235635
F193840	-2.611157362455	1.2923402938665014	-0.07044847455599995	-0.5199749419699997	1.0195456070720021	-2.055370117445004	-0.5022487272400005	-3.051549224454998	-1.1283055273300007	-0.31717763667000043	-1.562493034254999	-1.7843920843249967	-0.40571318523705036	-0.11637701850750003	-2.9694180804115002	0.020592808616000012	0.5957415162015002	1.7861770129199994	0.5515535488650006	2.373567671460001	0.358947155725	1.529517235234964	2.489991847352959	2.522743421471033	2.5026565287028553	2.04319884486799	2.4417945558363896	2.933437621034568	1.5723022625204883	2.4100989992236403	2.362797406892203	2.264398331263491	2.2828685319348345	2.5856018749567857	2.8218886714330673	1.6671243715492599	2.8317784361333564	2.5608047154473255	2.427795454262523	2.249787589286511	2.466331719778533	2.9008014588907143
F258461	-5.948326022500003	0.885879105780001	0.7871499421800008	-0.08812614471500023	-0.011592696130999976	0.1677310095130496	0.5388886169609995	-1.2393663294649993	-1.5303824785449995	1.1093549321700003	2.245697232884998	1.0395122486645012	0.29980590496049997	-1.354674943475	-2.8831891351250047	0.5826861183199997	-2.340161132294996	-1.8680338469999977	-0.7641653084500019	-0.37647961334430036	0.41889377593999966	1.9351945253909422	2.6123103832260197	2.7609767707751818	2.814606356353161	2.583844325858718	2.566318751610931	2.8861968847392214	1.4860014883952009	2.228465504499935	2.530009035609133	2.5382654280811687	2.2994406914547354	2.3368937934661216	2.7824610353325316	1.8441026009165697	2.106858169113782	2.6988415285065357	2.587289843795379	2.5873664925796938	2.641503372262477	3.030848980676995
F178026	-2.0040790816850005	-2.2852461024699964	-0.9226630907450006	-1.2796826064350015	1.7659411831650038	-1.927847800470001	-0.3096297190950001	-3.461376908995005	2.1680621492650016	-1.0097061074150007	-0.26443333554000015	-2.506431414365001	0.2876419111370003	0.6378865506855006	-1.7142187748755016	0.5302630322799999	1.6148896088899989	1.6532636204454993	0.6894123131585002	1.6053046165150004	0.306132429855	1.3860013880616504	2.3020043648613484	2.5263389499532276	2.513206309966142	2.0868163136457385	2.367654786187657	2.597523394738962	1.4430140946157868	2.4558557206739127	2.4414273239962334	2.4551599029239486	2.213627185614011	2.526027987439159	2.5543338854442945	1.5921716202447151	2.7632118033673843	2.568537214917162	2.538284495654128	2.1159311330715647	2.3192438795071957	3.0667241929416234
F4476780	-0.9692241729049998	-0.44637390702000007	-1.1285090553650015	-1.257725637758999	-2.3155274821049967	2.3777903888049967	1.9547689641950037	-1.2135450178099987	-0.08826260066000013	-1.5020345946034994	1.909881763245	1.5677860900000016	-1.6215960273999999	-2.0805158032700004	0.9035831632809981	0.5263419700299994	2.5002523759350033	-0.8300185702590003	0.6987165935799996	-0.49360899603200015	-0.0721645646915	1.378765018595211	1.916205494796137	2.503329927555625	2.42839775573644	2.066809007846831	2.111237045354053	2.466514892143951	1.360918812472835	1.9296242745319094	2.1147404480167453	2.120533521208046	1.9209554418675134	1.9717572740936526	2.451063453132195	1.4133179424034779	1.9621693646611909	2.1542628884242467	2.1481532019630007	2.023457815623515	2.0568057243073072	3.014565084097379
F521496	-0.7481596824105006	-2.1531439785119986	0.9068592693600002	0.6438557651150004	-1.9598091815810037	3.9674393082000003	0.38073607837999984	-3.206164396914996	-1.1807405138650013	0.6752590915150002	-0.20286467952499998	1.1247366327367516	-2.243573229444999	-0.7641788978754989	-1.9383026791259994	3.164386301435001	-1.4462402346369976	-0.39528302321651926	0.5805452228484989	-1.8718239602600006	0.2836322075500001	1.4285560815157838	2.2756267714873872	2.4910258774904004	2.5246463744388286	2.0346753539777716	2.19160033988006	2.579992202007666	1.4737962407242111	2.267839141806208	2.346486092826577	2.152690042505259	1.9501390272527537	2.3308926532768988	2.638825462022297	1.511572859667513	2.277024798349444	2.307142822996806	2.1344146751103965	2.015529350403649	2.407433102163652	2.9873114845116846
F4450064	-1.2268835501750008	1.8569609937449985	-0.2879058648699994	-0.4710881475634996	-0.6451030803714993	0.5987782910354998	-1.0675871606240026	-3.4401545608250026	-1.7950683277749973	0.49613983131700046	-0.3228634643465005	-0.6358795327949992	-0.7297471973309998	0.07981170838000025	-5.126923414149996	0.14175115012999992	-0.047545688907000117	0.5706354336749998	0.9015085317200016	0.3453665137434999	0.7347471485694989	1.5179577322496411	2.2830918841059016	2.5513555319912355	2.517149698357141	2.5011010700531537	2.4708692823194904	2.821908012274473	1.6599815619017597	2.329657106659027	2.4146598002665898	2.3606048010516147	2.471149527168373	2.7040656607086544	2.7082346234855015	2.053811736170809	2.6153868907044484	2.5991227142170534	2.614087737602805	2.776951883433156	2.7043182976230193	3.0882395324437932
F176331	-3.881820565254996	-0.3844062531825005	-0.047210914964999996	-0.746647867755	-1.7069950756831034	-0.5229283679949991	-0.9127660993200003	-3.5653187002949984	0.9735000951269999	0.7587071967715009	0.9343107418300008	3.0442889697449997	-0.03716929046849995	1.0391105251850006	-2.371937441089997	-0.9856636198674993	-0.5198171279417501	0.14317020512719988	-1.2027335818214506	0.056505107237000016	0.21866838940249989	1.60131838501586	2.440719581966034	2.6404437968959296	2.591594003373262	2.4328004619546966	2.6116771673759582	2.688233394701455	1.5833738820020555	2.7120416458358405	2.595965628660825	2.5008901646823696	2.2101298340863478	2.57958285486792	2.6557591724214142	1.7769376836242756	2.4931831644953735	2.65808603522319	2.519018726461897	2.5083284098661998	2.746328537816682	2.866292138837164
F184318	-2.9806560111	0.3430367830799987	-0.26567602918500016	-0.5657309451100009	-0.2803550712363495	0.10025190951000013	-2.148685823019997	-2.4083850882099935	0.6191599994735001	0.18045075359500012	0.11173436651499988	-1.8717912022054999	-1.0262902141428505	1.5882129137750018	-3.973103380710003	-0.23933097777999987	0.2739128511450002	0.5713020927639997	1.6449663058489996	1.3986162655935004	0.5706236162999996	1.601478702513687	2.766350605868806	2.4651050630912192	2.5241968743511447	2.429648927239379	2.424798787558587	2.6508126916518844	1.5377061788484407	2.70666824245884	2.451796285488924	2.3368674600299704	2.4530214673345885	2.542684683110402	2.5529187976720014	1.865305382321828	2.9955229727950448	2.582307878976905	2.6749380449903244	2.5946512216214845	2.497072093523556	2.8842090977184176
F4466275	-4.685858199550002	-0.9516856703604996	-0.22460695740500064	-0.9195559711499999	-1.1488742162000025	0.07521683720684987	0.3991697554100005	-2.171609530300002	-0.022953973378600067	-0.16637182480450044	0.6083396578250001	1.3670878139555012	1.010568743684301	-1.012746465415301	-2.572284912939992	1.2239903652964976	-0.11888755598799984	0.2074551116719997	0.31424271892999966	-1.3033455731350012	0.3771521973515007	1.8490424530515497	1.915264977496912	2.6402398372979206	2.6443683295663636	2.710940698593119	2.635098585671212	2.882011206139114	1.5198171790919985	1.841006018863393	2.5445291615445265	2.4902383099123466	2.514171715410381	2.309284281985054	2.8852639374600706	1.6548262034274706	1.9478251310912402	2.5354914166778983	2.587289267267354	2.569748933912765	2.460000913011924	2.9509637535305746
F4457268	-3.3055170849999973	0.5681975053155001	0.6550914135985012	0.16753660734425016	-1.5593791899050002	0.6937798656174993	-0.2541721561849999	-1.9049892083250002	0.4103713688665001	0.6552766458800012	1.3915822789149992	-0.2129390956799999	1.6028376433550018	-0.7817104525299979	-2.3509160341599995	-1.5231656720650026	-1.142314951749001	-1.0647827649399995	1.74533152032	-2.065637018284997	0.30535165054499946	1.6080810407832515	2.5307402299236617	2.586528089928416	2.631093136559787	2.457254007601986	2.4050786929156622	2.780013190703157	1.5913940951573171	2.54328437852891	2.6662118758085755	2.498508728454245	2.395801301650633	2.407625630690743	2.8079969557906512	1.792622043483001	2.5007273734237634	2.5861979344094252	2.6277658353535185	2.452904602406783	2.650317801977196	3.003913913805004
F19611	-0.10437465502050002	-1.8223195754724988	1.9012035655049973	1.8703844190149972	-0.43830470086450024	0.2772584592105002	-0.6904185017700007	-3.285709714115003	1.1520826980960022	-2.2792174837049965	-2.6279305034350005	-0.49095196419149917	-0.46356099863349987	-0.14646709705149996	-4.907980433515004	0.45931434586000064	0.3293403261749999	0.5137714988650001	0.7432467813550003	0.20357019888	0.7933107802250002	1.4388447253476342	2.251420135447081	2.587530727486551	2.617073093588257	2.4047818822835576	2.5249746156554376	2.702481878228004	1.6144012322577732	2.150503913130686	2.5862349749348597	2.530576842550118	2.617279867592777	2.7231758138782656	2.8480071661481823	2.0026243622781665	2.660395687061376	2.669192959141976	2.6114189576540086	2.695235173344414	2.7673379809134335	2.8892498957772865
F336627	-1.3659149882280002	-1.831922104115001	0.2867505389700001	-0.061809641347999794	0.7473679407150007	1.6070426574699987	-1.6459097151399968	-1.2199288373099977	0.9609050194496549	-1.000505793766501	-1.5402579398900007	0.49577036296835036	-1.781023476285001	0.8841655942735006	-4.07186369085	0.7399681670199999	0.8045255491300008	1.4557032773149978	-1.3743365162250047	-0.28090664344349936	0.5316203330250006	1.3777612746895567	2.321512062994162	2.5163737156897987	2.5809491357464367	2.039501039942338	2.112084711289447	2.3257884963733195	1.3101056543556673	2.189153105038637	2.40933113407851	2.2740717315941312	2.0300726418429815	2.2914606465707577	2.40507846375372	1.7111326342224966	2.6189117472914094	2.771194353894858	2.5374431557902644	2.4460923710170284	2.4726669527431517	2.9018553564438476
F2565100	-1.845603582469402	-0.9027064280915006	-0.1383235084485	-0.3788308802799997	0.3376927483499996	1.2136600533050017	0.7768014277534998	-5.237521671000009	-0.32350879831599993	-0.40870669070999954	-0.19465702969499984	-0.4660354208350001	-0.8757876494800008	-1.0233604227949988	-4.331187914129994	0.9116811488299991	0.6412147555899997	0.45164496664000076	0.1941375906349997	-0.14838085006499993	0.6822407661849996	1.7031969732802603	2.5530197544320257	2.7728784893636513	2.7062263302758622	2.6618618654767343	2.695727714146525	2.672045814682444	1.8671711766160632	2.6561491150593586	2.7886990425507197	2.7498102737665877	2.7053289250051873	2.6044875726429066	2.7674565218360447	2.117831048264517	2.759211348435375	2.7427624402383626	2.745307446598747	2.78874961982599	2.7219810216579527	2.8548533145360517
F4439603	-1.41082711445	-0.6369200043624996	0.29047965767399964	0.031839406980000005	0.09317195388349998	-0.6934066344499982	-1.0834006874349984	-0.8828616406649996	-0.5294097719904999	1.1221192038100005	-0.8347984554449984	0.9120076500249986	-0.6424832292264989	0.7598142712714994	-1.8801543965100016	0.9340718425604998	-1.462160003385002	0.9598135786054977	-0.9662658734300018	1.3941256168399985	0.28484247774500054	1.3749077500166893	1.879407404535777	2.38749263393046	2.3905110202309943	1.9557884465794122	1.878142507804828	2.088492730713204	1.3416867832151513	1.8581903097702577	2.1567073240791994	2.1197103715170016	1.9163700710325307	1.8400335753820882	2.0564881778378474	1.4608941129441257	1.9450053486877341	2.2963997012960373	2.220778286318866	2.1898915154116243	2.148725825131114	2.860173236304783
F2985051	-2.7320154736150046	1.5085156263704969	0.03226168814999991	-0.44685740351499975	-0.9458823993449986	1.2332945093099987	-0.4437607348849995	-1.8717124181600004	0.003244727450000041	-0.015162112265500079	1.4177495463860026	0.7772135888449994	-1.2849953176200006	-0.618107518375001	-4.424432501305012	-1.595461868410499	-0.26458276707	-0.5458671205050007	0.06707801223249987	-0.082705977946	0.6284639532319994	1.4999777751728285	2.144572212432335	2.5913448407218933	2.5534815687903416	2.214438787729775	2.324108058897255	2.683250594079283	1.4515961616282502	2.143395183849391	2.4266328341139007	2.477115059368335	2.141394807820493	2.2256162686101284	2.754628616788168	1.8327702694063834	2.3168913134644376	2.6154452587799013	2.737797960340516	2.6579896750255996	2.6777011398427453	2.929753846977468
F4354229	-1.1505792686900012	0.4354487773650005	-0.21134859324000005	-0.34582807703749974	0.24505328025499976	-1.2797226536999986	2.37408868846	-2.572080649435	-1.07749508876	0.8075778046800004	0.8324699891464997	-0.7008799002249991	1.7199441662650046	-2.581591301990003	-1.1966383328499985	0.32885730894900006	-0.4398965621750002	-0.48851023865000015	0.23972916589500076	-0.6327695882079997	0.11446435992499986	1.3550804386895208	1.981522225334928	2.544074006884894	2.577234078715497	1.775714622499771	1.99764627570785	2.3659453616276425	1.3605440775826612	2.1727888924177035	2.287378516084221	1.9822984601924583	1.7724780089614764	1.972789766471878	2.4334565738423684	1.4436852865019	2.030792300535068	2.2333139653557086	2.0143635687904373	1.8614328279660968	2.0175209691204232	3.0357909574815722
F4326091	-4.419257005249997	-1.1875712059600005	-0.4603543901999999	-1.0581259450149985	-0.28360975338700006	-0.017095941900000085	0.10375207381500023	-0.7542497840049986	0.6133392985699998	0.20732526640299964	0.698692422490751	-0.4636532895745002	-0.18580158540000022	-1.0563434406149996	-4.781704338845	0.5960440868710004	0.22156916305449992	0.24284731840999993	0.5032932948012501	0.24673703086290005	0.6558292928049996	1.8050180388504613	2.3958379315939395	2.5606163526893813	2.7103169672919485	2.685395288573534	2.69344511623048	2.8186829442470502	1.4774484766679505	2.3176634619864904	2.430533325332997	2.4417213121784584	2.4109721645204787	2.5623592402156907	2.8797740351248486	2.016389621955103	2.7258889622633387	2.6612273319002098	2.655929364674457	2.7006700690760725	2.836656367240343	2.96513646996141
F157573	-1.3897124725289998	-1.2727760627250007	0.07039639917000005	0.00011575137549993397	-3.022320153173247	-0.5604165703429999	0.6410333046505001	-6.528490131000012	0.06516846286599999	-0.7804944049899993	0.44701359299000004	0.40337037565000033	0.016373055579999973	-0.42645830401499957	-1.4084281596600015	1.0707283442350006	1.161101539655002	-0.5384114568870007	2.584855586230002	0.49898679122099954	0.19226331363999966	1.5752813051761467	2.6329395763692514	2.6937576497017885	2.6691946557962445	2.387000628452341	2.505464964319033	2.734856399708466	1.862496713931928	2.826973043643272	2.724623835850262	2.5083857912382355	2.6796443395213747	2.691015184950164	2.6252422823856336	1.6525331347701953	2.696300550539853	2.6681025916406877	2.4771897114532715	2.35725587866397	2.4742955935613606	3.051358780452666
F198636	-0.9622634408450007	-0.1452537753000001	-1.1730518161050003	-1.2539489205200018	0.15346405211499997	-0.2694844525129998	-2.2825847797844965	-3.4612097946000016	0.402926413565001	0.8699783259870002	1.7190059834629985	0.009128411965000034	-0.4845251942399996	1.6138173770149973	-4.910230002832507	-0.04332799345235006	0.14592498667499992	-0.1449257162125003	-0.07195782838500003	0.4564782649550003	0.708833797315	1.480629899585722	2.5310943471352507	2.5959700831998105	2.556548863024602	2.106569698131365	2.240908660912815	2.527933972759206	1.5816900587898284	2.6293390094710483	2.6641049045299985	2.582364939438738	2.1482239506786254	2.2971428546415886	2.4918340684447533	2.009259108501634	2.7705266707803107	2.7505422531913766	2.672529577648503	2.59974755988672	2.627848488328814	2.89835676835012
F183954	-0.8855476294399991	1.9111451202199994	-0.5088243422059993	-0.8032601399665004	-0.8994795561799984	0.11966963358600023	-1.6389743195200028	-2.138556105538501	-0.9752577914750005	0.06795221754899984	1.1876593368099977	1.2129496812140013	-0.8807271418269984	1.3812649191	-1.095512464084999	-0.9934419659649993	0.8494227047400009	-0.4120188993649998	-0.24701859511500046	0.8641108237540004	0.09799744389499992	1.378401453732759	2.101926278540649	2.5351328343096116	2.3920389445944297	1.9400376950456335	1.87336196823494	2.249781779496604	1.3714889156718135	2.265768208535696	2.4375353279000365	2.1465043887040145	1.9441386632009774	1.8800858767616975	2.231261066045363	1.4254277780608813	2.2083688350964468	2.375407314717835	2.078004581207472	2.0628964402681356	2.0386703389752956	2.867923499906518
F292103	-0.7188408193300017	-0.5867570965030003	0.7645537711050001	0.7165184964844996	0.6148247775005002	-2.353674087920498	2.4752539032349983	-1.7859547488650012	0.6659933353361494	-0.5212760254600008	-0.014984002131499993	-0.30588748545699984	0.04069510627000012	-2.807154657790002	-1.4187131890399982	-0.05751506481749989	-0.1125475678599997	-0.7756838234475005	-0.3128952440160006	2.4325468165600017	0.0848433211114998	1.368057217183604	1.8747123139640984	2.503690070722545	2.540607744458584	1.933876799803383	1.8764910086691993	2.294366086508561	1.3394957860400838	1.8770532171282313	1.9647670107095714	2.079657760935832	1.9558148786831604	1.9337782430904478	2.4353743602868128	1.3977619218633153	1.9216314365283835	1.9899766668578096	2.1258857038685774	2.194829861147887	2.0656578883353856	2.938966236592754
F4470870	-5.265337532000001	-3.2492935160999976	0.5403643905050007	-0.29670146900400035	-0.06423033917499991	0.036939857730000004	0.11013171384349994	2.686233039650001	1.8272921187899995	2.1520970939350033	1.2812021879450006	0.5040525865099997	0.2877156967174997	-0.6280251019449999	-2.6541148572149957	1.0741927682449997	-3.0316242612634996	-1.3565410921649994	-0.5512819357029992	-0.2649061106744994	0.3964060916315001	1.8162751528675047	2.0081868869991837	2.5972733632716283	2.559446544664283	2.7070652281046934	2.685276039305845	2.775527729568056	1.4029671201913019	1.9555399525578434	2.3253397456002673	2.4215131150469005	2.296457289825984	2.386279086397362	2.693136850037274	1.8339582353956994	1.9550776191159192	2.3890904670257154	2.5237220620508634	2.5765974161385587	2.6607373299404644	2.9693772324619925
F1105984	0.5663492175049992	-3.797574550604998	3.240686590070004	3.443398289979999	-1.7077266100900013	2.122603760844998	2.7156301837500028	1.3190566254169989	1.9982899624650003	0.7433441677499993	-0.6166300373659995	2.3673983550650006	-1.2880906182000003	-3.5684901365450026	-3.7696834291800023	1.7076025054700006	-4.216619572250005	-2.7799478433250013	-0.6052458494615001	-0.588765453052	0.49367194082499904	1.3819196676214063	2.07486208280228	2.5185652280976107	2.483958957739067	2.0625993255036787	2.0775987930863478	2.39617816468722	1.349140049284062	1.9718760299037807	2.1981321619459555	2.3030713793507576	2.0261609825997056	2.084670697076533	2.419841651087	1.6437469027050218	1.9890555789355489	2.341735484426141	2.3681296772878295	2.6102752600790824	2.4984148279804246	2.9994613076159493
F4333921	-0.8259591818920509	0.7006098946049987	1.5633274542650004	1.389954268814999	-0.7331289487875	0.663865969685	-1.0719145475300031	-5.8374104378999965	-0.2700112498649998	-0.724596262795	-0.7495998230754999	0.1686157031105	-0.07945476043499987	0.18590486024450018	-4.729101483745007	-0.2865473797399997	-0.5978756054100002	-0.5768178367349993	0.1202388786399998	-0.18869046201624998	0.671942360885001	1.7106225142542921	2.664009518809895	2.793207981113355	2.765029838473045	2.394823871193921	2.453080908367716	2.753874461705288	2.0018975938551358	2.9634872629693687	2.8251183121153347	2.648868579538382	2.668990851639702	2.646037721430346	2.6840134873114536	2.0048601889485904	2.8417845124866217	2.850921472478123	2.69384671134629	2.6544768592765853	2.6593995093869633	2.9981016571728016
F3235048	-6.442437414999996	-0.11993469579500003	0.7188758377150009	-0.39669901024000054	-0.011269962585000026	0.22854478217000002	0.7498885660149999	2.3318468211519994	-1.6261308314700005	1.865254150083997	3.795107542785002	1.2206135429849998	0.4882460804649999	-1.6169280426150014	-2.3046849417689996	1.6936281115603011	-3.2974631535259955	-3.105529803129999	-1.194637304410001	-0.6435413577679998	0.4010921279399995	1.8414663183913176	2.329248302976931	2.6134851009658013	2.6121716341134995	2.520364778211285	2.5738237977204017	2.9163916992897336	1.471719039146926	2.135315978916323	2.465199402264384	2.5491664550092	2.3679561433490885	2.4128954646049605	2.738572219723364	1.8451397846297473	2.1612099821503095	2.6856866679075204	2.6094302106139384	2.567739916469379	2.633632249099898	2.9812657276264205
F194286	-6.360261327199997	0.7771315981250024	0.7909178709750008	-0.15207126577500008	0.2227746863300001	0.11641898768500025	0.6355828781650011	-0.49210658530400087	-2.113121694444997	1.7278337006400044	2.866954781654995	0.8727254711900004	0.4246484323750001	-1.6682493414390045	-2.603074139745001	1.1362771354449996	-2.870096431934995	-2.532245816929997	-0.87501849650695	-0.5807621219400004	0.34316870798000004	1.9302852395638874	2.59068218940145	2.6804377656314267	2.696208502122247	2.5554097082019616	2.6861869521660524	2.8972052225739047	1.4672814589029477	2.1886652202788848	2.4850567085413577	2.443384895889295	2.4012013721239716	2.3652342533844024	2.7791851552129545	1.8153112028104914	2.1855906613147265	2.4967559723638337	2.562164375968176	2.587667934406118	2.6959802144114287	2.9756585788439995
F798581	-0.8995884670850003	-3.2762443163750006	1.8979678332500003	1.8145573340104992	1.2585630611550034	-2.0583838076449985	-1.0527426391784998	-0.6320713968150014	2.564139721604997	0.23116380209600002	-1.303129099465002	-3.791474848184999	-1.4515352772050003	0.9394981421380011	-1.0201937742450002	0.4831048384490002	-2.2756638818800017	-0.7197250572465002	2.344620573699999	3.4483163545599953	0.14691491193500006	1.403433347008542	2.2224942384253192	2.49486423878161	2.4248795226117807	2.1799463376834036	2.2430275614715622	2.4981891368767193	1.400115316527259	2.12718517323871	2.3287510103621822	2.376974817078732	2.2602549829144314	2.4415376380756637	2.4601717768115403	1.5576590659081406	2.106874268856551	2.525602215788681	2.458971466237447	2.4482619343288348	2.457082820302641	3.0431794488600037
F131559	-2.326250555225006	-0.05309276647799977	0.3490315288349999	0.07784659988	0.8622581492700006	-2.8314349940650057	0.06397706320500009	-2.320598336754999	-0.22642444180499993	0.11361188941849985	0.887132875999001	-0.7401328683144996	0.34151254693500016	-0.1827944738105	-2.8932440752245037	-0.3903907669150011	-0.3919848966079997	-0.5876449102045007	0.3242071111450004	2.140354654620004	0.3874860191	1.5334285191510029	2.5541797874216043	2.8110163336734164	2.7349310806930114	2.1924553969181884	2.176534698536975	2.387811629293139	1.4813000222911727	2.4552898618467567	2.5208367179133426	2.5860592407227303	2.190212292663296	2.189475047678751	2.42385420999165	1.6881472747704953	2.6960083087399025	2.5960165619504303	2.690085532914956	2.591872160247277	2.4288040610622823	2.9017543506645187
F197521	-2.1329521925700003	1.0867333843749998	-0.7505035979300005	-1.1122344086799993	-2.4030290557899963	-1.0161083689300003	-0.40987201983	-6.394889855000006	0.08561686253999977	-0.32163574353100005	0.6602803445550006	0.6499808140321103	0.5697238084809992	0.23844429028499967	-0.49321227901200015	-1.2386607715610003	1.275261280515002	0.30455026651999995	1.4798145968510015	0.28504164815499955	-0.016810055500000035	1.6793514321969256	2.3141132154809436	2.6259346931768595	2.623572769071638	2.3848540979882777	2.6174585000866895	2.812114269160376	1.9127520329050303	2.8437801542764802	2.675268526405827	2.6359103395700996	2.622732940952108	2.6403316107465615	2.7996306091531706	1.5850072713102796	2.34580285644317	2.4797612887904448	2.3595531499391997	2.375085565405527	2.4689589422672933	3.001198587578012
F68841	-3.0115272048600024	1.1940603246049992	-0.8573676430384988	-1.3225163629299974	-3.7901299132750026	-1.4795047323899972	-0.8220939907876499	2.894844063480002	-0.921999987587499	1.3592801320900005	1.3392237314720006	1.03503956438	0.4394040818160005	1.0207738723199993	0.7614973501299996	-0.18903355479829975	-0.17983276255999991	-0.1606526129610003	2.589713939765002	1.0068477208099993	-0.0789861419299999	1.5400886969457197	1.7714385947233187	2.5152472548746077	2.425011277328652	2.1478885421372036	2.3763508520839083	2.681019202953235	1.4038456966599053	1.7984830531402474	2.018703735584609	2.0962388969728596	1.8812075387241554	1.8999402391058628	2.6629350503916163	1.4697016566409757	1.7960620991521288	1.9501959554101551	2.088345592797422	1.9669934624464547	1.913470381462098	2.9604701824840687
F4357222	-2.3034383402299987	1.8223784393200009	-1.3555272379339984	-1.6585962881649998	-2.6048530365599984	-0.9638668017399996	-0.39383438527000003	-6.506283593	0.6630495863200018	0.3148004243245006	-0.11797939188849994	0.49720150828550086	0.5646839577899998	0.2215135140810001	0.2272543583850001	-2.4381645662100047	0.5858467050604995	1.9448795758995001	2.0382926549849967	0.21783106695499965	0.03170402798000006	1.6216257343098275	2.156361700509211	2.607237249378369	2.5345531180407375	2.294493088635737	2.656798400322966	2.861419880263451	1.8716905341320413	2.657175101476651	2.6574642627974447	2.7102454146704154	2.669650943971822	2.740586615627184	2.898070612226816	1.5520074267160433	2.2261220670154898	2.59420914660577	2.5194863494050828	2.3025508302692117	2.4801476135573304	2.9482845474692283
F4407703	-0.9973152815169991	-0.6470522861564995	1.458609389429996	1.2587985652250002	1.3836745394100003	0.1433799276830002	0.44193737920549986	-2.4835800156599985	1.4737941860930996	-1.1272971406449999	-1.1482997006865021	-1.9905803957700008	-0.8446572603250013	-0.6961366962800011	-4.045587374299991	-0.9995500238000011	-0.37298150095500043	-0.241859030235	0.5923646789899996	0.5863023700850004	0.5966162188149998	1.4652413827800526	2.343656760343037	2.6048698700044657	2.5487528075959767	2.3156548175316733	2.396427857994186	2.7733681245060797	1.5902476728363797	2.1638093454338496	2.3791200031467747	2.4517523830561716	2.5274467686122692	2.595411133281891	2.7801743386352427	1.8582296355778631	2.4053278956983926	2.6928397190931093	2.595057832880032	2.776365680615172	2.8022885820668613	2.949207672001351
F437137	-3.9038144079099952	-2.259400241884993	0.40152460048999983	-0.18760171135150006	-0.07509233563500001	-0.18625976279299994	-0.18510522591799994	-2.5004910761550043	1.4404338865949984	-1.692333548535001	-1.5374350115750002	-0.7569232910530003	-0.3890779575400001	-0.3678919494299998	-4.434033135525002	0.8542990950850013	1.1266753923500021	1.1088603803179997	0.9019265036500014	0.5562316998800001	0.6813531729909991	1.9699303595574176	2.288787499600006	2.7096201728925418	2.6728412244300284	2.7276863134990865	2.8416181221111865	2.7855962559795	1.8070158073325997	2.1573347664850613	2.551001945546726	2.689635947190308	2.746138914916665	2.6923909998556863	2.7923803397148586	2.2212967787067206	2.7158929195806643	2.670021380480832	2.73931700209092	2.7693410214122047	2.6844249039310863	2.9876363421371135
F4317896	-4.700772855099996	-2.5443286089200003	0.6774625382389992	-0.06981476845499987	0.1376713848699995	-0.2216909745549999	0.20463274458249953	-0.7989299686740018	0.8519304964400003	1.042157380537501	0.25002036058499966	-0.45727516926399986	1.0958139106845	-1.156473910190001	-3.4108823552999983	1.5045928744860015	-1.6887702762199996	-0.31628556205349956	0.11584807968350001	-0.37672126833000064	0.47488216150500123	1.8681652859222824	2.1186617128350833	2.6087118277131243	2.6300338235046543	2.6511644545656674	2.6285168443644027	2.8472910148282384	1.4549532213466336	1.9014505899585255	2.254761852738801	2.5116462824201977	2.637077973530175	2.5195464012976645	2.8217168083904194	1.8705996012253094	2.0181983054932884	2.3956006647592987	2.6078248135219018	2.6998441209830624	2.7133925872844236	2.964951478505355
F4447072	-2.0085252975599976	-2.2787493558355014	0.7870081736684996	0.4888866307999998	0.19025806446800012	-0.4680033853954988	0.7148714759450004	-1.7450287281600005	0.1627188696549997	-1.6654106720805004	0.4920558553950007	-0.5140820935040007	0.5868528633724998	-0.6181921587590005	-0.011762044131499989	2.1174563662745007	0.8648517612999994	-0.8468160269639994	0.7172237805509999	-0.07260627192650002	-0.07474632845950005	1.3870903292085586	2.1388841156505096	2.5504718583647508	2.5546112813928086	1.8684076998663248	1.8827887512392418	2.2111962926652744	1.341302685953015	1.9260347601795706	2.092477611722886	2.021585174919913	1.846193012350776	1.9147831512087212	2.240037884827637	1.4260371773174603	1.9900173580770797	2.060449370232601	2.011760406789085	1.895092199398252	1.8906943922832862	2.979853100093991
F323135	-1.4039775692649972	-0.07264575215199996	-3.105133104284996	-3.444888785899996	-0.1939869069529996	1.4860989159899995	-0.7969136972799998	-5.822519220600004	-1.9646422872850005	-1.2776308087699981	0.05632989163499992	0.2598249811069998	0.1987083832849998	0.4176734432480003	0.7636379349494992	1.930149851665001	4.5936569434250005	3.007177682890006	0.03233407721649992	-1.643123914514998	-0.10775118507499994	1.6114149217879645	2.228102013108325	2.6518920075640446	2.723610883221191	2.3746673937064084	2.499241413028887	2.8363676871784893	1.8100262386204318	2.4001468532245944	2.564079670520041	2.6458541490026595	2.5906102619981817	2.6112237601846906	2.889929416218479	1.552121675700364	2.4905602933068334	2.441843958834915	2.326401929238784	2.34273753545352	2.3097887783021864	3.0124538349362533
F3755854	1.1374430539935008	-1.2560990961849983	0.6289350917353002	0.8116973239599998	-0.4610400804100006	0.36105912897000003	-0.6622149735740006	-6.064909942499988	0.5102247994699992	-0.2479703055264998	-0.48843125522500025	0.10536897061350013	-0.146534147895	-0.09366959471499993	-4.768196108678005	0.41239676219750065	-0.22684258914500002	-0.26864878880000004	0.14559712455649967	-0.11973649514500001	0.6857084150549995	1.5397103967576566	2.602937087736917	2.782834901923723	2.6992037909959676	2.3752552035816072	2.481969181407268	2.5212580071545743	1.9402632849022377	2.671693961860178	2.758893661694092	2.726593657204167	2.5643158722505897	2.5728625386551247	2.7608800697274574	2.0684480097799085	2.709341177210155	2.7198303635742183	2.762806265477883	2.6500479761677354	2.6020627322730063	2.936205565623126
F370077	-3.622800158145	-2.7082029606949978	0.27738048016650013	-0.15311947602299972	-0.1684927489189998	-0.13584487818100013	-0.1445711345879503	-1.928143926486997	1.7565454028749945	-1.4991942373050025	-2.010300963011004	-0.8999211609865001	-0.5577065151904996	-0.3516967087550004	-4.521221985810004	0.9165319424705012	1.0965404267484993	1.4837170239245006	1.106119817266501	0.6230059843149006	0.6409471515549996	1.941154870226392	2.2824744308073988	2.691215973663688	2.8084283994019406	2.7230856410481485	2.779976214639527	2.76088291493962	1.8728649809345295	2.2464290409827834	2.5765313975305	2.60293744540449	2.8795741209189	2.786883342089692	2.8900402192105004	2.1641142945422485	2.678357953618861	2.6690330482447853	2.677683381755375	2.8944545610521946	2.755696714089053	2.9653210193304536
F210292	0.10750037219599991	-0.920378341285999	0.4497237122029999	0.599310962340001	0.4487189812099995	-0.6888698829449997	0.0728531706195	-6.0438281945000005	0.35651616869999947	-0.2901301301700005	-0.42119621124100026	-0.170363273975	0.021198942798499976	-0.48878107147499933	-4.449938553194997	0.33133951952149976	-0.03604242753499993	-0.13666072111450003	0.15465179030999981	0.5165046304995005	0.6428761982510008	1.5464576569703077	2.6095088307097094	2.7091499127952505	2.6378008170140346	2.468110068992345	2.4529742354252635	2.6306966689168614	1.8920191835013584	2.7348906147594327	2.7507519456408316	2.70525280639478	2.5400563293069602	2.6414340181188405	2.7709142976167143	2.1225087094457193	2.6972391242554967	2.742851919088504	2.740733252779203	2.7175138088974813	2.740849994112437	3.080238215027721
F759816	-1.5063969783314999	3.726449021400006	-0.8253415895114993	-1.0346477221249986	-0.3034341324390001	2.4853334004985013	0.49143154468299965	-3.193349336555007	-1.1624728605899977	1.5204529814925023	0.22048368637500015	0.78091848231	-2.4632418628899986	-1.0039238549649991	-3.8835123687749964	-2.323014495489001	-0.6667377927719995	0.29814728506999955	-0.03511486787499997	-0.12558615409000023	0.6311500210024994	1.5852197494151579	2.2878331471786306	2.7146553628377803	2.6652392112145393	2.541242050901655	2.3891728957171017	2.563839332868594	1.5360812726814117	2.2985849950816974	2.5408309438693917	2.4383480116306955	2.5980578347822076	2.3912383761282965	2.5838697789657625	1.8999878550904143	2.3734660719901366	2.527049014838648	2.597672576653539	2.680905740601513	2.662906100700362	3.092290058261704
F312707	-0.24123416298000044	0.11926714622500004	1.2981745657485506	1.1718725667049996	-0.5807194878190003	0.06483281673099993	-0.5678970392154998	-4.976008670000002	-1.0523441995110008	-1.1619021914075005	-0.8515373058495018	0.14210582742550046	-0.07377892294999998	-0.14024988632099997	-4.714623092577497	0.5568491141599987	0.07151108814999999	-0.02626415785000005	0.3991222041345008	0.22267396369599968	0.7355823619799974	1.546416531156892	2.595961474058863	2.665034630161002	2.7685420900022155	2.4724485608091733	2.489605601549217	2.7296237646271635	1.8314092950247847	2.4714720146892093	2.613911184357838	2.666924434572552	2.6677330110218525	2.648918961021338	2.6446472977886573	2.043350012563416	2.748323267096647	2.7931906173036305	2.765239361398078	2.7542756312280594	2.751948641706978	2.892305006820178
F3756485	-2.503372736789992	1.5574557231875004	-0.6391235482300002	-1.1013163082249986	-3.2784517531999984	-2.569473086150002	-1.0297200427328002	1.404526300955001	-2.5919331147149998	-0.32140680985500053	0.9077065154250006	1.441000918174999	1.5225387541379998	1.027015148384499	0.30616470729	1.0894365977899976	1.1440613379150013	-0.062305960159500025	1.5381606494099993	1.1474595361350024	0.05899911731000003	1.471844712288792	1.8226592138897395	2.47600650926462	2.382841468942613	1.997536340856694	2.3817527365671336	2.7122633584374136	1.3696279665620499	1.8480619130483509	2.099701652045962	1.9989773965015232	1.9732637878316632	2.0677336964681823	2.5241190057708303	1.4497137514796452	1.902508545978321	2.104510060208292	2.0028169939711282	2.0690784630731045	2.1157666661046886	3.0040162544161038
F113581	-1.012012460340001	1.0952308918274998	-0.23426697268400062	-0.2281905319535001	1.403169588045001	-2.3621876388400027	-0.2192250153675	-2.3133125610850023	0.9337262349324995	0.8969724472349994	0.051802213065499925	-2.462855034230003	0.4930379154000004	-0.2244660653405	-2.8106766758890007	-1.9607003535399987	-0.6552473903200011	0.22312626161300028	0.9527931978250002	2.012648712909999	0.4288266425699998	1.4161915761471708	2.1061890000771695	2.546074946596609	2.4842142255287527	2.1791293056286216	2.054103427849954	2.2606270205467034	1.4013483700387335	2.1991311038902066	2.28837024306291	2.35273808719371	2.194985064556669	2.1998499466245263	2.2736503914203	1.5888044490956539	2.3410665443358254	2.5842933199683755	2.527083546930741	2.634738372264869	2.2759359175791873	2.858233726682653
F230132	-3.6969899634500027	-2.916415818534995	0.41689631637999963	-0.19613602288999996	-0.07498065445060016	-0.08570640482799993	-0.2590039196099997	-1.802133550920003	2.062802894374999	-1.7205280181129992	-1.883601657244996	-1.0102613164140006	-0.5447024459600004	-0.4505233121899997	-4.544901603014996	0.931601821315	1.1602782005375012	1.378290118586001	0.9980402245084989	0.696556737700002	0.6607061026270017	2.0518294000837396	2.299449231511012	2.648171621236881	2.832097266633896	2.7582221704350536	2.956016378801176	2.852203341426567	1.7902734749899742	2.2222738017278156	2.5208171848407117	2.5882989511216645	2.7976825631769615	2.799885566564981	2.897898799163619	2.2867583462573666	2.590914750498234	2.6424701538153257	2.684631691989629	2.7141158859382806	2.8859476867568925	2.967004484600077
F1120222	-4.954847151000003	-1.7602636505750022	-0.6409971402850013	-1.278186071889351	-0.2466145711599598	0.12135461202100027	0.43235553369000007	-0.5215551065150004	2.142962531375001	-0.7171562552199995	1.0203467217245001	1.6737768526830004	0.43656752843999924	-1.4829073434999986	-3.456268581150004	-0.37013864704149946	0.8233760663399993	0.7006347607780014	-1.3476657539789996	-0.6448441661999997	0.4724978421454989	1.7540061256888457	2.29516208392604	2.547970775593295	2.63123583080913	2.542984268501831	2.699332490630784	2.8122403118930532	1.433588729886712	2.106635185798862	2.414280674992343	2.4849316943249056	2.239604206157408	2.3607088647959493	2.842845267967139	1.7147583409680103	2.2783239573965104	2.545689945773373	2.4765163492824938	2.4953569187369453	2.671521592866739	2.902865909105146
F389371	-1.4774196282643834	-1.9546544802850048	0.2229961620400001	-0.11264737622249998	-1.827719199360501	2.791888557059999	-0.9273618015814991	-2.4408054997800015	0.9331542175899992	-3.312175524185002	-0.49662526647000077	2.9988336005400025	-3.659050185890003	-0.03964120402	-2.4940345469514957	1.0917324361850003	3.1624272591482545	0.3145224923220003	-1.357336557416997	0.7792297229775001	0.40302920169500095	1.407383139677073	2.0687086662604655	2.5286952505925746	2.532167053627731	2.1217680680480506	2.162456323101896	2.862680240890637	1.416524851761312	2.0245429536878694	2.1007972869469413	2.154775313002601	2.1492376838440834	2.187059712828802	2.961460771722255	1.5617852627124575	2.547514796791106	2.2453698714083665	2.2201189661394274	2.1276823555965576	2.2634809226199692	3.0645602761669704
F3609545	0.2878710611439988	-0.09445934970000011	-0.4708508990128505	-0.25011068999850017	0.8198784894010017	-0.114604720615	-0.15840750622400032	0.6939394034400012	0.6845866029850016	-0.07716842496299997	-0.5717727231194991	-0.12742804843350003	-0.05583953327999999	0.30969585589800047	-0.08682268306949992	-0.5726853227899991	0.6242598653464996	0.7756070077529995	-0.5781831014670002	0.07798850125999994	0.04865813725800012	1.3794851527741028	1.7730750717949157	2.522205873022206	2.5095881925918566	1.701850983740356	1.7224568227563866	1.9555725554879004	1.3386618027952737	1.7625636182044417	1.9170790252976584	1.8792230506585579	1.702803098096682	1.7290929559459687	1.9678623024031456	1.399765648267262	1.781980538765218	1.9154973629252174	1.9213393769485787	1.7183484436141863	1.745672435852274	2.9679098352415507
F4401373	-1.7405408280384964	-1.6491638950899972	1.284826271451499	1.2055935869300016	-1.5423769926714994	1.8275339577449985	-1.0794679108950005	-2.230735283260297	1.337438547344997	-2.037846408727995	-0.6218620266120001	0.7588738041600004	-2.0861106787000034	-0.06827768855100001	-5.383515248300004	0.3403914267849992	0.36309988205999966	-0.20817075390499964	0.6511036260319981	0.24571294020000023	0.7843127696250003	1.518559360811836	2.356224582546063	2.5620211195684752	2.591710689688996	2.288368292851586	2.402390167003915	2.8216721999936425	1.5450679246270884	2.290574578906968	2.4909162154190856	2.456861127131648	2.2347034626102533	2.4895346392770406	2.7589669663321295	1.9848656679485766	2.686785871350056	2.7079972632139833	2.636899195178935	2.673607050858774	2.6469337218828435	2.9999165481358854
F157453	-1.159227797424999	-1.4378028892655015	1.6777958582049994	1.5122112207699978	0.10995949430190002	0.45739168962500015	-0.3807482781199993	-0.3470156093450005	-0.42012339186000003	0.25647022038549955	1.620392825703499	0.2626770727404998	-0.06964295432929993	-0.05458105973999995	-3.7496606519050037	1.4853454634299958	-2.3735530118000048	-2.5001590510399954	-0.633271785698501	-0.26390405471	0.6057517748099999	1.440136278497049	2.165254634558395	2.4160977326760587	2.551226343134429	1.9729490143464856	1.9604641812457613	2.1199635328369917	1.4085031750515937	1.9144317084472593	2.4002815555153543	2.4148120699843827	1.9722656541034569	2.0162340889405184	2.1327436412515612	1.713097421400276	1.945350842954878	2.4689646690328004	2.6035606638596613	2.5407537749316385	2.630141073400899	2.998459733125878
F4449236	-2.8463255832100027	0.08605000711850011	0.17499753746899963	-0.1634190064999999	-2.127639262340002	1.3658282352015003	-0.16317058431500017	1.028762590475001	-1.4431014285049992	-0.2062302840949997	1.5068423400750004	1.8902786402250031	-1.0876135988554998	-1.5806596630325034	-6.2703860140000085	0.7732222202450006	-0.020751200528999987	-0.7072247194615001	-0.00020560669499993068	-0.29660521040100013	0.9492112571829686	1.6017730892900761	2.5734681530814854	2.687847379451566	2.7047198652973803	2.3408115832013943	2.3463509355603565	2.8208221545181673	1.471198046250354	2.5047126439636607	2.5739550867148124	2.5745018430486937	2.3009183913888656	2.3655751699635914	2.748890313537522	2.061459641896544	2.763763043701918	2.9491386669021864	2.8116278341311483	2.6587851183312106	2.6609146098067282	3.226082589985008
F3581686	-0.018749962965000023	1.0955663890150016	-0.8708427632920002	-0.8662072649500001	1.4085320434000002	1.3230902627200007	0.02718374325750004	-4.392264520900005	-2.0465242681700015	-0.511259189805	-0.028200433692999995	-1.3792369740495005	-0.2300901928725001	-0.23658090089849942	-2.4332307383400047	1.008024384172001	2.0059755636549976	0.5983454983400004	-0.176369980995	-1.3081736567000002	0.3369676236899997	1.3971211518412439	2.3278393167568323	2.4821598783342735	2.5118123913226293	1.9888586743268615	2.2797152284371114	2.726779976889024	1.5386267914397265	2.3661527798273916	2.502950534452955	2.2512850874138697	2.262235529020971	2.5428863132959605	2.741051082450164	1.6199744079531297	2.5467774260078726	2.4449206751400565	2.1568956575806424	2.0609453847512547	2.3849831464953635	2.865279406706021
F171399	-2.5034338221970045	-0.41254150460499983	-0.1954853425149997	-0.4401153353799999	1.2145550307899986	0.16699067211070517	0.7778151874574996	-2.300933321221999	-0.7087563904349993	-0.09995504744400005	0.9008773241250012	-0.5089666636099994	-0.043986524524999966	-1.5896445581849998	-5.119527532950004	0.8104726424215007	0.3365001751300009	-0.18808774254500024	-0.26881127948499994	-0.32331590312549996	0.6506622761500007	1.610732893351184	2.675203259284251	2.663067002307168	2.7001156128639803	2.468454676308549	2.283707089427835	2.4469453479489283	1.4719553619271846	2.5532018401031364	2.5689268600108974	2.5690698468507867	2.313358035514202	2.1903593622282185	2.4476212555426966	2.087950727932695	2.7776202635997604	2.8291148541382896	2.7523572276032735	2.6844483226790836	2.727532990683529	2.919660217498935
F4144206	-2.9771525984050022	-2.4640457338599946	-0.13459118628000002	-0.5411971454485001	-0.3712100677700007	-0.3480299005500003	-0.2713885412794999	-1.670175368951903	1.5226460504999992	-1.2373239371549987	-2.0358837607299995	-0.8705861780174999	-0.597597110845	-0.41056741447	-4.7249701434500055	1.0671707652399995	1.4087442301899993	1.781930599310001	1.1677589682725018	0.90095436022	0.7642947531799981	2.0022653668523076	2.1906302683259837	2.749933296233003	2.742030007201647	2.8705017586313053	2.7528853392750627	2.733551699087008	1.8095540307122326	2.2365634612541276	2.5735998628746675	2.736041515528034	2.6219740874917727	2.754673093077112	2.91827996593399	2.1458017076864797	2.526670536133794	2.7137208278981264	2.825971517570551	2.9182171651221283	2.891245912309572	2.9293949823856837
F2816368	1.6486994798100008	2.501548681449999	-1.026567708555715	-0.6735694459449995	-1.0643119759869986	0.17848506821500001	1.933789606625	-1.7963918971215995	0.3062659245525	-1.3552386101035472	-0.1075409852049999	0.8656389793700007	-0.08264728675999986	-1.8128060365114993	1.7205234430399985	-2.868136812720501	2.5153591743000017	0.9920852096360021	0.24660988812350032	-0.1378350636932498	-0.15235725918999987	1.2944729121818832	1.8372030757892246	2.4429440694587283	2.3958538974998254	1.7738941709363116	1.821763431132766	2.1567828827840665	1.271568731718768	1.853954556340017	2.083691951824745	2.0807610296569785	1.7989764087866649	1.8564302887134474	2.1563948497830423	1.3485823543311717	1.8603068552008004	2.112951994958124	2.0721781628384712	1.8848778901001562	1.9072437684222365	2.9143451522754615
F182065	-4.712369973649995	-0.07425683310449999	-0.29534719593250003	-1.1037904660699989	-0.18093190478449997	-0.042040701134999935	0.7777201477249999	-2.050136606745497	0.21543896060999998	0.7228471843024987	1.747857239130004	-0.714782225024998	-1.2309224205359504	-1.0337134670984993	-2.716419749634995	-0.5833169470947996	-0.40375288846499996	-0.5323358948240507	0.8501281069299998	1.4040256724750035	0.3410183274190005	1.7352731168706308	2.6422255397668675	2.55875045192972	2.622897149648552	2.591346646496638	2.546585747780279	2.450765479389728	1.4833469531892476	2.5135974015840716	2.5937634446641926	2.5067315880169874	2.414965652605684	2.3664091484588017	2.319791621968629	1.6903357141900297	2.6396370948516883	2.6770329065758043	2.6497016360634515	2.5272737595929597	2.5593811217011893	2.9163521976975497
F42372	-0.9554479867349988	-0.616928597605	0.7630480736499997	0.6320315329699997	-0.9198532430402494	0.9927509962350022	-1.6512990441950008	-5.891232825499998	0.2885802049650001	-0.24937529434000025	-0.24117424669700038	0.3304012556449996	-0.32817790869	0.5381795846344996	-4.922687776800013	0.1158380449964999	-0.1940874358099999	-0.2078583143949997	0.23471131442484996	-0.3854448618549999	0.6768832994999997	1.6295111188374816	2.638511477371977	2.758373041441936	2.814557577441191	2.4553751635771643	2.572263301162067	2.756326977504514	1.9015702448378737	2.7376817233853137	2.7578447960797763	2.625348544939891	2.5422105990631985	2.6673341241468904	2.605542128399425	1.979148196536598	2.774711383054856	2.808480044509069	2.7017297494782984	2.7008653748640614	2.622382637192759	3.2278212648722278
F4435784	-1.5073022743942457	-1.0573788695599995	1.6206167575000006	1.3511682074355034	-1.3728830302070008	-0.16534533132999962	0.6259496945700015	-3.6748739774000065	2.678874488710002	-1.414844440604999	-0.7169812336064982	1.3074086125600006	1.3050480261400021	-1.3731322632342513	-4.209744698800002	-1.6071691994150006	-0.4444267003550001	-0.6134228600350005	-0.09162251798299988	-0.5304377004289998	0.5835281718549996	1.4780915251227824	2.326346615981121	2.521397444961607	2.6162247846617035	2.3893219723031938	2.4295239596354334	2.541046013364631	1.5516527703425163	2.4035649160574306	2.517120056137519	2.5079428941123467	2.4730014407421397	2.3511630455661647	2.626018843702096	1.7688863113647324	2.3591043276387653	2.558367499228553	2.6450684361697676	2.658174505677364	2.6939358940374896	2.973499189145507
F2979308	-0.33202380394076436	-2.0159344974743996	0.9009558454279982	0.8936776724249988	0.4728547739600001	-0.046385667863499964	0.4746003805749998	-0.4781426898219998	0.7016631266250005	-1.071480868622999	-0.41135432265349975	-0.6102095380299992	0.017851026031999978	-0.6688588100819988	-0.9088832631182514	1.4242517598049993	0.16342060214000012	-0.28168678561000005	0.40560873299750033	0.12218791356299986	0.17320048661499976	1.3689974342018678	1.8215208023855103	2.488937915963047	2.353137428097493	1.8747889808748204	1.851776012209323	2.133747594022388	1.3589559919509493	1.857669883271585	2.0520157029856367	2.0692124257166817	1.8573094491432565	1.8853495517207324	2.1545940544411346	1.4373141281669108	1.863311671340612	2.0691514609190915	2.0856073243185365	1.9625045958528249	1.9297234900627362	3.0824584834274593
F4094259	-1.0639846070299992	1.2513052124984987	-0.7192072389865009	-0.7649583438639997	-1.8407711303830003	0.6440281682425002	0.2158805956665001	-1.3708961447465033	0.3751645148850001	-0.03665352396000003	-1.217613387296002	0.7743440717854991	-0.3115503756249998	-0.6398384285200003	-1.9270746932299985	-1.3876133429234963	0.6393450697105003	1.9156764616950013	0.883987876784451	-0.28953706292150055	0.30626205388500055	1.4131750210176428	1.9929123814418472	2.489835947805741	2.5231751687955675	1.87563307754083	1.9841747913233465	2.2286549579951447	1.3755857140621188	2.0087340730939998	2.3641445774949603	2.2434866400202527	1.810493438771357	1.9164592543980488	2.2508779323631884	1.4888985275072464	2.2916819412981964	2.3867481811591613	2.315763892552888	2.0035588811100173	2.050823169132614	3.115440362681395
F174912	-3.626189270299999	-1.130775133125499	0.1796806375969998	-0.2511577438769998	1.314472883967999	-1.4415072589280002	0.024506647326000067	-0.944151480459499	0.8399643175349986	-0.7332231099099997	0.10182137337699985	-1.2653737935649982	1.1792138320900005	-1.055155593779999	-5.025243946300001	0.2503579118985002	0.36082045571400023	0.09875041155499985	0.18195461355900036	0.16767624579494989	0.7625375596620004	1.6366255371448117	2.4716566745693513	2.6050784899258166	2.775149883527769	2.3957379245654105	2.5065931464848745	2.9310298369350303	1.457751161805524	2.3199929085825666	2.5401045728378366	2.5252141578021368	2.300046405423063	2.265812684106753	2.782425136744077	2.015416145758951	2.7522458770299316	2.698871462113571	2.627865526999575	2.5980643751226125	2.7002460932866406	2.969606058477437
F363017	-1.936330363215	0.32162699052005017	0.9335769732064998	0.7293587439000004	-0.3450074011875007	-1.837042677257497	1.545597251825001	-3.863837322699998	-0.5163085725099998	-0.5936961757599989	-0.11056496560499998	0.6945801931600003	1.7820358410899977	-2.036267403764995	-3.953537293650002	-0.46670454123500016	-0.4323177684795004	-0.38581665354999883	-0.20294212116999974	-0.2105835481550005	0.5413712748105005	1.568061753245508	2.5148757356072786	2.6880263049004327	2.6996920432649723	2.4299384926725573	2.3266434655963324	2.4641920512164295	1.6638533304099383	2.6386101318013093	2.5327658120734995	2.665888542845974	2.513480250501367	2.363597167181881	2.5717039380202085	2.0074168548244216	2.5667939945063862	2.7260483070751538	2.714389659406778	2.6278606802723408	2.6223271026503583	3.0997246014044224
F258812	-3.475919404150003	0.1460983275399998	0.3788192596650002	-0.047081419695000015	-1.3325222756510002	-1.201711148535002	-0.6863298718850007	-1.6942079503900023	-1.0653765568250024	-0.04094730526500003	-0.44042850468849976	0.28351263228249995	1.281172136974999	0.20227648680599977	-4.763207881265001	0.45224081711999947	-0.00592571620650002	0.23749907933350056	0.739343373852	0.20921176394400007	0.7904465648499993	1.6620184074169853	2.3943141297182695	2.5475993407832824	2.5747476142209806	2.488831073179651	2.576216351024599	2.67628324661312	1.4887067953170265	2.5155177103999646	2.481844014816955	2.4536999718654986	2.5017742673282686	2.544837232789117	2.5676996627237823	2.0100909835094636	2.6670579328441186	2.760238067281619	2.6012592066317453	2.7103303356613395	2.726289685011088	2.9741454402207377
F4396877	-3.8344825698800005	0.8007177948649992	-0.7570121035700003	-1.1470443016400014	-0.3257164330949997	0.640033834146	1.0839281337550009	-1.1660428988149993	0.26908252197130017	1.1346890682645019	1.1511981746049977	-1.1784107535125048	0.5450066118914997	-1.1682995730250036	-1.9877489256150007	-1.0339708116100013	-0.7006631108994493	-0.00380116499499998	1.732491125009001	-1.330799732305753	0.34988195030000036	1.5194042185892338	1.996433534141694	2.616617336063828	2.676897929086376	2.5105258739215306	2.4885718836460837	2.5501872564935923	1.3457039788706588	1.9293403249421008	2.289887666950386	2.376827640856575	2.2170638500732243	2.334488919501142	2.5112592954502606	1.6165735158813312	1.9396961078586432	2.485788905031044	2.430089988360913	2.4419903252338355	2.5872139173882474	2.9048735048207983
F4406818	-2.7570547459899983	-2.2116255292349978	1.142553069535	0.7351116112025009	-1.1477609175614991	1.3423730107015013	-0.5447692466759994	-2.4020830981870014	1.73604384327	-0.4231484214094998	0.6506685642500004	1.4038695050950023	-0.5809117649624993	-0.637903153305	-4.26356783805	0.8403912733040001	-0.9758887830250003	-0.9907061714200003	-0.4971677611279999	-0.4792376371700001	0.5541534585154999	1.5216117611403674	2.420565173127056	2.5387097652363875	2.581662323833393	2.3208656852137284	2.288359915468184	2.713170945341255	1.509871671905316	2.4155281833968156	2.3499743042620374	2.4149287391345022	2.265507530975287	2.189408989118178	2.731918596522636	1.7546243436899813	2.596100374626975	2.5513393614724498	2.6942621129879494	2.5964223739913193	2.5584607602584413	2.9074886026236917
F194215	0.2313106820985002	0.10475984180449995	-0.07937556992500011	-0.16615225181999974	0.8288874605200002	1.0594864161849986	-0.46387765865719954	-5.167693582000007	-0.748571666582999	-2.8741530324952933	-0.6425348148785001	0.4486873196599997	0.18559063477000012	0.05804423313990006	-2.5145265735019997	0.9223134868949999	2.9477281676599953	0.5923585708766002	-1.5689249953039979	-1.01849584667	0.3407648373450007	1.4560017264213165	2.0990048963319636	2.646491274065276	2.4536129648689595	2.3553739537759655	2.4885386813923653	2.693656895417271	1.7412475117280557	2.1866696871506197	2.431039450793845	2.3985252714337237	2.64235208647869	2.7589515888048424	2.767407133043568	1.7483689622962226	2.635098532055261	2.4100626876931925	2.2489091605629543	2.414080918375119	2.6478699666055414	2.9677525798770867
F324163	-2.8194905676599924	-0.20156998317000005	-0.10573815931499995	-0.427766019563499	2.0845525510999976	0.025016676208	-2.4155744644450015	-3.2798255231999964	-1.4973182157050005	-0.8787277577339989	-1.3311264057899983	0.04496942110499999	0.9015011532349981	2.1139606195564977	-2.6249270020549993	1.3703228039140023	1.4880934541989999	1.5799945652549976	-2.3087960365679954	-0.9396797821540022	0.27797663535500033	1.5627978829129847	2.433093363549113	2.6405331174911595	2.628128177727082	2.435283194788637	2.428830239858868	2.5470167761106675	1.473680128237116	2.4791130457402963	2.565478857111763	2.3876446859834908	2.466191587389626	2.5137206645060597	2.6177298138905947	1.6782015474745917	2.513356081622548	2.5934094488841914	2.319658416872971	2.463264168063646	2.5025779260570076	3.0513521464400495
F347758	-1.8252252673089977	-2.5186056670699997	1.494049049514999	1.36463504576	-1.3638804546309997	-0.47426139890499946	0.6528187031799998	-3.5002744820780056	0.10733213186850016	0.036640794745	-1.3440841521945028	0.37469263008000037	0.33514322920000017	-1.0817665067989994	-2.743364367444998	2.213013960905002	-1.877793015610001	-0.2767766283899997	0.673293865194999	0.5239922252560002	0.36507866287000074	1.4586425132451848	2.17855348063139	2.63507984012014	2.6395575093959938	2.4507368756232446	2.4125549319402775	2.6061561430206637	1.5061388993648548	2.157177527450543	2.2983138920901984	2.4870906617173216	2.4873217345188188	2.5020867805042823	2.5787467293952697	1.607826210937999	2.3186828398349615	2.3663939429959187	2.448589091512368	2.5521407423751126	2.517477195966823	2.8554616008063047
F214036	-0.9188028473329992	-2.9671929285999985	1.1164234370150004	0.9339389141039999	0.8425805950950016	0.6993241719799995	1.6668402019950506	-1.071254821626701	1.0639740934174997	0.38945601814499975	-1.3280333077319986	0.9492734018149999	0.24235968477999945	-2.289656829469999	-3.0184880878450016	1.8767450104374992	-1.5265870186449986	0.32476753026150024	-1.7217676344049992	-0.8581149253400011	0.4821355752599997	1.3748362963545242	2.1092182717028716	2.5121967223637873	2.5049852351226494	2.0012438059307436	1.9980374256835964	2.4084638695199763	1.3288205843197916	1.9617563727763045	2.198380951979046	2.178027905624164	1.9725699193776138	1.996547667356184	2.4193526206216798	1.5741226694677886	1.9974217809991412	2.3218715399555476	2.266753614675028	2.3816506080010695	2.4782602081340555	3.0473181491765926
F3449122	-2.8804510182499965	0.22544280281999957	-0.18421348746500033	-0.4682900845924988	-2.298199472655006	-1.0274534283309997	-0.30109372620999947	-0.51044908859	-0.5186194838054992	-0.0685171900399998	0.4412240740748002	1.7321572536775	0.6863194543200006	-0.44613769320000046	-5.182622132800001	0.3039272032499995	0.3774964073220005	0.15972008390950013	0.4428435295350007	0.29647286776500015	0.7063093197100002	1.6186994905560026	2.1902854932390414	2.558786789425694	2.4854284909497033	2.317362161634393	2.5363842166724204	2.7540342311693102	1.4222052846057576	2.1206724766192355	2.4852034252929798	2.440062220774729	2.230838686595244	2.462678513064746	2.704120604390919	2.0003579493319306	2.6842435502650055	2.616106189000773	2.640032955673476	2.7129216670267025	2.6977954174658523	3.0017025056181295
F144196	-2.3133926322460012	-0.7077597135349993	-0.46834092874500044	-0.7632766205050006	-2.342575303990227	-0.7226418566700006	-0.27350376043500013	-3.8383838883435017	1.9670177821350043	-2.6429165580800014	-3.7038400348100033	-0.1400739669400002	0.2639040135885006	0.251842326135	1.2096510296001517	-1.2652221121649974	3.1502160206300003	4.0248799866200065	2.037400270505	0.531238892754	-0.1452458980384001	1.5892742456060367	1.9227387302888614	2.488218508082039	2.453399982088408	2.456236457620282	2.5854310753505128	2.8165228743944137	1.6484421076492597	1.9957661010625858	2.25590846799112	2.2947841273607725	2.6600618610905804	2.6521406859116308	3.0165644928266677	1.5382479654296064	2.230928887983086	2.40486586748697	2.22957753090596	2.3814596487688418	2.659605133653489	3.08206654515186
F4422313	-1.6855539621439983	1.5506976676540007	-1.1854882254299992	-1.445437711435	2.402942822100001	0.9821400748404993	-1.8594432061881516	-2.428815482569998	-2.4809290497250003	0.18415321195000062	-1.2433410644979979	-0.8023670475499997	0.22108405602500023	1.6972701098329481	-2.9457817225949996	0.9063864494799995	1.1752619378749998	2.6682703619385024	-1.7150610524404974	-1.0010321801649988	0.44734533129000037	1.4624622773465434	2.2579897650750693	2.4371636105730192	2.5576461022566397	2.209679892795664	2.32327500076767	2.4132845825709692	1.4924863965790776	2.259729854366005	2.4282420071817947	2.376939012079101	2.336385651802233	2.499024491472889	2.4679591804723002	1.764027125333931	2.5773687413257593	2.636985707469703	2.3759922002338523	2.3505715519538626	2.5209101394154847	2.885872228010077
F3537197	-1.9681132622349984	1.387431452059999	-2.0138522610559964	-2.4742765892669984	1.1708375358178513	-1.8141051576449985	-0.3722709033349999	-2.7171006383099954	-1.2488684632500011	1.179289275060001	2.2110553148249967	-1.5704223225499987	1.597832000450002	-0.6847020316295006	-5.147622548750006	0.2810944490350003	0.7070090449040002	0.24377044314999996	0.46546605347149944	0.23954592888500031	0.7190292045004992	1.5848183267041447	2.227200134392664	2.654346922318471	2.622307139089725	2.3725727830797188	2.523029240453612	2.923649981063585	1.4985987418672104	2.364456297949377	2.524832610284245	2.477307767252277	2.3034990010165064	2.453242496784134	2.8521957733365344	2.0180394094471703	2.6825078853427735	2.664473999324757	2.7140941030291987	2.7173701733814526	2.7035941442535094	3.033461587127356
F4399755	-0.8068879898799992	0.26701451368500034	-0.03743284851699998	-0.2936903389650005	0.5631586537049996	-1.1546973345249998	-0.2608180676984999	-0.7330772893470008	-1.347960593524501	0.27541190884999983	1.773634782889999	-0.4560038530929992	-1.2692036282509969	0.27588024774700026	-1.3070029562549994	0.8084029191739994	0.044508735535	-1.3593350656599985	-0.1380978108755	2.606498390614996	0.22943951565900003	1.3667633164217865	1.909531734563239	2.478582990166735	2.372643963340928	1.8664185171128242	1.9027446800528363	2.1384370352584936	1.3234986956283663	1.9954087639987677	2.1056589028822565	2.1235617620037073	1.862854475150331	1.8951184162722672	2.159593364894375	1.4040818235601642	1.9491716024942685	2.07775667820841	2.1414852712977166	2.1206456823466984	2.1479714509005383	2.954412814212828
F50499	-1.0132022629720014	0.15941096811999972	1.0905257451200006	0.987280938939001	-1.2496620359564987	-1.552273749729998	1.7094410789280046	-3.1206925354099977	-1.2141826998390028	-1.0420301194410004	-0.45040002536080087	1.529388562539998	1.558098309354003	-2.3845063170450005	-5.086963872500001	0.5638295302350004	0.041929074005000004	-0.24533377094499986	-0.11454741220499985	-0.02670619011499995	0.7170967852649998	1.514119363779938	2.563045665035214	2.669293615985172	2.642020220339735	2.177845901368378	2.0691952879820628	2.4847361706698887	1.5429902911870121	2.587705965270094	2.6294535508314496	2.4683270455431887	2.354535992389133	2.1059018651832693	2.4474937111965844	2.0981278703601256	2.7852253603342936	2.6756059686562828	2.8225390894427758	2.6314099891847924	2.6524557723080813	2.985042126864852
F350865	-1.5966130691049973	-1.1784686676449996	0.8833822101969994	0.5621038627339989	-1.2482977870535006	0.5294908631600006	0.2361893119849997	-2.792330494335001	-0.1987014723174997	-1.7963240801135005	-0.8700517438884987	1.2690879826199994	-2.5358984927028514	-0.7190517828449988	-2.835585832285001	1.0981815267245019	1.386833834030002	-0.3254949170049998	0.3979125563005002	2.0842278656750026	0.3015893409900002	1.4906202746891473	2.28858614735122	2.6337713204809505	2.5070987807475187	2.3300945810162665	2.1577255868491796	2.7165167803902897	1.5083433960999229	2.249393724732551	2.365848522297603	2.368361393713395	2.2982308892107137	2.3624076198023305	2.7258129880924513	1.6716582666607438	2.6091645521039615	2.5692761886840905	2.4273379381636517	2.5422997698802963	2.298199015731954	2.9487364799267524
F293232	-1.9322182696200012	1.2679338782599983	-0.8404573344900008	-1.1202523162744984	0.43087493071500016	-2.647851171457497	-0.27253803659149956	-1.9716818371945037	-1.5982761905282015	-0.06291220189249998	-0.5297755877915012	-0.09562660275500005	0.5903514567915001	-0.6231607688004999	-3.335421693604997	0.28437225764500007	0.9640952300900001	1.7781942893549998	-0.5315608665599997	1.9544553961099969	0.5220616514300003	1.529847997755062	2.072347862351814	2.4549922989459487	2.516046123390369	1.932937011208053	2.2763848273279135	2.7774040843536394	1.4039364122196907	2.0583254650702143	2.332634164289036	2.324611324910198	1.9546073256379157	2.165056324597651	2.8639345938213454	1.6552022326388922	2.674317793972738	2.6923832525182116	2.3637813998399992	2.223760353521586	2.409108863108822	3.017378661048917
F4402903	0.6901581489289993	-2.3798824707394943	2.3922903377750044	2.4631120355650062	-0.8648874757349999	1.5127416104255031	-1.2726188686850017	-3.5546402517949947	2.0515440203999966	-2.7585198056720053	-2.888864907999996	-0.25851559132499946	-0.7777336346700005	0.1698704974649999	-5.506797155499999	0.5765704629849991	0.43946164557000056	0.3925750684814991	0.6860457379900005	-0.12392683062999986	0.9105342580054998	1.5005496497873254	2.197753408532323	2.556577835037837	2.656062307113075	2.5308324019695183	2.5209547507402195	2.7276301873829905	1.7071723706361028	2.14309605796289	2.363005373764707	2.5300025081856914	2.7692720431287223	2.71023956475812	2.757591136732849	1.9415543975587937	2.6937390821328404	2.709710891690722	2.588158129356815	2.6866691899213926	2.79925618871156	3.021469849867896
F4481359	-0.7789016828640007	-1.820265819755001	1.2102249191399963	1.1078440468999997	-1.3966487908200003	1.6954397252849989	0.1313674648750001	-0.553393569759999	-0.8802539424355007	0.4646186705215002	-0.9452035585344997	0.9882509687749992	0.20328700176699996	-0.5644107686300005	-2.904880801190003	2.7958515937814963	-1.8668876102449958	-0.11812089150500017	0.4185174094030005	-2.010381454315	0.5367406272825004	1.3312237386779688	2.026985294316634	2.448660305385612	2.412155252306834	1.8436880049244213	1.9456821416384766	2.1668334192742695	1.2872994201434687	1.9391493777862594	2.1342179547033546	2.2285235664843404	1.8316772763677514	1.9379198059645695	2.141047748916163	1.4727863025353887	2.2503591238371996	2.2533913109960864	2.2359198574684767	2.0103173980745894	2.2697161901331615	2.943753612915199
F145304	0.7286263272850003	-2.7968383851599996	1.419119045470004	1.4692453798499985	0.27450626702999975	0.4391641969899998	-0.6187579220163008	-4.787977177349995	2.3531307082449984	-1.7953891830649995	-1.3679359240195004	-0.46824768084950036	-0.47251327093500045	0.03646795031500008	-4.876429908500004	0.41188533228500046	0.5204441453170002	-0.017757397904999996	0.12269536385999986	-0.11793639989999986	0.6393331504399992	1.5048343248878875	2.2364140542944275	2.621786105500895	2.584993077622437	2.35776876627646	2.411184679982991	2.5630100995042717	1.770640973152619	2.3967521934893257	2.6554262853422554	2.497359631006927	2.656943087645993	2.548741835007726	2.734507896646533	1.9999052666250738	2.7471864834523276	2.6573630322261526	2.648722688354176	2.6643973088379598	2.686356140926537	2.941552229786172
F4366089	-1.0622317153665004	-1.9533810531600035	1.6807481891100038	1.3781000650874982	1.0887602977845003	-0.7768479794375005	-0.5019418338649997	-0.49005497638600054	1.7089394192005012	0.46958737101000025	-0.9676499475130006	-0.6467484352969994	-0.21567991387750024	0.1514174140904999	-2.06557151729	0.2047851687849999	-2.1356118177667853	-0.35416868493249953	-0.36014530960499974	1.1964759026400003	0.30178742183099966	1.3512026566330404	2.0215741282302186	2.499738605850113	2.4028823710943126	1.8644813110423615	1.865979816433198	2.106416048348742	1.2958192938280673	1.8606996123641757	2.164221244081062	2.1228561501270318	1.8661363992331859	1.9076219677047328	2.133573494083162	1.4587280613273121	1.8718353394499574	2.2426081245761305	2.1761006721347904	2.105892128688034	2.196146927687019	3.019356051084512
F2781880	0.22917330623099977	-0.5778316259700012	0.5718145026499999	0.5985514639264012	0.15301078668000007	-0.19804260186999986	0.47363176022500025	-0.034331864575999974	0.4580364387600004	-0.41013766792500017	-0.2673635656150001	1.0809143373399985	-0.630517153345001	-0.5768697892550002	-0.789353195473499	0.12304250569549981	-0.09205355529549991	-0.1426244941989999	-1.0508944657449997	0.9603275219150021	0.07088830911249996	1.3497943846754097	1.7657447206389312	2.3363817709767667	2.4571848737471687	1.7916534279193	1.7611833899400338	2.1402615474351037	1.3314400354705305	1.823872872610258	1.9961113303703277	1.9887456730378086	1.8121901532387494	1.7737384366801263	2.0948090696740014	1.3859634313821019	1.8113218320791145	1.9966084795170338	1.9982490090809302	1.9047966691814373	1.8032972565085619	3.0328344965779124
F101400	-0.5142277020550002	0.4745522357089997	-0.11453097014999997	-0.2811227083019998	0.45304237191999935	-0.6141567666005008	-0.7941818591750004	-0.1712873431400002	-1.1299596735554986	0.09141985011950006	-0.0031466581280000126	-0.480170318588499	0.6509337346099987	0.7277133056600003	-1.5392562620510006	0.7151562393949993	-0.22725079873000006	0.21471081769850023	0.10984265144500008	-0.1692711397025003	0.21787934728500027	1.3701082828684172	1.721043556280854	2.462519174742381	2.4933241808893682	1.768238108505304	1.8038463252516155	2.1235355842611177	1.3334462389957038	1.7288110225169617	2.012956960433415	2.058840236529009	1.7843733954643626	1.8072445532103707	2.150860744504006	1.4302211038837185	1.82457349458158	2.04701017431447	2.0601050326344152	1.8505168189846752	1.8667875447716715	2.9768064252445154
F4457064	0.01624261786190004	-1.0235144452904996	0.4906663261499997	0.35514227973659995	-0.015609721204999984	0.2954604715935002	-0.36137643891799925	-5.910133529999995	0.4297301040615003	-0.23160880094999955	-0.25347271050650017	0.00044918299650011	-0.22920733391500006	-0.08693850892000005	-4.607125147649997	0.38460071112000016	-0.06369550418000006	-0.11903380442000017	0.1137260966900001	-0.14384162042000007	0.6748406534	1.5546026960885415	2.6464740744895603	2.6652492455359824	2.6508208532705453	2.459164050571414	2.4327429322662195	2.67594106983779	1.9465440880653773	2.722281212332304	2.8488127253792705	2.5962535619146654	2.7183395726535777	2.66039063833164	2.7981360972001816	2.0618861180461314	2.784413340719016	2.6611663350514903	2.83318819013688	2.625257351123738	2.635051822588479	2.8832761618819296
F4465473	-1.4930456905950014	0.8445610656800004	0.2559492155849996	0.13698776574999996	-0.9741224688095006	1.8248043864980028	-1.2791066076949997	-1.2346133807495019	-1.0845887416599977	0.42619066019999974	1.5760332761369995	-0.3519753016019995	-0.09325930448149994	0.965734306279499	-2.7887856177449977	0.04981950297799995	-1.365692139120001	-1.2879176648990012	1.448980069809998	-1.8298636479045014	0.3589492549499999	1.3230378980596365	1.9377293256077635	2.4714476697788537	2.4835906962542054	1.9901807158731266	2.039735445931768	2.1909977879721927	1.3002537578035185	1.9721355872188548	2.4581994069633275	2.392258999402455	1.9406243382976023	2.042209081988395	2.186579269831153	1.5035995331546381	2.018147194159962	2.4975940312471163	2.456266662533233	2.3343195786239357	2.3515796647797687	2.9093103598602226
F1079866	-0.8610121469304998	-2.282857347605001	0.21192938656000038	0.06799163723	3.6250455598349927	-1.4440280133725003	0.7915817199349976	-1.454811801755	-0.15095584342300003	0.18073852570250026	-0.25444235224500006	-2.471740686735002	0.24576437408000001	-1.232900707265	-2.193936607335002	2.7406917021255515	-0.5438435410949994	0.44345030867715013	-0.932352010235	1.0244105745150034	0.34935921431000044	1.3725647154169978	2.006552743195327	2.484042033130649	2.526349617728943	2.0480750326464263	2.078784184539601	2.428669429280782	1.366279276695448	1.9904506496953207	2.247779716669267	2.30864802886393	2.0537342790727116	2.2200381041118815	2.6024085007980564	1.5093844778449255	2.2873193005536154	2.3275668833205296	2.3413712298473204	2.184386287078941	2.3031212211487957	2.9531031606391216
F4315395	-4.849763817599992	-2.4956459467234984	0.05731968018000014	-0.7452210708935012	-0.22870154030999992	0.12649709243050003	0.3574649224280505	-0.9443105564999991	0.05668121845050013	0.6282168048585003	2.0513868398049975	0.8576473428700031	0.07387981261949995	-1.2677569175349983	-3.4938117953775043	2.657287568280005	-1.066015368724999	-1.1620323320524981	-0.40153627350500054	-0.19036191410399986	0.4366127030399983	1.8365743762173228	2.1961172211511135	2.6672272437247533	2.5461390153008616	2.602785995480225	2.717142650749537	2.8513761610936545	1.5584591722666976	2.168923853384504	2.4304895719818393	2.5539318420743227	2.3763781802097186	2.490125870138445	2.733799721245532	1.8809758333284337	2.3105925811263166	2.448470349775661	2.4579680049589	2.608370428862646	2.73750121952706	2.9533442618035464
F4412540	1.8061735528045009	-4.063386445349999	3.252413463022998	3.536564499595	-0.05139210561499991	1.3572242766849987	-0.1231780574735001	1.6233669336409968	2.2862898410245034	0.20402707007899992	-0.698965649015	0.7404258717077487	-0.8918632364044998	-0.4403032585154997	-4.245518081699997	1.453531660909999	-3.9843598181315034	-2.6854134759949946	-0.5544256495799998	-0.3270693297784498	0.4510094095550005	1.403045365856306	1.8588483265834839	2.4310710798653234	2.4939087807930527	1.8350476595543204	2.0164488581168825	2.1346173742077603	1.354493569442201	1.8550731189133167	2.2484208888170905	2.2940642679809744	1.8259509334821185	2.013520114761918	2.1655833009527163	1.6900368443217402	1.8411573809089588	2.270460016127107	2.329359594242539	2.4967106982263565	2.5419295168467193	3.023788431368273
F181864	-2.590515796014999	0.9823967087104992	1.0083417259900016	0.6538614880199984	-0.0818491251189999	1.3361628728439994	-0.02986004026999998	-3.084828692205006	-1.3813404203650026	-0.6631627883850004	0.21547308179815	-0.25801231812499975	-1.7805649696460009	-0.5654354717950011	-4.846430699245004	0.14420945479499991	-0.20954901510499963	-0.5640604783634998	0.07286481971150012	0.2472471277819003	0.7097121946524992	1.700754150777225	2.8337587914737696	2.827442736644742	2.695221639592841	2.191771094891817	2.2959371956278662	2.6499351561595645	1.5897338248039847	2.6290736886884423	2.7093767525250363	2.4500598054028573	2.195767036839359	2.403149612236169	2.8463867088285233	2.088730482596871	2.806543443895154	2.7538998249153015	2.736792660424641	2.6452411486196907	2.607578449458845	2.901692741335974
F3699355	0.57589398457	0.4594139489105	0.08774432263500001	0.16015943513950004	-1.427367075105	0.4028953645899999	-0.47089856085049997	-4.041946502550003	-0.4810838445150006	-0.6728978812949998	-1.9206542299699958	-0.5153290577149996	-0.9804297739550007	-0.22678296552499988	-4.309007731799998	0.09380029579500002	0.5550037286109991	1.4458538548315971	1.5931329866260464	1.2800309803049983	0.5683012382076499	1.399042906667723	2.1063699626951604	2.5384892283703078	2.5716358052950263	2.538719501329647	2.467121078170873	2.6139505191345815	1.6428013728173432	2.128038802174083	2.3242812449262047	2.515599548390594	2.580681409797491	2.611674239948052	2.723106058588721	1.769715226762343	2.7202849269060763	2.6486736547950267	2.562767410090315	2.6297556246140887	2.672966756189067	2.98483842125871
F4328910	-1.721452242879999	0.5005078213699996	0.9030035546949988	0.6879231092495005	-1.0440749412894998	-0.8038247709830002	-0.24168442153000003	-1.322313779807501	-1.3307139784849986	-0.8199131115500004	0.2785836284349999	0.9251361837250006	1.4973070508799993	-0.9714407179300002	-5.359021611400018	0.49124944686550087	-0.1331974930149999	-0.65647881555	-0.06709882970500008	-0.4577096347529995	0.8241113996760003	1.4734357383742258	2.5791696842634324	2.592432993705218	2.5937403766880744	2.186658657316459	2.1364242208838036	2.270870462359281	1.451998339845411	2.521294861664168	2.618290049242489	2.6169651566048513	2.175437151180503	2.2286831436485413	2.30131492157714	1.994020340994957	2.76783712521312	2.7966046036026277	2.7176629747439187	2.6855478775236574	2.674977325380788	2.965539298332173
F4464533	-1.1557922295760001	1.2612717111450014	-0.9500415311514994	-1.1574011771350032	0.7572616578285006	-0.9988937665599998	0.4957195577049999	-1.8981096211484971	-0.2892557433239995	-0.17571738768400016	0.4379115980850008	-0.5572753661849987	0.44154624307799983	-0.7382531809699998	-1.2626525550899987	-0.9966111399409999	1.325054346387999	0.9449257345200025	-0.2700223433850001	0.48664455677550017	0.22278513172800013	1.3527555574626684	1.9649101337783028	2.446490186027542	2.4716015978856576	1.7861697860781365	1.8964110128695923	2.204051314588533	1.3375589486272348	2.007176180345418	2.231111494980956	2.0741791175453925	1.8144957446454921	1.9266699647332368	2.163149801375952	1.3994779671010669	2.1781843765622266	2.2300382459803814	2.1415188596553754	1.900515134719956	1.9754568006457365	2.9169173633784484
F514257	-2.0121147877250007	-1.024617016765	-2.7110557842849987	-2.927752294700002	-0.26103854169295027	1.207871973395002	-0.6825857156984994	-5.855778105700001	-0.976246004284999	-0.7991869498950008	-0.5215980404899997	0.04838849989500011	0.017364284531500036	0.4456461252150002	0.6690995553800007	1.9306475197150068	3.6142978399049963	3.3085962425000024	0.1483439126109999	-1.3582797149935004	-0.11446065916549988	1.6218010661094133	2.288028362485447	2.548676702310816	2.623441488780509	2.492022395288749	2.4107458635377914	2.7603284181338688	1.8057665505191396	2.3966756021970825	2.573795241112931	2.691040599046441	2.6851417228587207	2.7490926721766136	2.9123982751950988	1.6571142278776356	2.6559723490446236	2.5730634289092857	2.441333526398809	2.4039385240994613	2.4020458882525344	2.9493127308574385
F360890	-3.33700546782415	-1.390146137615001	-0.01925531893499999	-0.5571320704300001	-0.6880400367950005	1.7988332770529996	-0.3441988644800006	-1.972355416164998	0.3117325722300001	-2.0844996343940005	-1.0705858517249973	2.980152566220003	-1.1943576572839982	-0.6338322753054987	-2.673694257825004	1.0277072784449994	1.7919190627305	2.150652299632997	-2.473560358208499	-0.3390762631699993	0.41763233636249947	1.4846667560935916	2.381047908819435	2.6213306332689945	2.601704284329118	2.151007091212438	2.173271252898928	2.731733202210133	1.428729942719492	2.2691663289418433	2.505486364205767	2.4918261856604977	2.1423744678099657	2.0716139470361097	2.744460621495593	1.6277961693073006	2.663471240706676	2.709775192363543	2.5881610265115134	2.364619033099368	2.323515750744355	3.093708003659472
F177593	-1.6849562686407527	-0.433324513075	1.716576463740001	1.5130378229249977	0.14651882506999953	-0.24720217105350015	0.2588319089400001	0.06224630431749997	0.2013608411649998	0.4899553816499993	0.7855383868049984	0.5236408993399997	0.37970271546500073	-0.6387526754089994	-3.4421275583499993	0.22612154322500036	-2.4459588644569976	-2.084982406994996	-0.515727002425	-0.3434847531800001	0.4625352362209507	1.4316304611940338	2.1971096714845797	2.503335940766255	2.512614438767671	1.976897879226599	2.0408854494331203	2.1018082144093304	1.377815933125552	1.9512323278965022	2.34586744868002	2.278264182285187	1.9904879429239193	2.0564159943760827	2.097617528039605	1.7068326848005881	1.9887312236060137	2.375670591981077	2.4981634490834668	2.5548716174162607	2.7054713291694292	2.9247086673780895
F175630	-0.005687080318499915	-2.8052874063527	2.1582985847259994	2.2419017646694965	0.26572378686349996	1.4373921314494964	0.7892276326535009	-1.307376488290751	2.0127744803709966	-1.5344448306510012	0.21706777096700003	0.09306224820000014	-1.2867038126599988	-1.3907946982700012	-3.583358234204997	0.6029788300065	-0.6516596006259998	-2.706772717794995	-0.28136862812500063	-0.21530309640000023	0.5230822837699999	1.4016829257498997	1.9705770995519785	2.6587799435233843	2.5153280181703757	1.9328459200948926	2.079487155813424	2.533198373310371	1.3874332270112448	1.7786460415184158	2.144148834677869	2.1623473200433847	1.9016095004199454	2.1122612812711483	2.4784436958657254	1.6743795730986561	1.8213367335111563	2.1964223382548003	2.309875976481775	2.4885396574957706	2.7135397429604806	3.0835510937131
F305398	-1.3294214621499985	2.2157239649130003	0.44418699668999995	0.18447527729050023	-2.064405461689999	1.3043995906900037	-0.21475467943549992	-4.796447744177499	-2.5337938262950024	-1.0686505345900015	-0.8959501665499998	-0.3698110769549998	-0.3246921327910003	-0.20081462299099956	-2.2000187520750014	0.4474440848536998	1.077509023870002	0.5089004965299998	2.6281700049699985	-0.6581029558449996	0.45746597813349976	1.4698720917303627	2.644222368447117	2.619757565007357	2.5872155733457256	2.3065913702975753	2.2849043348194633	2.6425250427670797	1.70964705621848	2.516467338531328	2.481172205490877	2.5168042086793725	2.569487772587302	2.6579206059697347	2.7220744265945944	1.62518930444829	2.6685925172349396	2.562480872987648	2.4238943582150614	2.389296042332924	2.292951612303426	2.933097895123496
F113761	-1.1867494787359982	0.44100557953199987	1.1944152168496498	1.009514702764999	-0.2624492237849997	-0.17111944016349984	-1.6220167304149968	-3.9873884845500025	-1.3214878000269983	-1.2692141196583528	-0.7203249109050013	0.11138513699500012	0.25781429273000034	1.131547364349998	-4.638529613650005	0.6449191922599975	0.2582005408849999	-0.05710371493199993	0.14190438838050023	-0.014980613831500015	0.7309749512049992	1.5352769943201314	2.7268949448083823	2.624175930099315	2.7190109611675988	2.4244148893734323	2.361355198975367	2.394877195781532	1.6806931643114873	2.550875293436792	2.552673241206099	2.6399733816962474	2.6203655538315687	2.5692722318018015	2.4007594528979057	2.070021458381705	2.759183307333299	2.6725893945842443	2.6009765362947506	2.638337321180694	2.7141802061091336	3.036309712074218
F194326	-2.3625822217234966	0.5272494053049989	-0.2082629684727501	-0.5857671258164997	0.42625032645949934	1.255744828820999	-0.8886240624450008	-4.3258320371500005	2.3706264484149937	-0.8466167231049991	-0.10591324598999995	-0.3129670138125002	-0.3260383891649993	0.07857486549599997	-2.7543881145799984	-2.922970278739993	0.6180243915869997	1.0568886042750003	-0.6244215904884999	-0.6336168841449991	0.336724294315	1.4716688155415087	2.038475248919846	2.475070007601055	2.528017556959124	2.427404665145988	2.5357662604341145	2.8429447965605306	1.6577160838833531	2.266329396760627	2.4437516979093945	2.4279959697222475	2.5862092214580263	2.5730158228315037	2.903832422836681	1.7302139753099	2.1023413133086275	2.4499449413871837	2.4044530721040296	2.575524224833693	2.5557149251841644	2.947469951603839
F4449518	-0.03815720651000005	-1.0712874390300022	-0.06719934717149995	-0.08523782248949976	-0.029916698595000055	0.8314855921649995	0.4014768723649996	-4.349430027800002	-0.31244650042000044	-4.555116878050005	0.6775357607850008	-1.1985402513500019	-0.7739479065115004	-0.3560062496965003	-0.12286571087849993	1.5353222728125004	4.9237516742800125	-0.6504192944600001	1.1645483559569993	0.09609306625599963	-0.0414351266	1.3595771232712217	2.054609311595079	2.4070516728901308	2.398776539115342	2.0356014010434067	2.1125268423245522	2.6372823687166043	1.5759653533210296	2.040407811776392	2.1072426212911175	2.1479222138349483	2.430866139879617	2.505506129095416	2.7611284746344578	1.4904400766064632	2.5390101588696155	2.247002034989434	2.0945446892812907	2.022184929512114	2.1108658902647934	3.0630784054754794
F4465472	-2.0748107140699985	-0.3663485320159999	0.2555192480450001	-0.1997077062959998	0.9109845800379998	-1.490939845566	2.034380737241999	-2.4650099158999996	-0.6792781174549992	-0.2586208488900002	1.326649041017001	-0.8823620906449993	1.7367251892749973	-2.547200635522203	-4.023378471649997	0.8603193746294999	0.7921110111110012	-1.4272211170200015	-0.19875645436249986	-0.2435423057899995	0.512244676400001	1.5038839346686896	2.685493708347189	2.7705137328075202	2.6191134465042007	2.210346140884645	2.3291220523985867	2.363490718320478	1.434017316894178	2.463258096673109	2.490163872206221	2.2981658010099086	2.247037742798059	2.309400211570672	2.4126210606651606	1.796884082776685	2.5972808515457895	2.6749923466933763	2.380108834461711	2.6946567185372667	2.6526212197469694	3.020779803230787
F1885089	-1.1641648590095006	1.3515099131099981	-0.6537832777300009	-0.8045333395599995	0.1283109739764	0.5708541071950002	0.7941129212200009	-1.0162583277810004	-0.7543944997649988	-0.16132814112000007	1.163052930045499	0.5103761848935008	0.44178681719099966	-1.0274171627280013	-1.6140656621749991	-0.7604359718565005	0.9180783990000012	-0.3142945356699995	-0.7987045626149997	-1.0744349068765016	0.1958874103169995	1.3994888999055728	1.8301274859706465	2.509113621828335	2.4848454839466285	1.8431090240343924	1.8851854663301495	2.0916622320093223	1.3591370734158967	1.89306135248836	2.1233053871770053	2.014150388774987	1.8022352715925642	1.8663324222926714	2.1076931669876906	1.4298669738074719	1.9410645634734431	2.102642043300684	2.011964802719459	1.8944768235351823	2.0110602653658534	2.8233759620624905
F227697	-3.763082278614002	-2.597070763615004	0.24298025830000017	-0.2175063800850003	-0.20943534641150002	-0.19649634213000008	-0.21775840821499998	-2.457434341814998	1.6594951918100016	-1.377200221855	-1.6417906492455034	-0.7568747872965004	-0.5231817319589994	-0.3386998249199995	-4.483188147634998	0.7128998810960009	1.0075825218415009	1.2803434099099995	0.9156032300199999	0.6121091078495003	0.7053341445850001	1.918775460802507	2.285001906268846	2.6468514981508062	2.717598916147941	2.687952047768346	2.792449984223433	2.9269590385922726	1.7936140207174824	2.2751183130403474	2.4668549692293524	2.6245212825876356	2.7683597002540044	2.7831521113765816	2.787904422250833	2.085031527256095	2.664649165438306	2.7636148482330216	2.6880667405659255	2.8182571683187487	2.8609986680774426	3.0195408384731746
F528752	1.273285162328997	-1.084535007979	0.8617398784399997	0.8521113894880012	-0.22010212486500025	0.1878599886450002	-0.6242649016014992	-6.202465277000011	0.34541712977500044	-0.3129852597335002	-0.4019602599855005	0.04288931840950004	-0.024012415714499996	-0.11108718145499988	-4.890160066800004	0.3108224751500003	-0.1333822978750003	-0.350500203145	0.14177197331000024	0.1254557648099999	0.7328697631949994	1.5495980485305327	2.611691152290928	2.695628464498639	2.6757122819913994	2.4147998156433315	2.4071094768341594	2.6471421501749894	1.928705746307452	2.847103667352437	2.7386742543220857	2.638224789172702	2.5885922652324425	2.807763022913956	2.670585670833833	2.0516480595261357	2.7492443598666307	2.7631178894187154	2.662808930273128	2.560304977225324	2.679842499205937	3.024542577324656
F329668	-2.4880586017350046	3.1786079741499926	-1.0914832044549991	-1.444001557794998	0.7753761029954989	-2.180993974479999	-0.5131810880999995	-5.550099057800002	-1.2862032377450006	-0.42698762526499995	-0.6670363621450005	0.31825589759600026	0.18437214879750013	0.25388868451500035	-0.6808168238799996	-1.731693420169998	1.2371752292365004	2.365339518555995	-1.1864373396569996	1.9710588444115014	0.08995817165500011	1.542876723768084	2.081150435320444	2.4622820663767566	2.52128457228082	2.250346758166348	2.5974968895201624	2.836611374148493	1.7996414419913134	2.30181217212717	2.465390942295775	2.5061187594806156	2.4707410114909223	2.6691358543815564	2.863618379504528	1.583389924996414	2.1507434282030284	2.410390330646721	2.3886969789652968	2.270173513245029	2.4507318096284854	2.9330308971644157
F114730	-1.588481933905	-1.0299767660800005	2.323760819045002	2.0267755639000007	-1.8282610209099983	0.5575734115099997	0.00566430464499995	-1.7854149586850006	-0.24141576351299956	-1.8776694424250038	-0.7208088712450021	2.7099481525050018	-0.688201405429	-0.601221864358001	-3.9994165037500022	1.4325314977870003	-0.7941612395399991	-1.044053431370001	-0.37403638573500037	-0.011387128625	0.5901370339249987	1.4732729242712257	2.263151090111974	2.6015654035142197	2.5068647319728825	2.1126402977903393	2.087119770898171	2.283305368365591	1.4429815497802145	2.134142198252118	2.445113660653233	2.441206865420174	2.17423573382009	2.1301202123284426	2.3393885435310056	1.756262426045747	2.3852142100572027	2.5352478667132194	2.606788688996667	2.537585741840032	2.723069837735841	2.976602167481824
F3369303	-5.052811233645001	-1.8404589229700017	0.1731169623649998	-0.49967353244500046	-0.200094014375	3.3652699999808242e-06	0.3076806433720005	-0.8308011089600018	-0.6319040214920002	0.3254357188320003	1.890826284109999	0.7676593105299994	-0.11749256465999988	-1.3102093228999978	-3.6359222700000013	2.6396501897049998	-1.119828310064998	-1.1228645730640003	-0.3499354173900003	-0.1755050922584998	0.5455395587799985	1.834413279688176	2.1813417593329207	2.6307138749833556	2.7751375995657948	2.555993031626756	2.591628381022491	2.8918732313164752	1.435529028384304	2.0458752661053516	2.528129383169449	2.4505246226827144	2.3691844103157984	2.415852139184041	2.7763100226105095	1.8442623143432708	2.246830852920662	2.5538759680014023	2.6501153546561893	2.594700466874292	2.709294541132587	3.0217015693425786
F4403863	-4.214258316250003	-1.2542025398465007	-0.7872827235899993	-1.4537960363249995	-0.11311365297349997	0.2933826014734998	1.6801129923612492	1.1037507684209984	-0.00941653738000008	0.5535803044664996	0.8338498673700021	1.7190211271565015	-0.30779192777500003	-1.9193268660099985	-1.4602227018225011	1.3011442967099962	0.11806504054049971	0.4398251946867997	-1.6474284953129963	0.14306349222700476	0.17082640705500018	1.5745452764676944	1.9488166308735857	2.5274805807150713	2.6186166076470956	2.528196678653186	2.4800413663237846	2.4816562226311536	1.348120281367442	1.8368316597091472	2.0499896857086846	2.039041967214265	2.0880584824244	2.16014806385981	2.479696008035142	1.4831649734326064	1.8796025337566313	2.0522325729193045	2.115981470956622	2.2336569485352653	2.295787231306992	3.0390511745827875
F4315782	-4.385496370995008	-1.1043551786374999	0.6910121750600005	-0.05397855083029992	-0.05384061176000003	-0.06617997980299996	-0.0974621891924999	-2.5511322243250016	0.83867553395	-1.2573126218261514	-1.7807322184350005	-0.850836680330251	-0.58210764016	-0.38115934166500004	-4.489991679249998	0.3912932034784499	0.7346863065770006	1.2024851103634988	0.8090632833194994	0.6781700582850011	0.7362391244073009	1.9790740096002235	2.343275786440737	2.743747662651914	2.7572905586038567	2.7143977447835006	2.75228057193132	2.7751579388229524	1.7688204452968161	2.1922027976274814	2.477425818251938	2.5949972253328797	2.639478531246375	2.726887309699709	2.826617423444075	2.202474110545142	2.7688860628737673	2.7107039621219866	2.712256562882493	2.7723112377214303	2.8076813880783145	3.0907686359680673
F4395774	-1.5755514125200007	-1.9531430986649965	1.9097535535805028	1.741220767016999	-2.4212164724500003	2.366502764405998	1.1338113107550012	-1.3164129290655013	0.035501425390000035	-0.27671481657999997	0.8368245947559986	2.7705533386099965	-1.6179956419935488	-2.0770468007745007	-4.0611766640499996	1.9403815685299983	-2.0051145435949955	-2.09361710663	-0.39551053784999995	-0.5608075734399999	0.5922292871800007	1.4587256869047218	2.085571356799072	2.4862087284801424	2.6020540905050322	2.1500484541588234	2.0886668686476852	2.481614969736302	1.3957874626296012	1.8650086301042077	2.301301149787646	2.4252532919294296	2.14710801700029	2.0544135235819807	2.5143375116364792	1.7135913160535727	1.9004865976337497	2.4643791616232953	2.4450270569383603	2.5399500785377698	2.621909273298181	2.932546612115133
F4464173	1.3340931022185016	-0.40233137862499974	0.7763806611010005	1.0395624347049996	-1.3256767556299986	1.7536700203599984	-0.11556532832000001	1.4228997440350006	-0.8704127263400004	0.13319594764849998	0.4043901860549991	1.9129447472650025	-0.36722977701999954	0.028760168210999956	-0.030060796578000003	1.4354242067149954	-0.9123894088450023	-1.337758502365	-0.650501914114499	-1.2029891331850018	-0.03159343881499998	1.4136738196616272	1.7666846012673243	2.49730986816515	2.4960812031553155	1.8222415349958172	1.869127662301771	2.1226688156663482	1.3925465310598228	1.8294484880224084	2.0725575024473546	2.0411866933030263	1.809932058437626	1.8645425859554847	2.123307840882629	1.4519654103672206	1.7955749351100063	2.07394090545877	2.072560621247219	1.8958042907041837	1.9843458259251516	3.032581930607468
F4480244	-3.5600624218150023	1.2281202693995001	-1.7864635610735038	-2.3038301723550023	0.14854728704000025	1.9947257505449996	-0.10552259718250002	-2.426277810679999	-0.7302731033995015	0.7514371139200015	1.4373208383554994	0.018663289662499964	0.8900676437549996	-0.7499440037799998	-2.263868789589998	-0.8079973350499992	0.7875821472400005	1.2877000975999986	-0.11201619012849985	-2.6177191922250027	0.22879983725999983	1.529485560337632	2.1939744906154717	2.5835617408182907	2.541434705063627	2.3156785543622442	2.341379686415933	2.771200907822778	1.4644806392260676	2.340602364611915	2.4361525593925943	2.488822900320967	2.016399581422512	2.134786443388305	2.793348020802909	1.5681933661916936	2.321339511313221	2.5479944112988635	2.510389534239975	2.0320625877170264	2.3061906767689804	3.0059445029216816
F4155395	1.667303602779548	0.4346041663709998	-0.7689569448900001	-0.5345641170979998	-1.5850974390154977	1.4501650379699962	-1.8896579081549985	-5.411322916000009	-1.8364825219764989	-1.7200665860224962	-0.2467292698742996	0.47313712217550014	0.46779118319500024	1.740320500289998	-1.0600778762449996	1.3624967178100014	2.7237287388299993	0.6464064379850012	1.2657109552749963	-1.740529990298001	0.07804618540500004	1.4300459931735339	2.2586850609744915	2.503912293398713	2.5932804991332548	2.0502144653777714	2.020100085382063	2.368181138169408	1.5662404918819344	2.451472406416543	2.5021958450194908	2.561413882913052	2.531682577554748	2.5243129937889113	2.4116184741055107	1.535545825494152	2.489947994306309	2.4782704843873136	2.3292685268831135	2.048284044197333	2.0851516353317536	3.0584213793739212
F4234212	-5.239660044500009	-1.0726361652633492	-0.23332176770400065	-0.983451457720001	-0.3746881677225004	-0.5457669319049995	-0.706773488040001	-1.1427353993220006	-2.031291688713001	1.8577766271000025	1.4775500507945019	-2.5318329243449984	0.9055176256515001	0.7007959886880003	-1.2388776587790011	3.0009927313140032	-1.6820311346099994	-0.2940430839650001	2.7475586358700093	-0.4766895242800006	0.23808546934949967	1.7461715681347847	2.314166333904368	2.7210391138125316	2.655483093830768	2.4946544611584973	2.672625883115182	2.7204762359614283	1.4166656575610779	2.222958101256314	2.426328228765476	2.352727757576301	2.267000174849171	2.1900277667742314	2.541700295393289	1.5642753482514598	2.351897573243687	2.4446018263003007	2.4013784830585725	2.348936627320973	2.294935284410739	2.9024316855633674
F4416570	0.769358212194999	0.28548658243500075	-0.5454724566800009	-0.33359363802390013	1.1663463522199997	-0.891781483477999	0.4685874792150007	-0.3451998432919997	0.9079621065100006	-0.47945640007999996	-0.7047176037899988	-0.8262188790436515	0.9157659619856984	-0.45609388038500004	0.45010080248999973	-1.0301838723500005	1.0043789264850007	0.9347492664024992	-0.28527618006500005	-0.05517802000300013	-0.09860976045000011	1.3219989811175201	1.6356416227629542	2.3332689951658856	2.4194146346114533	1.7662688740366512	1.8716105910498892	2.174061068476719	1.305222499462379	1.6552791050497764	2.0343419170551273	1.9659399325949884	1.7934106767952094	1.864506351700865	2.167149149463454	1.379749195589666	1.6686632320335417	2.0192732432514364	1.9706007006739683	1.804754454382362	1.9095039745346276	3.0367631946746547
F4331360	-1.1429116657949991	-2.8224825437649996	0.8801426092100009	0.6102140668820001	1.2657585029699991	-0.4431909775600004	1.175187984975503	-1.906070995751499	0.9160449809500006	-1.1206079360474999	-0.39864870683849923	0.3489449405829996	-1.2934581241300005	-1.5317193808875	-1.7784481805105004	1.922491349395	0.6532135805849995	-0.20934876709199982	-1.6437695933940029	1.7932619243229988	0.34816923487500007	1.4294883983569207	2.2418943366971686	2.538231505614946	2.4458580279487974	1.8963632403931037	1.9525610664502622	2.469722531270689	1.4349196801285473	2.1267412331390427	2.0585704141630288	2.0213597425388588	1.8985989724366905	2.0386783960472505	2.525770360658898	1.481264864488943	2.3251021749151026	2.083397326604338	2.0332674914662285	2.177397251967908	2.119652282333443	2.881205714244754
F196769	0.11395286744900013	-3.090088054285003	2.5655939194549937	2.6271806941400078	0.8843125639549982	-1.2558873550950025	-0.4708834711645005	1.4722172470499997	0.5993884888449993	2.190681576084998	-0.45339628149949945	-1.6362748527649995	-0.23413266692999987	0.2472485527650005	-2.442897722809999	2.335511573849997	-4.8664060493300045	-1.9391690539100017	0.8593308982540003	1.808591407711995	0.30056117359999973	1.3753381782803769	1.9555148447894715	2.4491458462188285	2.540995891810334	1.8937662743511465	1.8239407542889672	2.0650963543101626	1.3064140888346907	1.7862539053617146	2.073247025981891	2.2705677751312123	1.9202735458534306	1.8391897432263509	2.071305696628527	1.4707397538504214	1.7798315281902923	2.184757825475699	2.318529349254733	2.3753374729587597	2.274485971094932	2.957393993958988
F354849	-4.5484247276	0.37955457817349997	1.4786118620600015	0.9586430370399989	-1.2123826017849977	-0.3004534593300002	0.17465313825399997	-1.2586711419800016	-1.7602275120199995	0.7544191451075004	0.1956132305549997	1.0323708779615	0.03162337535499999	-0.9679804556849987	-3.6196677736900016	1.4861500946200024	-2.0779008323000014	-1.0595767755183523	0.03316697313000001	0.1629976664135003	0.4482476036549997	1.7248592049444467	2.687563275762795	2.672927617181012	2.6179413425310036	2.380444349596811	2.5630462397203666	2.8782922981064387	1.4533303416745356	2.243490611569278	2.285218926931437	2.3473646271358395	2.239657653056964	2.4033214184273053	2.916133552127169	1.7755204755935337	2.4226462479510604	2.345969266021767	2.4341061860725395	2.70527153754675	2.6559987792174624	2.982206669592255
F130663	-0.5108394698179997	-0.30055100384500016	-0.49769157912499973	-0.5110951538649999	-1.0416953571242389	0.07088548577700006	0.14184541904000028	-6.581334254000003	-0.26654726196399997	-0.7681223382949994	0.34710869772499914	0.54867554359845	-0.2567051264949998	-0.19394365353600015	-1.6182013994000004	0.7655273616175009	1.591343954724997	0.010418626885000027	0.13971303891	0.595236035155	0.18009722730199967	1.5232241154586228	2.5641515380675624	2.595513065620873	2.5782789019236705	2.4081995306358777	2.469479630075635	2.5331004998304008	1.9511981197999408	2.908417756317615	2.707096725201442	2.5766956303959083	2.752467121601988	2.776335171385415	2.736388949283109	1.6076130037611853	2.629049911106089	2.584830949024571	2.417843487946488	2.5090343178440997	2.491420126102571	3.048365715508422
F180285	-0.5200309229650004	1.828313437320002	-0.5142238922190007	-0.636984192271501	-0.16146790310600012	0.1390615206950002	-1.2065714538170016	-3.6488133385000014	0.29914461871950054	-0.48589395645999955	-0.9311439901950018	-1.2647702252660025	-0.12801097807949988	1.3833634275550013	0.09559410661949988	-1.9140333526949989	1.3607868498335003	1.5152666736949982	1.614658229879999	-0.1009876460360001	-0.02989596956499996	1.3477392021936594	1.996810143671927	2.48073945749436	2.516708372550509	2.0027401219572822	1.9886657707864743	2.32097000171031	1.4092262389583226	2.0967437674927187	2.259329436974592	2.0868582630540997	2.3331643678192386	2.4193429711845784	2.456282689327288	1.4173427538661332	2.155879233542029	2.3385413418465975	2.1136894346546056	2.011733533016537	1.9980709028217112	2.881569931692652
F188023	-1.0715264184429985	1.2503633966300005	-0.43607161260499905	-0.770016864837998	0.5610380406720001	1.0134172029050008	-1.5014198335849989	-2.5200396783150025	-0.2884784296250002	1.2010424482149997	-0.9001037630449978	0.6612169399405406	-0.5097485464196504	1.3183089932099998	-3.0558589119685	-1.2521753092704995	-0.4543890272250004	1.4878287363599982	-1.3440382301350016	-0.3633016474350007	0.35667313776749937	1.4012661150340773	2.152522405432184	2.4458618282810707	2.4919158015342426	2.056194171516457	2.2043750378717455	2.3036092558778103	1.409649910083292	2.2362596761255844	2.398221924078056	2.272995992850707	2.156606763032942	2.3611426862282796	2.321511131595733	1.6576376228438316	2.373972620538084	2.479917893391839	2.3670609583888194	2.391946709299413	2.492121390387448	2.97754376312737
F4347348	-5.4034546435	-2.7871027756599953	0.18344059267049953	-0.5252429971079992	-0.05760377631849986	0.00043595958500001754	-0.23469532142999977	2.972331191320998	1.0206704204399992	2.5833941823385045	1.7477638010650036	0.06414478258500009	0.048637974574999986	-0.026103930461400054	-3.1000176635449974	1.419980275086498	-2.9145559449905036	-1.3325454631995002	-0.2077498625049997	-0.02336211800500001	0.45798941730500003	1.784024324688457	2.1043835901884775	2.470685744531197	2.64849038234102	2.5345665507314648	2.6885197244397205	2.7691288263569227	1.4066676597786212	1.8895430441112437	2.185211898562415	2.3686224001240417	2.4033086277882014	2.3932963838013244	2.7210544750412735	1.7745346629608802	1.8767022740302777	2.2445661217248225	2.425155124661861	2.6054058181372355	2.614827532479841	3.0326622563665846
F3232988	-0.09775861593500018	-1.5932094514900006	1.611087435494997	1.5904912278909948	-0.7410228987300009	1.3531420803244985	-1.7580235060049987	-4.5452284744999965	0.4537508522934994	-2.1816303907310037	-1.4736232716850002	-0.10222401861499977	-0.4665498220899999	0.4580221446194995	-5.460573274399997	0.7850871721635012	0.519493311565001	0.05625779419950005	0.3511549208430004	-0.30040597102000066	0.6853252575214999	1.5160396198269586	2.252112898520288	2.6311750726471903	2.5465323038814716	2.4643855077032346	2.4807968143972445	2.7526073377900606	1.7870925316166935	2.2266386917189216	2.601124069066967	2.5482550229670657	2.7444287522171953	2.6559856332089904	2.847473728512277	1.9322296730990822	2.6982012269195548	2.591809928982843	2.6307129712741975	2.6943735108918836	2.8622304494067863	2.9876330021814463
F112720	0.06574210695999992	-2.3055536865519004	2.242141659575003	2.046388916944997	-0.09789077496050011	0.40894175353500056	-0.9350541422255004	-3.3838666052550006	1.957982723310001	-2.746260852458499	-2.593262464400002	-0.5224551788100014	-0.3642333383650003	0.0912130236169999	-5.141171222999998	0.4050880381760001	0.5995487246335999	0.43195857928000103	0.5566159405225003	0.11365235311499979	0.6796655274600011	1.4389269200563042	2.19980948765016	2.5040390370250623	2.563243620122445	2.3812902179568725	2.393113549872844	2.7125000420228855	1.6575463717399233	2.1578227714689437	2.4595212741389494	2.4574747405585504	2.5179675152285923	2.6887993581486977	2.802181685790021	2.0242827398796046	2.6656643912302154	2.6880203055423233	2.6138551171925783	2.6784006466282655	2.647883174021829	2.9513332172371527
F2724175	-1.2996919437250003	1.1526684718900007	0.2271550232050003	-0.04991603965000004	-0.9579109572250003	-1.4885781321320017	0.7753746999299997	-1.9347138635199996	-2.48416906423	1.0743465297627488	1.4282286768300014	-0.13385116563350002	-0.16161452617999977	-1.064697542555498	-1.9522232331150005	1.359339244011498	-1.1942353996299986	-1.715965300735	0.9158992619649988	1.8939838219400016	0.3039170030500002	1.3534806583649397	1.8969142025319816	2.4576126226359514	2.496165844239071	2.043771619193975	2.130364867098164	2.1322414353597745	1.315618379621913	2.103518545225222	2.252274951504986	2.1181835706382293	1.961499569158429	2.0680402359431436	2.184150216659436	1.4470300511167313	2.014129994717847	2.2283318574560593	2.282063227018365	2.3996011724320114	2.343675681505227	3.0428994118174186
F195061	-0.40554963493499985	-1.9165013700664988	1.979069226299998	1.7547936656679972	0.076622890604	0.32197149868549996	-0.36143258012500046	-3.534353025199995	1.4778427719099982	-3.130192314554999	-2.1042689818754994	-0.6822086231750002	-0.4499864864849998	-0.23355927949299998	-4.885285158249991	0.41600784723260065	0.6624298663450022	0.2621798056265	0.4480852216248105	0.2145050935300002	0.708465833975	1.5124653221634994	2.1573156161365064	2.611754605594878	2.523616421802297	2.357580960676272	2.496239928716626	2.5907539846135235	1.7267558029295933	2.1139521209736856	2.4959142325537473	2.5046867200468217	2.649213265544709	2.661261596043371	2.7421859539991456	1.9909165842489596	2.6325331309630906	2.5894212309533344	2.735538918014178	2.6190838609955565	2.6681272651205465	2.830139633634177
F182044	0.45204612861099946	-0.5265288165843002	1.091792841659998	1.2405806896249987	-0.3884440945329995	0.36696081375499984	-1.1338020006300005	-6.225063206499995	0.8824143807300011	0.12318124611000039	-0.18111370134000015	0.2908571198949996	-0.11297896414499994	0.2674640526930001	-4.0078318797999986	-1.0026469529699993	-0.8287924010599999	-0.8751089091000005	-0.07099459575000001	-0.43455294396599986	0.6309099224374999	1.5143106741160108	2.533050855538282	2.8175237144442495	2.6106426759171817	2.4575831918461226	2.486785732694327	2.689561283212411	1.9334383789893608	2.7196613847039974	2.6735575199065846	2.6916275919852644	2.7060770701581647	2.6579636017191945	2.9110354306034067	1.8982066758317822	2.6977035676725536	2.6983101641979363	2.6620616742147467	2.653000635883704	2.8005378384246513	2.9069521510088276
F15728	-0.8963665086800021	-2.2345260401269993	2.138531540882999	1.9565962205164993	-1.0902533718379985	0.8689632656345013	1.9458677653900012	-0.2653211759700001	1.2758453344604974	-0.2799396509570003	0.2966875755399995	1.3986615841100034	-0.07417910054500006	-2.9550281893399992	-4.325775964085002	0.9419973467499992	-2.1052412493499997	-2.1445868708155036	-0.5171841591589995	-0.5868777868414998	0.6431229382719504	1.3733864947474206	1.993238482687456	2.5625303382630635	2.4791487656879947	2.045637827219107	1.9948216096903808	2.4019780729077076	1.3394913724152515	1.9023997689899024	2.2392274272850914	2.331426672665102	2.046720189016836	1.9848269725659584	2.484425130129953	1.6575798502286767	1.9395679135238344	2.42816350895853	2.5787737934776906	2.566285270582782	2.628209597825556	3.004210008654707
F4381054	-1.2775649157859983	-0.7218382285749995	0.13048843124999998	-0.08468221916500007	-0.8033463183399975	2.372519852306998	0.5195950163550002	-4.015698896449997	1.3544230423415002	1.148253815781499	1.6434510685529973	0.6175157569049996	-2.312381375544503	-0.8771067729069998	-3.9859208696049957	-0.9898106658950003	-1.005459097889499	-1.0914833340000005	0.061086597145000116	-0.010932030609999978	0.6390532370050003	1.537495560363316	2.5514775088501103	2.7185063610267597	2.651659538002221	2.2349902499679626	2.389400151298834	2.6050654458675524	1.6568445816258213	2.6651412804027865	2.6102557335359995	2.5841449954639493	2.254629562568897	2.491372073466987	2.6188376968153704	1.9082600527896483	2.5662110170687074	2.631449825803842	2.683335207716372	2.694378878123921	2.71134766012637	2.9471416563556407
F161343	-1.2086263621980031	-0.7366949850649992	0.2896054323449995	0.0072958430139999555	0.4835125465789995	0.720497832595	-1.3730042185180023	-4.914846391010002	0.4913259488200003	0.33330205652999995	0.6325428561850008	-1.078414687675	-0.5563166435550005	0.29594123545900014	-4.922150131704995	0.1490363599100003	-0.3084889701310006	-0.5226075939249996	0.3004601957450001	-0.06844518082349994	0.6653999781750005	1.5581729815282688	2.67191220181261	2.783151645008946	2.6912705803118744	2.2507984153870035	2.4711194103976597	2.8297008851090797	1.780155874283746	2.790434474291592	2.66143337181534	2.6103729630017387	2.48983371625957	2.430698101399709	3.035525498786019	1.8998346783051496	2.783063144722523	2.8213484008316403	2.5438007459760263	2.6422496975916183	2.61149067840224	2.955079559801553
F2689396	-1.927643600971496	-0.4627990091944995	1.0552028382899996	0.7457450123549991	-0.6994405893905487	-0.12050747088299994	2.39568966675	0.11350708673775012	3.110090610092502	0.20776874010999988	0.7639443752699998	-1.3883924026310015	1.1080528048329994	-2.958188568705008	-2.1780689608450015	-3.1781434250999987	-1.2224362033750023	-1.0154672398145008	2.2664819164449983	-1.007960427076501	0.3526084040534999	1.447740437936186	2.3902943268770818	2.570065260120935	2.6285415034604434	2.136388379889581	2.120934139819468	2.498270251008869	1.4079757059813383	2.1969952268251305	2.4233466610577326	2.430163445445939	2.131858978632244	2.0790624557422634	2.464633046837467	1.6309827503167025	2.422062585988467	2.54468683546158	2.5134952858688537	2.3723004109382435	2.2278445492692978	3.030342164763322
F2506486	-2.7678132946399963	-1.9853188882149988	0.6525708335800012	0.31676641412949974	-1.424937323645001	2.0221523470964957	-2.8748538984650036	-0.1566240756349998	0.6726371466319996	-1.5281893817914973	0.8141358567650009	0.47443338723199996	-1.077417643636004	2.6138349670250034	-1.0409427016799995	1.247231152644998	1.2423583283499995	-1.0874276444999995	1.0422513454484994	-0.8699311476531997	0.18585661088450006	1.4525009758761027	2.1108283649466038	2.594270103012103	2.5618885286930597	2.0008334721977636	2.0069964818667896	2.340464645633403	1.37358096071392	1.9512899943933228	1.991306876946682	2.070875806146517	1.8873775755918947	1.873725345887723	2.2762417827510384	1.4568053393627665	2.1267617699984585	2.07493808212183	2.0913941389390125	1.9495493547196343	1.8776270327551063	2.9595342993546447
F1790398	-1.4674173369839993	2.621207566135003	0.05069980069100004	-0.09500980973499985	0.271596163432	-0.6547678847300008	-0.8867205874719989	-2.0932723706519987	-2.6280879926789944	0.1456826970064998	0.0942818801	-0.7044507751720002	1.0351030329049986	-0.552066349265	-5.478115235749995	-0.019519811800000012	-0.1404349611399997	-0.10672621797850025	0.3699722472921952	-0.3074487179830005	0.775152923940001	1.512081674338717	2.5157703623687824	2.671578125157818	2.6232061670793008	2.1793197701192586	2.2392769693754433	2.699585869899715	1.4874541288551129	2.4116313817989803	2.5181048282208924	2.626397663533115	2.3494373108738396	2.2811333700430176	2.754136739738486	2.009027934728334	2.7129891754439877	2.6869751635347146	2.5350358761039127	2.6506598205691105	2.602800535603015	2.926672100353699
F3150250	-1.020688106095001	-1.728251152520001	0.5660050490385007	0.46171972001500017	1.1281738445249985	0.12040050983499999	-1.3254516095485536	-2.466009832934998	1.3176799355949966	-0.8654442979145007	0.15898912873	-1.2100483771599988	-0.6867928373500003	0.6875035930400013	-5.110072957000014	0.3506037346095004	0.29444082301000035	-0.27323639669000055	0.14904907130499995	0.4533665764139999	0.6986928536785003	1.466717203811535	2.263954037658366	2.6021376787843864	2.6306819850660754	1.9922490773506352	2.2560041247988547	2.2493474067656964	1.450561638833187	2.371132079036783	2.5151851719780214	2.5722467848878097	2.07536251139361	2.403910702513191	2.41547771305199	1.9293928320365792	2.737629854773246	2.6747772153756757	2.665861861158363	2.542217013733783	2.6505875662760783	2.8474709634463706
F672431	1.2963018612799995	0.04676907723499995	-0.40494161680400037	-0.16271153966950022	-0.1846176367919998	-1.058737041864999	-1.141309453609999	-0.5646927197639986	-0.05162389026500001	0.05881697213499993	-0.6709725281739986	-0.6848235837658007	-0.6034714621359991	0.5064191943939992	-4.8586708953500075	0.1436992581799998	0.3085297870564998	0.5063880095304989	0.9813917511099983	1.6135689124449997	0.705409987339999	1.3457108994552776	1.9919119254660906	2.5019323803231814	2.537300537122994	1.9551257049203412	1.9733147837348506	2.100777526372326	1.3043794673548879	1.9847116691354354	2.2894684780656456	2.25744445662802	1.9792901079951504	1.9992471582891493	2.1010086718706327	1.736207136399537	2.7565018806959456	2.5834545030905827	2.57474726341874	2.5007747835947223	2.391572320699047	2.952029168460943
F195998	-2.387182645875003	-1.3558818946699984	0.8892762329169999	0.41667615563650023	-1.3804949161905014	1.7751136374349987	-0.7071609527450003	-2.1738689177875026	0.6834128169584985	-1.4368450148249978	0.04930882667500002	1.0638076069174986	-2.170227320655001	-0.2516461071600002	-5.115237894550002	0.48994187187500055	0.5929968718650003	-0.12197936057500008	0.43351627715599966	0.35391640732750035	0.756893511339998	1.584569881027505	2.3993838197171216	2.586160042542046	2.464922580530988	2.2808559174665786	2.4574518909366625	2.790279219764034	1.5586061603219095	2.256275773016769	2.4644157035553937	2.4676079945007063	2.181618429669108	2.49226930489192	2.839419145052724	2.0506014748482935	2.609712121732417	2.631028131756398	2.6454315906177612	2.625400271543328	2.694207608050087	3.0233617511733066
F98332	-3.1408347681399924	-0.15441782090000036	-2.7224848544999953	-3.016719072705002	-0.9568409085550005	-0.30813295387	-0.24297459753500028	-6.110408638399996	-0.22778498909054992	0.19945910824249966	-0.2197747021768998	0.2658436816535002	0.3889170761150011	0.09256634490000003	-0.4581509638905007	0.4899190732500002	2.3897777977399977	3.5287050249350016	0.6163132011449987	-0.062057672107000014	0.030332250375500025	1.7097965734206764	2.590193419592943	2.5746150675070023	2.5621929644732035	2.6490943688026594	2.6476598524702033	2.822618112005909	1.9109884484851114	2.6887624501815663	2.7586355196878443	2.727251480654707	2.6123103801449528	2.623250428192672	2.929257933756491	1.6668662233686249	2.7933781447467463	2.5148751430995695	2.487426862734998	2.388010929464755	2.5699861103438564	2.967363868369858
F4476604	-0.5066119218245008	-0.7665040538200009	-0.36987470806000067	-0.509995793805	1.7230834089785014	-0.969572993729501	-0.8951815215099982	-0.6633576104094998	-2.2761074571749975	2.400919261914999	-1.3330372084459985	-0.9354461542149994	0.1061575663249998	0.7120824881349997	-2.0346561055999994	2.8491569649100996	-1.665496517327001	1.8726942247900014	-0.709512446569999	0.7625364460249999	0.22966232775000023	1.4067167483583396	2.145272791056464	2.516817523488057	2.496633630090647	1.8671058822075066	1.795632758432944	2.1997194196727037	1.3628529881570695	2.197221302140838	2.2501866376933997	2.1596674878617135	1.908595092137353	1.8193671761936432	2.185529741747553	1.4642087662264256	2.259826471645026	2.300836184043039	2.2199672466147202	1.9673146998101725	1.9503414044494392	3.092101252598071
F211720	-3.435786861594996	-3.4750898622060005	0.39695385107999964	-0.1240812808435	-0.09306469577500008	-0.0492881264695002	-0.17714430099099976	-1.4034062464115002	2.319081677981004	-1.6997267900350006	-2.3547748649749978	-1.057608267055	-0.7002986618624006	-0.3638654616750006	-4.732307343979998	1.1548559886350023	1.3456761681049976	1.649538922855	1.2754098024029985	0.7065936714820023	0.5997780614032989	1.9586025689397932	2.4294565136819104	2.662040672062205	2.8046241539410506	2.7422532579906416	2.884318906396422	2.9417964427197036	1.7939512050351543	2.33179836362039	2.52225208198391	2.629658085179297	2.7783903558829097	2.8821484757789553	2.954371109584302	2.2360723297175435	2.757616769827204	2.6444663293006205	2.723155522176095	2.805205132344926	2.852909938704879	2.96118461318407
F180421	0.09017880920150008	0.4870466443550006	-0.3749049050850007	-0.3319329443699994	2.0280481189700046	-1.9791548359249977	1.5599936205499998	-3.0544982047499993	1.66185995742	-2.082701514809998	1.1536651136099998	-1.2242891159115008	1.0773759703214987	-1.9311914777749979	-1.6855048015550023	-2.201880651761002	2.2867150576600026	-0.6042405733249994	-0.7983780825600005	1.113954341010001	0.219200153285	1.3783499166298752	1.8593567250262353	2.477037555907495	2.5963920021599542	2.0504712414401594	2.0046391849325595	2.3377201543744586	1.3983349746106415	1.9067964625966891	2.189036623189483	2.2261711401792144	2.1259987355931056	2.1563342828153065	2.415109104777712	1.4552405685246586	2.092519219460426	2.21030126581676	2.2388882403925	2.261928781473267	2.239899130353342	2.9967249256759265
F180615	-1.11429158221	-2.2925120261664986	1.2624591693050016	1.0449180635049995	0.9117206502720498	-1.5601030431085015	-0.951048044243501	-2.870448757299999	2.529223810810001	-1.2062433641400019	-1.9033520380200022	-0.4822500284150001	1.6514348683179976	-0.22707484139500017	-5.287202757300006	-0.044578003730000086	0.056431832780000094	0.33500329997999967	-0.06778765453000024	-0.000968563459999952	0.7263108364749999	1.579512510120804	2.3907226887095594	2.5812017859735716	2.533749352114186	2.3498685342588357	2.2597279571346087	2.753928648171518	1.553879872525356	2.4470285812423826	2.4366401228632246	2.495462672508771	2.4307657534959635	2.309579001562982	2.7868355247571315	1.9796422446649442	2.789682430388477	2.6277045740795337	2.6747768318612666	2.5481990776260774	2.710175278863966	2.9223063980170685
F328617	-0.7119416459768505	-1.3802378518400003	0.936422743488	0.7415631754445002	0.06756266717999995	-0.6925047775930017	1.6534377031211025	1.0703233597295012	0.9386862972120006	0.365780530525	-0.9502097632399998	0.45117318895950037	0.8076389988000007	-1.7774384824849996	0.24304571172499995	0.574263549919999	-1.1774895408449984	0.3696232032450003	-0.3770890731900002	-0.10568769757299985	-0.03845668424200009	1.377160369996921	1.8088768165087017	2.4531941971990974	2.412384970318582	1.896050589628715	1.7476266008256183	2.08853321497378	1.3466682025262742	1.7798027183372314	2.09741071526137	1.9782564603044566	1.8683029891851122	1.745624947770628	2.1109092569772088	1.409049130395032	1.793012174652844	2.0612988971590513	1.9969548094428842	1.9522874618362531	1.8001862688330283	2.9795387208264144
F3856408	0.09833707752199984	-0.2596546330600001	0.12124111747500003	0.33851527101999984	-1.8200424269000022	2.350772990783997	0.045191349919999964	-0.7338699967465003	-0.09823115547350002	-0.36894216613999997	-0.12519559342299996	1.6427077309024973	-1.4159952485	-0.05102580033000002	-0.38698083170200076	0.4339608479895001	0.23470040499150033	-0.01413611149549992	-0.11500208975950008	-0.8379465898449998	0.036676904805000014	1.3737254978512543	1.7063634703802009	2.4693278586118965	2.481685550162736	1.782678545937174	1.7491753420633243	2.142776987978121	1.3179495739151645	1.7350372646739551	1.9854781244269335	2.0176607170325536	1.7628159101563465	1.7825715335611734	2.1772258005521596	1.37789540075022	1.7304605095099415	2.0237714243655565	1.9853728025867274	1.8117797778873062	1.8222089877085776	2.952094909518442
F4457296	-2.2703947967499967	-0.7339304590899973	-0.08090614252049987	-0.5587574471350001	-1.8031226919384984	1.5400267523950006	-2.1568595797050043	-2.329512784570002	0.9503846991749993	-0.5008699493989996	0.3180018037749995	-0.22423353073550023	-0.4912405126100006	2.1118969997700017	-0.7764540265300003	-0.3361728709260006	0.5575300016599994	0.025151460476999985	1.9162350949239975	-1.010514770925002	0.06858809457000012	1.430086156033729	1.9114725158911732	2.484329789428812	2.494597643242668	2.1770926750829616	2.2789844042332836	2.4644736455498966	1.364187076420918	1.9264333390967527	2.1283773155547476	2.049057752586573	1.9718930674631951	2.2524096242437355	2.4760990830949385	1.4398659974892913	2.005531738728939	2.1712574987707245	2.129286349791934	1.9922350283629502	2.099312857296171	3.009485529654867
F4429239	-3.834435653250004	-1.2951389866699985	0.5331960795199996	-0.07997967766999999	0.5733718730819996	1.1137560463528506	-0.1527200934300001	-1.4278787906150046	0.8749725005132997	1.5769176707319996	0.4229232134799999	-0.13228731915214	-0.43076187102850066	-0.7428927281950011	-3.457619587849997	0.5764831741350005	-2.149077747904996	-0.7581942062700006	-0.5126524487714988	-0.5102824308099999	0.6062142857324992	1.6317366708729806	2.168473232967658	2.7127955495439817	2.683730690255518	2.5235651428672767	2.424947113468604	2.844327329808866	1.4687361895392264	1.9981717484453263	2.2754069089478746	2.3926019179518065	2.483531384386192	2.2861851708323933	2.844750067302456	1.818025895415357	1.9528180846770282	2.3111453651231213	2.4835663264302577	2.606832296330471	2.7136742884559966	3.010229329352035
F4437814	0.7611839835800005	-0.7945089599300005	0.35218389748500034	0.40230103918499893	0.07456798801999985	-0.506074004074	1.5975973749299994	2.371131131822104	0.7313629881550016	0.5828051634159999	-0.7599139792700007	0.28951218506999987	0.7460544855449995	-1.6460692046649998	1.214520253461503	0.03929362063999994	-1.122871529845	0.39921245345000045	-0.41971437429799996	-0.3024384864450003	-0.2198181221224999	1.3172253504879337	1.740281016319403	2.5573784155019874	2.5424374745548084	1.7208999095164168	1.8247333083201962	2.121491286263281	1.3026993640295894	1.7937189413340062	2.0708891384093118	2.041899412930143	1.7124326461066384	1.8253019797385674	2.1091721556692846	1.3691672866379232	1.8029148812753009	2.0906583967757144	2.0842492836307844	1.7515497426038027	1.8504076186481753	2.9430612446864846
F326337	-1.480253069440002	0.2142985146749996	-0.15373975404000015	-0.24075028997750034	0.633447101489999	-0.1787534002295005	1.311449626684999	-1.9885823353599996	-0.3336361216275003	-0.6773047767649999	0.6213568741513142	-0.7843603828099998	0.039051490509999946	-2.053966262305998	-5.0589684384999964	0.06749331503049996	0.5066709649900006	-0.04144280963999997	0.14130489693999995	0.09084955945450005	0.7581364001849993	1.5202982328341452	2.320270597735273	2.570601977138422	2.554290798302955	2.16247225319587	2.1989755554025905	2.4052942907054407	1.4846969757395145	2.1892815403287975	2.535515525375672	2.545516563354388	2.1400823809214686	2.198833822966167	2.4523207280059136	2.0153508086101968	2.6950134929302094	2.5750453428765123	2.6800502908952604	2.69071823035347	2.629903302962458	2.8422230532656534
F4371786	-5.412333585470008	-3.6153420207430007	0.48576614462499923	-0.20546129152499987	-0.02780552250499999	0.1646323250000001	0.11718479131499998	3.5792809398499963	2.2630433847449996	2.3369884851650036	1.4594354474544997	0.5006798201344995	0.20153051308499997	-0.5791029385730007	-2.5895649569970027	1.3037890021540006	-3.351024321044998	-1.5771853232950033	-0.6403334530989997	-0.37455249381485006	0.3608509449800007	1.8126529908915738	2.0831907068404587	2.6507307142147547	2.749152490776608	2.6765301618367086	2.786288322966237	2.733375153079336	1.4038289437971274	1.9219609483672273	2.3258617840878086	2.395911288143478	2.412446663464215	2.5226057159036555	2.588618673301781	1.7573566446434035	1.8963599371097515	2.3297344368686876	2.5586507937411156	2.600828388080776	2.6475119319063847	2.918370486069692
F326113	-1.6038258043750007	0.7447982699400004	-0.628946684419999	-0.8124919646749991	1.7597325554765024	-0.99149050185	-0.14614416485850001	-1.0438324604099976	-0.9233453127365007	0.8995190702249992	0.23809241939955017	-0.4155525915100002	0.23656798813000024	-0.13009404901899987	-2.3392653797249987	0.3345032065699993	-0.42409709413500013	0.7760307092004999	-1.3295508052900014	0.8025051835399997	0.2971559229785001	1.3632229768988164	1.903932688916962	2.4885751957669258	2.5067402801129175	1.9452063499260375	1.8817801797774303	2.278663974909251	1.3165976622966917	1.9232994533019843	2.2704254911474733	2.230530394943752	1.8961083401697414	1.9109887204577547	2.2353219063954013	1.4575106226757726	2.0295951541247197	2.2545797180570086	2.2308724150405275	2.085177130822665	2.1273071812887507	3.0137991315639803
F4455609	-3.6426548919500066	0.5175561925649996	0.6395284915064996	0.2574374541205001	1.5991940947510037	0.20864100997499993	-1.561131850580001	-0.5841735544160004	-0.5851924047050019	-0.6128896285634988	0.03498396345500001	-1.2834387935749998	0.17875208918999982	0.7188902178799987	-4.926323764149996	0.08197571614099997	-0.08023603213149996	-0.36882358829500006	-0.2529816248845001	-0.3379117029655002	0.6985601978450016	1.68219249978437	2.7564069126724218	2.687116027519299	2.8146290425522777	2.4543893730993176	2.2417553161260666	2.457654310389129	1.456228954583531	2.553104125147056	2.5294928092895184	2.4529349869454977	2.209785107270711	2.2586001977093253	2.473664463349654	2.0616163301820642	2.8229961386198705	2.6927932893260444	2.721683408143821	2.754494758479541	2.6474639559392594	3.0474338374969503
F328207	-2.1765881036464974	-0.5101474035594998	-0.32269291719500004	-0.6239469798005014	2.849742962851999	-0.8409516118700002	1.0260702169064984	-2.663652872249999	-0.59317069922	0.1830871964810002	-1.1240680627699995	-1.2918377719050018	1.5537514023200028	-1.5527260814550032	-3.7205240841849947	0.6812397067345	0.5994523353859998	1.7011748105384998	-1.7562763645449986	-0.6907244479029997	0.5333094219399994	1.543461860747698	2.62003848672923	2.7319464336241817	2.6219354795307366	2.2255953577588827	2.171674728902842	2.3968488436447153	1.4700359083601027	2.5405061151907997	2.5917549718448303	2.3081797671246065	2.230100519109216	2.291474852391881	2.505025097793591	1.7313478614919933	2.6818548108564344	2.579727142588894	2.445677236362651	2.4170010548910037	2.568022537670619	2.9584596648895887
F4373641	-2.5286773228350015	0.6548045404685008	-1.8122208071090011	-2.359754850638502	0.46860248651999886	1.0617943737399969	2.579356400720001	-2.0073329655249985	-1.9777639244140002	0.06678944653	0.9915031908249988	1.1394763197970004	-0.1652435429699997	-2.732377584809992	-2.4456609712275004	1.4475098153744987	2.2185017737864996	1.025539679570001	-1.9376658789400003	-0.9434653454349998	0.3808410297649997	1.5470274512120699	2.224836111730173	2.622292166693271	2.6366674652164006	2.375302598280704	2.573279170197421	2.4883210088553094	1.4219956465429355	2.192969525700039	2.31574515503308	2.1495590081829734	2.1785725151424047	2.340238669977317	2.4853798554983286	1.6208061284081088	2.613201152401102	2.3711717885461523	2.1159842503520037	2.338827157075872	2.6488320499870532	2.891623283045133
F4429340	-5.390839569099993	-1.348337868419999	0.03463282784150011	-0.7961230281399991	0.29211462689449974	0.27539177272000015	0.5304677889049999	0.7987222149694985	-0.21885618671499968	1.702375850169498	2.9030531698979996	-0.34644860589000015	-0.19851196864450024	-1.5070933501750006	-3.2607510335499974	1.3323038984999978	-2.0949117349605	-1.8447867935399984	-0.1516920978449999	-0.015198079595000028	0.5025287212699996	1.774922596538191	2.227107106649127	2.7002175092591103	2.613007674398572	2.5478428363420282	2.6932297306024253	3.00507734413918	1.3581430807643442	1.997515664835331	2.4264170285807007	2.425241674835697	2.371944984703412	2.48085652248952	2.842758378955559	1.7578702955786707	1.9486896944080803	2.5051948068312737	2.6563339229712075	2.526782215724207	2.6655002017014993	3.0747788905666957
F4484111	0.003327641615000033	-0.4579172127791494	-0.005683608649699998	-0.07697046154999997	0.43165774159750003	-0.7676991296499999	0.11034793910299961	1.2597368298799994	0.24023842650800023	0.36451310341500026	-0.47653622051649946	-0.06703170954000004	0.11830755627149986	-0.06125267689500004	0.13499516276550005	0.044209865444999975	-0.21616680718000014	0.48443587064500016	-0.3553870261904989	0.4673147447400008	0.1633525568494998	1.3201721354496492	1.6620237816730015	2.3742068213101297	2.5002486474480703	1.7198490260507513	1.7269678835464313	2.079447870271721	1.316068706862242	1.6744253876818227	1.9648891802036048	1.895964701521816	1.751173680964938	1.7141743751585927	2.092131000632547	1.356713712256375	1.668588114165808	1.9753682634936045	1.9201885020785117	1.7847419047212145	1.739070895695149	2.980392304614243
F4481131	0.870005206521501	-1.1739546325990002	-0.047882138260999955	-0.05206622747999989	-2.0321468088535024	2.6223125803399965	0.32968414507000016	-0.6426551008415001	0.11759306516000002	-1.7108189483949972	-1.2537139424000006	0.8561526305074998	-0.8272331491000027	-0.6372607204655	-0.17382518305299965	1.3884485875805006	1.7950479416899987	1.1687907634500005	1.0273989611409993	-1.741436660295001	-0.08443312665499975	1.3228161521646906	1.9207528199502575	2.549751299619547	2.475160433464816	1.921882189796372	1.913145917526902	2.2638378223467526	1.3096485266373672	1.9854211163761135	2.2595953738180135	2.182558817546252	1.9275349067962972	1.907004993242715	2.2679565283145693	1.3840804042400434	2.127605999295472	2.280834235733323	2.1737692361052106	1.9835144234509383	1.9484995388741335	2.935671886214962
F4453318	-1.2588296868524989	-0.9748607885794996	-0.42423783894800077	-0.5484694493549993	3.5880516154179998	0.5126052142449995	-0.43844147272050044	-4.421152898	-0.30053449816679995	-0.14428391571500016	-2.438286674379997	-0.8955703258350012	0.10614699321999974	0.049692861415000074	-2.7784980890200006	0.9079738291619996	0.9849179335644989	2.795385529	-2.6532709261050007	-0.7611428276301495	0.299388862635	1.5794924611350603	2.57599070047775	2.7572359963793716	2.720738970409205	2.3513953816954944	2.3632954896377107	2.6533571449014137	1.6814715515139191	2.494043777566526	2.623348543060168	2.434626462365388	2.5366328011612214	2.538027695043229	2.8106918297466907	1.7926878561300585	2.7004930106751863	2.727072977330509	2.464599858155429	2.4650608364615922	2.570159699070995	3.020216214336878
F207994	-1.1404378876899977	-0.12022234296499999	0.5757228875450012	0.31595356142799985	0.7761219320099988	-0.07764042791650003	-0.11712960626999992	-4.313209365949996	-0.3620305401779498	-0.35416360248000045	0.10137788199999989	-1.5739419292950017	-1.3022114861804985	-0.2752448395850001	-2.3879570660150025	-0.08280030158599996	-0.046967601988500016	0.0041888072900000605	0.6667437816050011	1.5523404222751012	0.28164573816500027	1.499744757312682	2.441487128177279	2.7099640329706203	2.628290040567511	2.1676287129557514	2.293207733117505	2.586851550285364	1.6168995188366782	2.5669487139911182	2.590939332256678	2.4262026552394316	2.35889399909101	2.5228400619987466	2.705454864058929	1.6116021336910804	2.571833338526627	2.6670878172521872	2.5664804572757483	2.301496714738066	2.432101455568252	2.929636687358526
F513445	-2.092391572010003	0.380997962944999	0.15795734711000026	-0.14327002526500018	0.40577729063249973	-2.1680313268200004	0.17483624196999992	-1.78078278249805	-1.5251845495300014	-1.5688875265349989	2.5938391972999995	-1.9399926581099998	2.3126458789999993	-0.030547293851000013	0.6211007201314999	1.1640808740449977	1.5994275700750011	-2.2527227314699982	1.5382249751949988	-0.010604301154850043	-0.15530754649500006	1.4264528368292573	1.9450891502501373	2.543390817217015	2.494608263010444	1.8620057919846356	1.8959255832042892	2.2617288699069893	1.4027551839328578	1.9148888884846202	2.2388082587309723	2.1557713671005203	1.9304361628162954	1.9441881469540079	2.255987015364375	1.4488926793830517	1.9105050395485605	2.2169167927651965	2.160599050660217	1.9120437026250192	1.925049651535606	3.052722786404228
F183043	-1.8502386395200003	1.9291060581049984	-0.7179867293450012	-1.1978274027485492	-1.6129701088870008	0.11225737063999996	-0.8076080140500013	-6.405352657149998	0.13848371493499978	0.031597841349999996	-0.4208990156099997	0.41484916769499974	0.050874132805000076	0.4539815972250009	-0.48679632400800094	-1.9635226190999988	0.63849556533	1.8523610842599976	0.9521984005609998	-0.06685036524150001	0.04725622228000008	1.436609011143208	2.381954519124516	2.553622953460141	2.6194268267567895	2.3154348438293253	2.287624001347568	2.698025910298112	1.8819127850520838	2.767666583325032	2.560695280220003	2.658257872472869	2.5702196390313383	2.6429980866309823	2.8237466930010635	1.5188394236696403	2.4279972751405103	2.546731922683477	2.57432880822993	2.296992155317411	2.204329146601806	2.8431694286578737
F4458634	0.16554843120700008	0.45307924890349993	-0.50926051638	-0.5431051489999994	1.2665696048250021	-1.0130209432249975	0.28862477313500007	0.525047376415	0.18961820045100022	-0.4970230433980004	0.012365686473999934	-0.442045195132001	0.2617002795650004	-0.2284362258834997	0.18152720700250022	-0.8252869791484977	1.0645322115564995	0.4531658237199997	-0.8565617968650004	0.6496083985949996	0.07571058602499992	1.3658740816052726	1.6940261745753757	2.4588710913843017	2.507300121409424	1.7865995425275745	1.783398093640415	2.111194618628247	1.3356827258538972	1.7084526667581268	2.023246407235767	1.9427741700992944	1.8075143411758874	1.7963228682063856	2.0986609783213437	1.4087239828630798	1.718090060978467	1.9988686004284124	1.9352076595415482	1.8100428094903342	1.8059117033640928	2.9127972475007846
F1105211	-0.026201656611999927	-0.7230607376174998	0.7952381149199987	0.832012897380001	-0.02787934510499998	-0.7359020016099992	-0.734431484070001	-6.041345462999998	0.19059461797700025	-0.2313921259599999	-0.3349803536764993	-0.005970802030000023	0.15742770875150014	0.040774356204999994	-4.733380614620007	0.1611497618459998	-0.13907640451950007	-0.2835260126769999	-0.0053035290884499795	0.29916375134500084	0.6820302869304994	1.553785813093633	2.6380681692365564	2.7950782619120207	2.738363171794256	2.3858417565145404	2.414713990193144	2.6597411899819616	1.947404345853601	2.8112990962024464	2.776460758515411	2.666459317758834	2.708978670974186	2.6709974326714008	2.7713392076224417	2.039777534620528	2.7730339657552685	2.788688274672898	2.7267459517311514	2.5925383417735364	2.7333095767073305	2.9294407522220283
F111771	-3.7871881610999942	-0.5401019718100011	-1.2694854990699995	-1.854102218796504	-0.6966499450700003	0.3035253180100002	0.13954130765910003	-0.8317169412699987	0.6191784034150012	0.8462602204865	0.8000845493834985	-0.06710034181000003	-1.733293799685002	-0.8083461841569973	-4.868546112699997	0.09868017143999987	0.41930483717499945	0.6890772949349998	0.827361789891001	0.9330916955595006	0.7086750065374994	1.7881392535273009	2.10827892684378	2.5946402495637426	2.7717733938711673	2.593102682473779	2.799750857842713	2.9969662759953115	1.504198311209569	2.1938894411022303	2.4574495236599927	2.407805846317437	2.3097175188695553	2.6864591544754766	2.8311361684268492	1.9685933209735549	2.6513230503881315	2.6508786251800163	2.5495772649232373	2.7112338153941917	2.83891860025295	3.072593339175588
F4478815	0.9008680572970006	-0.2876428844769997	0.18310082273000006	0.3313366783999998	0.8349088346099998	-0.7971993571700017	0.14043096603599986	1.3438236663199985	0.07692154666350003	0.02587682513099999	0.11289637057000008	-0.6974615871749998	0.18561487557399947	0.19291201337499997	0.7831533285799992	0.26546161456550005	-0.13579363225500013	-0.36631644234949995	-0.32973855303949995	0.6909651610979994	-0.10020890389000002	1.3342606544316382	1.7205480727946119	2.3843778519293144	2.437206412756896	1.6948946637144622	1.7084119352285663	2.039420146020977	1.2966286217515897	1.721075902039682	1.9071110677428404	1.9637170237808967	1.69573230194804	1.7339981774274593	2.0389459569461312	1.3150126834300824	1.7266505091741762	1.9048943479980627	1.986120259969993	1.699615435760459	1.7340071891104418	2.880720831823895
F4366391	-2.633351201199996	1.474069522669998	-1.0415164856899997	-1.2801486843849992	0.03012447228000002	0.7566033884099982	-0.09252777201749988	-1.0983076117505002	-1.60657293454	2.462626685317502	-0.2885683582450003	-1.0284940643299998	-0.14888780916715005	0.08276815795099995	-0.5786806524644997	0.017715898594000055	-1.401513707580004	1.564710645242497	0.9215624243699997	-0.6003158328130004	0.05815827132849999	1.4392309361353919	2.0454211165483684	2.4838940052217384	2.533530005342552	2.024745208530803	1.9780684960434416	2.15343508971446	1.3624555124158735	2.105577786450041	2.328078783012627	2.1086297866562087	1.8610175115692615	1.867810620231543	2.1323751040597734	1.4342174364075078	1.971122642467468	2.3723724104065704	2.206968655431542	1.9003292931037594	1.896213773543227	2.91366007899259
F364179	-0.7450801544965004	-0.58528749034	1.4467563083649992	1.2548981228049971	1.373240635939998	-0.502253600735	-1.0554553135750002	-1.3765575060505006	1.515362455944999	-0.37922431386899985	-0.29263996539499976	-1.8509946994010025	0.59069830382	0.6402267029480007	-4.3860358833	-1.4775378278500022	-0.9477160744249981	-0.7920959847410001	0.33272892966499956	-0.06739216979034998	0.5310523762349995	1.4449912619363072	2.2606172641148707	2.5425043770071603	2.5103535974237694	2.168627802152268	2.216590001732868	2.206588098714256	1.3844958166613293	2.064511065853911	2.369454258652442	2.2494982086595177	2.2677817969462706	2.2740057424939875	2.2341051733860167	1.7739333816596443	2.403482463085427	2.4900277593492715	2.44380166484817	2.6154682932817996	2.5140045595538485	2.912090069884557
F187038	-1.2413013841903013	-0.8656575375000006	0.6021427036350006	0.5037282835374998	-1.0166997111369986	0.9377654612822499	1.5573585006300006	-1.937848459812005	0.10341861955650002	-0.7195490162525007	-0.35001619835500003	0.952701322642999	-1.1075615587514995	-1.9356692366450006	-0.9162888814476987	0.8587744716308484	0.4592935216365002	0.10361906279035016	-0.19884799011600005	0.2594098948300007	0.07291640713500003	1.4014826119780188	1.90302198860437	2.5062162426496823	2.4981133371818323	1.9129199052153132	1.774100776045357	2.4523490014067817	1.3743572370100372	1.8460656754211273	2.0979289543980624	1.9911058392839565	1.87016408514428	1.8133730843974358	2.4793180885700896	1.4307075735645454	1.985873039971452	2.1086928227251374	2.0141473676183774	1.9507836210975797	1.8284754280105713	3.0080194660789843
F178385	-3.2320181259300003	-1.345344626204999	-0.7684071517700001	-1.1533796884050003	-1.5524609437100003	-0.6246791764655009	-0.1748333590460004	-3.6350723719999967	1.463585359795002	-0.3726654488204998	0.6620184293150023	-2.1195190785249998	-0.6410114123677549	-0.3267170585249996	-2.497478586755003	0.18095617530249947	0.816731538390001	0.8186923520020013	3.6539518353700036	1.3299631185489995	0.34461478848199967	1.5702533418848443	2.3908894209656513	2.50310028487976	2.5874569251665935	2.495783714874284	2.683500216138279	2.8724713892170155	1.59505924023109	2.5154714519530956	2.50419289897295	2.4013839992112733	2.414307415458456	2.6618456463696702	2.895024502736086	1.7786702276735116	2.768899749547367	2.5502261412533698	2.610511428046974	2.381538587185135	2.4708697771710133	3.082653466834189
F609589	-2.599770745334998	-0.5622063787840004	-1.7720845019650007	-2.1786043252549963	-1.4499558199875	-0.5357187036449996	-0.22255116178000026	-3.467517722364997	-0.6242072718499989	-2.4941314565100003	-2.978149638881998	-0.28381945771000033	0.0029106357189999385	0.15352785774499986	1.0509787601850005	1.434070765062002	4.6034780119299965	4.803614990899993	1.632175551974999	0.32690627781999954	-0.030449051914080063	1.6962525244092426	2.061794900772776	2.5746915012540255	2.4674456421106394	2.471477771955222	2.6013449617161197	2.821267122620428	1.6982009288982023	2.1143237095296117	2.2280827254584663	2.2949758984948203	2.584412990588687	2.7407406835682364	2.9684517583781704	1.654561971741934	2.5960812440435133	2.405469092631384	2.217055757661101	2.3843769355510345	2.6449710705103318	2.904837445628125
F4331760	-0.49465901329500067	0.659504267215	-0.36604621766000045	-0.37923648906999935	-0.8557734900050002	1.1892024915060502	-0.20133064418450014	-0.5685242454914996	-1.7966660295000005	1.421281175600002	0.8368389482149993	0.7643509299750004	-0.3716414204274999	0.1544720518749999	-0.943449176275001	1.1701070842939991	-0.9980032288200007	-0.36151767343999947	0.25280507218249954	-0.8045251784155005	0.1389774773000001	1.3342928360292035	1.8488099072490154	2.5668110133489495	2.46049829457205	1.868832006196183	1.7604174360611533	2.0768723106963254	1.3088224063424727	1.9201637514989807	2.1208823288501732	2.0378285330234913	1.8552148891424853	1.7740244026793612	2.0911615986654106	1.3936015756462545	1.8468395947360412	2.104921999772785	2.0079022944372307	1.927775799141076	1.8492691945855089	2.992331857667496
F4464065	1.159207663590499	0.7273936416709997	-0.25479522663999965	-0.11394319863850018	1.5636759020072506	-0.8730769111950014	1.6013674982099988	-2.676778123944999	-2.470237920299494	0.7795694905949991	0.9204011288819997	1.5042427010450012	0.635022911755501	-2.0511866107450034	-1.8734419191610026	1.6324140619934981	-1.0610515941199998	-0.31597137529700003	-2.9720861139699943	0.1764532716489999	0.2206399169999999	1.3685932419016653	1.8450769782987968	2.4451906628832054	2.5687756298408386	1.931258658723513	1.9093489878737782	2.150669799637415	1.4022269378685546	2.163845738086283	2.4799168659973825	2.4210982300458306	1.9347060555653024	1.9157741152554495	2.2031164974953055	1.4580580314187828	1.8878933481778373	2.418964960303242	2.3804581965636173	2.2292644778275443	2.171492006167902	2.904871123800308
F4301298	3.462069084540002	-1.8847828316324995	0.758143214964998	1.1628543564899994	-0.496756864985	0.7162280699065001	-0.677600846605001	-6.662188369999995	0.6413904118734989	-0.23551247459000024	-0.6439772197649989	0.2176943001925001	-0.274355783759	0.03384970431999998	-5.249582818800006	0.6120972744745009	-0.11660548903450019	-0.42039379408175026	0.25466872836999993	-0.17489147747999953	0.8146191390300008	1.546474469306829	2.6512811157600678	2.6185223311907833	2.7198267279082637	2.3682122268327275	2.4314878781193086	2.5952968086701698	1.9251977922284866	2.8499599035349688	2.778220529602206	2.6744385844011567	2.5045086322109693	2.681396269995106	2.6957629908479985	2.061442985542233	2.802618198608355	2.8266512429231705	2.746777590483279	2.624995176103732	2.6965258441156963	2.9681891355545207
F518613	-0.6019624226859999	0.9419411283699993	-0.6999315670499988	-0.771442384676998	2.0946720864809993	-0.2262354875500001	-0.19861503866549984	-6.299789847499988	0.6065630037475007	-0.04135147694999995	0.1509714848149998	0.3434711540915497	0.555842641803501	0.11956536152049996	-1.4401934926739999	-1.6462172589849975	0.7719528828269995	0.5961575536500009	-2.3926027043850024	-0.6966624095849998	0.2162040832795004	1.430402709298736	2.2341111159673694	2.562886578758537	2.691903574236228	2.2947642649000755	2.3680891675082227	2.696859882597488	1.8436247813238833	2.6399522922622665	2.6655401328637973	2.6787432646905476	2.634216690797235	2.6448256922038653	2.700723648940962	1.6522320808507132	2.317414987934176	2.4989125327764943	2.4464114761808977	2.4599637200064954	2.607140771162508	2.980074610697827
F26704	-4.404621825700006	-1.4672391702300014	0.04125268333749994	-0.5946192713785002	0.2593541181149996	0.09821358696999995	-0.23325905607500014	-2.822514403367007	0.7438608792900009	-1.1663342775349994	-2.8954109079949975	-0.2849772573899995	-0.2427901068065004	-0.23305515076550004	-3.1531353281679952	0.7495429313049998	1.2363166870909974	3.117170115880001	-0.2668733318750002	0.011933298257500032	0.35159475646999955	1.8533784615347721	2.3092630207779985	2.6095336102951485	2.582593572633342	2.723555742638482	2.8334549097298916	2.840748199637623	1.777609830116453	2.21985652534009	2.5022143152884344	2.375231892943122	2.7330715947869813	2.8848109078794058	2.9284271622594225	1.8128396664022215	2.684507328070132	2.571928726313998	2.396498830160693	2.6846072882976926	2.751906398689237	2.9526888083429426
F569244	-4.391397238499998	-3.4624465122899997	1.7264883830350022	1.17201338158	-1.9483711236644985	-0.4391126605839995	0.5356073971099996	2.170125064965	1.3255891353450007	1.4113711470900032	0.5848980477594996	2.402894199215	0.5449819653300002	-1.794834597820001	-3.1506445980549924	2.103239163610001	-3.498288812085003	-1.7849027287420016	-0.5701960113704986	-0.31972449540900055	0.48972000179699865	1.6917321258610367	2.0774763556216054	2.5120007332666123	2.5383740762658267	2.3539169715113033	2.6062080932463765	2.7880321006302666	1.434238034318957	2.0462915136381423	2.321895813024289	2.2878235943131524	2.302699708286948	2.3258197902872233	2.82787214972883	1.8025762131846155	2.075048494372895	2.4087815404905735	2.41972009116597	2.6455749438444474	2.6862503790448033	2.993655680094001
F526682	-4.584941265669993	0.47911463776800006	0.5924998616143	-0.10472910236499991	0.8174523785360016	0.9877201066919991	-0.6350173377235002	-2.655811055129998	-0.7319468954475009	-1.3799964952500001	0.05018959226500009	-2.3083537873689988	-1.6978111987799982	-0.23900917988	-3.6207594985500013	0.21429909437500033	0.560410902250549	0.2624539137830003	1.087458208239999	1.1059916182200002	0.6090366759750011	1.711297233096268	2.7044722713060905	2.731316614691777	2.6569728619621547	2.586360097413157	2.626411793234245	2.7225235938159513	1.6257242024790477	2.4891741020210323	2.5261501050500588	2.6174532561165003	2.501857008867527	2.6280331746537566	2.7873581311578772	1.8346417082115902	2.7967370141037247	2.771495531075976	2.688426109584973	2.6295217692899446	2.4450916170851094	3.0123778646330868
F664135	-2.365942465350002	0.971737703275	2.1366879206380003	1.8402387228299963	-2.1548731424200036	1.5972908205306007	-0.9475269562615021	-3.092874891299998	1.8381629206979992	-1.4004062034949962	-0.575737541510001	2.6892920990650007	-1.4162242835299996	-0.19721780025300042	-4.154331536860005	-2.709634206310011	-0.9836331538200002	-1.195552255904998	-0.5448522371060995	-0.3350471948485001	0.6334388713334995	1.5403891028330026	2.6767506717690006	2.64279668630458	2.6542590241030544	2.108887945996774	2.128815875766991	2.6638182283365817	1.4614871407140595	2.523725073242176	2.5464024766522586	2.5160656387894837	2.1598685120935888	2.094996043953169	2.7205963482590927	1.8077041975532682	2.468097317805788	2.595653138794987	2.613077877706626	2.6261702620912306	2.510217303702395	3.0864315834800093
F4326869	-2.6377016863999985	-1.1001913077849979	-0.16836939783500024	-0.5434891406899984	3.146333121724994	1.0233171554350007	-0.6313328708175016	-1.1560265648755008	0.8555165794399985	-1.8829607657499983	1.1992596997925007	-0.21445326009504992	-0.2679568863550001	0.5681849841059999	-2.4151781729740995	0.12202797852700002	1.992574978655001	-0.6681603971500005	-2.7266410401050027	-0.806940960132501	0.283012208665	1.4751688659695594	2.4515845100835754	2.540254761021437	2.599266361798519	2.1392085040960525	2.095130440751068	2.160159619520748	1.3505503027092944	2.186931062565015	2.2339513358831566	2.0748725702107715	2.014619339076112	2.131613093703458	2.1722343016164456	1.577797809992124	2.33427499902489	2.2654899222827716	2.112276836340876	2.288589493551371	2.5662472025597385	3.056508785372312
F3291730	-0.4922294825260011	-2.473096467290001	0.8929055042699996	0.6950313710850005	2.0362376925500034	0.3090538878299998	-1.4656595942849988	-2.7223206283550008	2.2363691391299962	-1.2198226029400012	-1.3298202678789983	-2.3199202254700024	-0.6961506865699991	0.2261427009589999	-5.263689104344996	0.4003435588539991	0.4156041314209999	0.12704625351549995	0.38012878911999975	0.3751248769625005	0.7499087946249988	1.521585753876179	2.2633493641927465	2.5942098556812727	2.543636129258605	2.2725654726001405	2.4754056992095315	2.843760334981625	1.6026706715929746	2.18833249087504	2.4579993804907043	2.4209130710512303	2.4188656029579976	2.671507213166251	2.8372998323914005	1.995401832026488	2.5844656964914736	2.7525608919464815	2.659293227111148	2.7134633895121736	2.7421261459300528	2.9870446699870175
F182771	-0.7959787455858983	0.40135386397500056	0.11150903084999993	-0.21305772755999997	0.9279825011570999	-1.0245417082850004	0.3964723767050006	-2.62717876884	-0.8704932847599982	-0.7625927988400004	-1.0886021056750004	-0.8318166160328488	0.5948492123200005	-1.13143542642	-3.289063329454999	0.46823504723999987	0.9770997193050014	1.278673726639999	-0.11920452553249984	0.6288528789900002	0.4371018636900001	1.4371963785094388	2.1741425184082233	2.412252073463291	2.4116606868026245	2.178582024264418	2.081585308802003	2.530610876676285	1.4504686980563968	2.1270905956886184	2.415478595957478	2.343102936454886	2.253428402927601	2.2846586903037975	2.532914447092546	1.7038053403098024	2.6350121916242664	2.6172099335839416	2.5539808777348654	2.433514840519131	2.427439656467983	3.0351346490855726
F269386	0.3840351058420001	0.9246438684149995	-0.8583426289899979	-0.7582165000300005	-2.696554775232501	2.5332647036699996	-0.10899553782499997	-2.830718237295001	-0.902243670154999	-3.4647559361800053	-1.8449778472600031	2.3035440226405033	-2.8652895089920016	-0.012082619305	0.7867320990039997	0.2227706139000003	4.559878757714993	2.1756058779099976	0.472026771025	0.40227093886499976	-0.16532723095100013	1.4313080877162414	2.0856888665699733	2.5308066035933976	2.513629339239861	2.2254908111696814	2.303449618652814	2.7173924077843776	1.5357156863642625	2.0965332835569392	2.2768887207549766	2.3012005434649567	2.239041146980626	2.3974893365598757	2.899875336977788	1.5514982246455868	2.364861750511773	2.3749954204669517	2.2112043367957006	2.263077362507946	2.3396553768731088	3.079967023727001
F353782	-3.132942519869996	0.2980164515150004	0.4466199806799997	0.09173934616000003	-0.9309320949414995	0.3287925673289996	-1.193413481770001	-2.0025711381499964	-0.190848572305	0.3533782905149996	1.447901052679999	0.7058991221795006	0.10675676327500007	0.3860173103729995	-4.451918425405004	-0.6902734451790004	-0.7680817222597061	-1.0321772224239998	0.061949388995500024	-0.29238714137850014	0.5314391370899996	1.5100282237897849	2.557511889477187	2.668418821397467	2.5968111180901046	2.259025507770868	2.255720715916393	2.5599156432758075	1.4279602280195307	2.5581791927701363	2.5008288779416517	2.5846191313405016	2.2238129060635377	2.281640752863459	2.491748906732281	1.8661636535405077	2.5391376136355674	2.6248188067069806	2.6098510500269185	2.6280606819337144	2.6889243041837005	3.0214954579649076
F72481	-1.6890256801450012	-0.4897291356999996	-0.3677965008799997	-0.5589131691354996	-0.06465521419405004	1.0807587206115004	-1.1518199698550013	-1.7847003436775024	0.013842548949999964	-0.6993749118649986	0.6231043090450011	-0.7414068635095008	-1.02419032612795	0.7271839497745005	-4.150715430613505	0.6281063829049998	0.8115383727100012	0.381868635871	1.3651183559149964	-0.2821967619999996	0.5733972836714989	1.4535804297202082	2.121105569722165	2.500730361221293	2.4972936090703386	2.083670768071515	2.149057185924884	2.342745558674025	1.446541045977603	2.1215106719447903	2.407610072683579	2.431585608810509	2.052119513551484	2.2727021876717175	2.344841406011612	1.8142935886109335	2.7475177417176044	2.6428982522512996	2.5608582189738818	2.3969513545482375	2.4416119860571617	2.9291700884508702
F187180	-1.3361847756670018	1.384865200344498	-0.21469432081500003	-0.4401368007526489	-0.7062921905199984	2.2479086020514933	-0.3866742014500008	-5.084677800000004	0.12885999610999985	-1.5491447901099973	-1.5338945997099998	0.11966534435849988	0.0008250320920000051	-0.00794367825000013	-1.6559979785560006	-1.3271811423600002	1.3754458605865005	2.1601967987799977	0.35339926529199994	-2.2977471034670005	0.2558805524500001	1.487516009745588	2.0425598282491526	2.5240019973593113	2.529909410143267	2.1967741941385865	2.356818821583911	2.757201603250909	1.7525007257089538	2.092824292139402	2.4096265807032218	2.46447559451434	2.7234588648930154	2.7431620591074792	2.772050338196254	1.6357054238381423	2.208013249185005	2.541562880032866	2.4151684162979974	2.1908658911528995	2.483105898674802	2.991720380212285
F828333	-0.20710064806000042	1.7663932327579983	-1.7905782645800006	-1.7173078927450012	-0.46496592480849824	0.45187453138449973	0.8822430620784985	-1.3521579443500014	-0.12217321366750009	0.23906222641199978	0.8620791833000012	-0.40430475285499995	-0.7352646675561509	-0.8151738456444998	-0.1884994711700003	-1.6578755861449965	1.4586740460839487	1.029992202595	0.7681314923311496	-0.00635020317400004	-0.0677721587825	1.3659530535297626	1.8538511220867377	2.458855594329065	2.443923986908948	1.8633722372485766	1.8049008169984186	2.2005290119087375	1.3677959976395953	1.8736167932678593	2.051309414460967	2.0374883024545967	1.8266954577289414	1.8178899640423605	2.2634764174190525	1.4399181612235241	1.9477022469435066	2.060683582034148	2.0339626138862843	1.9015046388180823	1.8904626715751516	2.9066888694109316
F187401	-3.204889187814996	-0.1052255348609999	-0.33744529844000026	-0.8377544681549987	-2.5408857963899982	-0.6721748731800001	0.19410395261250013	-1.4062780948799987	-0.23633424023649963	0.008826111995000068	-0.048337264869999993	0.6275540322979994	0.40525458851649954	-0.6471041792129975	-0.4685587319950007	0.2973594298899996	0.35638706282649973	0.9208848451099992	1.7079978335650026	0.23309776068499966	0.047834829499999926	1.5444660709612053	1.8839666468407084	2.363962976959685	2.442363039688283	2.1880510707378114	2.462764908128091	2.842363649048898	1.3666563731867676	1.9393218235780634	2.097872901411158	2.051156778421709	1.97846213242121	2.050974800952703	2.794475377258467	1.443127319672904	1.9332924964585398	2.089182614203885	2.0715163742977736	1.9886871335661358	2.0504000744384006	3.007749063367288
F918313	-3.2804225052700025	0.014668938576500002	-2.3764866702499976	-2.766111395785001	-0.7439772895299991	-0.37622633977499925	0.014986392872099973	-3.520566314449997	-1.1399682103899982	-2.793982884715	-2.3731652170680024	-0.3572631829949994	-0.06626392325500001	-0.07464832480000011	1.3383562017650008	1.3920598029130018	5.081474269254507	4.586730577150002	1.0681593152950009	0.27242514800999934	-0.16388578089750042	1.7430217348733372	2.0392521790473417	2.7254631923406984	2.635478434882159	2.634916833785021	2.614987373084307	2.839255420204449	1.7115842770355465	2.059158595728609	2.3378433322049985	2.408675181139867	2.464373500809834	2.6803767443684134	2.9156251793590515	1.6334907784240273	2.668623850154957	2.4090452486425495	2.379770085670248	2.2630441114320106	2.487798191856674	2.934820846909383
F331253	-1.9822206353000011	2.165958108866	-1.0093883137139992	-1.1884189973035004	-0.45433533757200145	-0.5280042003349998	1.1939954150530008	-3.556232423734999	-1.3323127617406507	0.0918368132199998	0.7473995416042502	0.8186397441520017	-1.993958656009996	-1.4528813460299979	-1.846284774994999	-0.8298408522935014	0.5127373548549993	0.8902661146800016	-0.4933710457024997	2.3081616688249995	0.2338904947550001	1.4298897969440145	2.138113675937709	2.458684986176823	2.4638191901019866	2.0173388494669453	2.3938646095617853	2.5649582687218526	1.479342818991447	2.237547956052617	2.3682712210391066	2.456870278774525	1.9842946856799335	2.3722654716568887	2.609276774960849	1.5414325985382227	2.297188573965752	2.5057518849335003	2.4848432421826776	2.1026970247967203	2.3804557392498573	2.9369098064625496
F586453	-0.7196026082750006	-0.5842688612315	-0.5233165004150006	-0.5807724651335004	-0.5602702001649998	0.8990853932700009	-1.299903690830002	-6.21501914774999	-0.013558244244000005	-0.41885101609499903	0.34801440105	0.909906012269999	0.2513571607299999	0.427149750165001	-3.1091859671149966	0.6021932505295	1.304683805396497	0.14067363049000003	-0.8628752698200004	-0.8834040196449982	0.3977927711099997	1.5725984889322089	2.4769799245020194	2.4836546324354214	2.4855944551247724	2.508940516728374	2.5261666265903875	2.8191598889615923	1.9923076290892319	2.8530345429812716	2.783533717103995	2.6321622263899083	2.623053907172229	2.7480942385857032	2.755097025201955	1.8080114794188065	2.6964555342846412	2.4373577172783745	2.4757641701818667	2.4072870009267704	2.5590071594162627	3.0197743377046544
F4472399	0.24902605517000015	-0.178928770805	-0.21447533239499997	-0.2757537957199998	0.7372312484255009	-0.590813488080001	-0.21800176300249985	0.2677131152764998	0.1472335286294999	-0.2099009880449999	0.016646648162999975	-0.1156118605249998	0.12821814101659992	0.24547327755499956	0.29883306857000036	-0.16459188987950027	0.29994372796999985	0.3360764515744993	-0.6563074063600008	0.5311072255774999	-0.07813298893	1.3446281399694795	1.7289400460688353	2.3138763824524	2.427506931016518	1.7480045840750607	1.668497182328885	2.0696232107517916	1.309913900924595	1.7274228820670527	1.9789971452145063	1.9786484492681575	1.7645077745516362	1.6756811550934838	2.07231906032964	1.3683500613343234	1.7494855844361108	1.9815210469154751	2.0038715063470818	1.771640041479599	1.715893027531234	2.9479119612933937
F2423305	0.18357233717399993	-1.408983665980003	0.01076082711999993	0.0011175753399998798	0.2238011625650001	1.1079815861650009	-0.45110324729800017	-5.153905754500002	0.7571696807009979	0.23129587720999972	0.6388306368670013	-0.8751987750830006	-0.9828665602160007	-0.25764050902750013	-4.983228306249994	0.42110582286000076	-0.11932991752000016	-0.5170951941574997	0.3177373217814997	-0.0020372246699999373	0.678653577319998	1.532807308754569	2.5480980545784027	2.5926900518395306	2.6944937214236377	2.29553618368821	2.4832566223403343	2.545667402368849	1.72050836730321	2.6912295464358658	2.675250517000978	2.6035455966683645	2.4932842792039325	2.4953904618992966	2.6424795378819685	2.113249170864939	2.819118853814615	2.7490749295111074	2.6359307974425916	2.6214028430393665	2.68020192486553	2.953019213590841
F180450	-0.35123621417249973	-2.4278487832965	2.32093081204	2.332147223469999	-0.14411060104499998	0.7722805277919492	-0.6331529854799993	0.4202996208349996	1.2920137074674998	1.3427502202100017	-0.4852781326699994	0.7410079889409993	-0.29486869890439976	0.005861996976999996	-3.6681845944000036	0.9364998696400003	-3.76124049933099	-1.8383059327444984	-0.5837871396700002	-0.36236806352499995	0.4360065187474992	1.3617227463829367	2.0488106269851256	2.5402573140244376	2.491744175586563	2.06891855604949	2.0907368950234195	2.209955822189472	1.3347022631742826	1.9298968646047503	2.2299799535978675	2.3863382557758777	2.096593338615591	2.0779537498784633	2.1912370133504884	1.7167508458377685	1.9894473949010505	2.383513539102377	2.4890812865034087	2.556850216944797	2.6486957492637377	3.0202802202130563
F49854	-2.578726483850001	-0.5296396723089998	-0.10175541969499982	-0.5157850476499999	-0.288633207354999	1.264864459334498	0.6185396594469991	-2.8895178650000086	-1.5367075923543037	-0.9112789013154999	2.7581445624200045	-0.5953974969550005	-2.749983535457495	-0.902636295008	-2.7078483378499993	1.5075908177899973	1.56030357221	-2.055233145209999	0.7694098863480001	1.567953666592502	0.44398453621499984	1.4726308989322119	2.5687625560909	2.6100417356667207	2.572351412221522	2.241811278042706	2.3918635627487883	2.627054719382054	1.4383832364474116	2.521895561700897	2.6213451654530306	2.267369397316555	2.1439077091664096	2.397100077434546	2.693665585453784	1.63759594628909	2.662722742547856	2.5228063301921186	2.327877178623326	2.407698507767802	2.3325447811205406	3.089824455865366
F308057	-1.5508881162600001	0.4751008196595008	-0.10602360901999994	-0.4081011599500005	0.9498323765465506	0.37179203064549965	0.13385981568499972	-3.9204902650000086	1.0021130903464999	-1.7832012284650018	0.6065575271572499	0.7214428633650009	-1.7623241107600003	-0.45236668262499974	-0.7843203622050002	-1.7056851501234969	2.1604248127000028	-0.34716197511699987	-1.6442753181649994	1.3288289881750013	0.04388605556000004	1.4312660726521493	2.0670906414325088	2.5355951344191543	2.5726775724888196	2.0232540317674568	2.1157744968014063	2.6300519767325046	1.4939462768193417	2.106523124439021	2.3204601488928316	2.195692669258363	2.1499398326750243	2.3902025155992472	2.6153222321811316	1.4612649452058326	2.094322627982747	2.2689224242584114	2.207870833103093	2.1996029950544957	2.2151543867021255	2.855333597675449
F4472202	0.10806332624729484	-0.11044928273250004	0.1947644005750001	0.10617600559400013	0.3080054678640012	-0.336726107675	-0.6259224193449991	0.5148096392015	0.1290726825965	0.29326525854500013	0.040918565500000094	-0.3980762955949997	0.28148820234	0.51106174164675	-0.4683365170892503	0.1290500552295001	-0.2652224619584996	-0.24669134858499964	0.16798185038000002	-0.09629108629400006	0.048081464580000045	1.3914689066864971	1.7192210914384434	2.523334515384586	2.387928550393557	1.7300094282708223	1.7876107417621705	2.0593906390971	1.3563335572118511	1.7313612412322834	1.92952215067997	1.9678776245120808	1.743956079669447	1.781282980757558	2.0718081230973984	1.4212716071241527	1.7388207927163524	1.943544185559949	1.9963090988215841	1.7511584146881372	1.8075337494825139	3.0492444518577595
F4355436	-5.093730771050012	-2.155268978831504	-0.4616350515749998	-1.2285480950704966	-0.45143201696500046	0.1584641032249998	0.3334574470800001	-1.456039003843501	1.2917367895399967	-3.4723507535999945	2.5044279295949994	0.624912324791001	-0.29558657707050046	-1.1091691578499991	-1.499654997084999	0.9708688758999999	4.007139024737503	-1.4417596598650002	-0.20488485862	0.11556982756499994	0.16822448519500008	1.8136638386368786	2.3584105251517555	2.7977831095839742	2.596082512257235	2.3758430033010005	2.6093620527734362	2.908837311778253	1.425039134330096	2.2066777975678655	2.196005580760596	2.166026632948784	2.004191968501084	2.140490957273216	2.818017495860567	1.5894181115667847	2.628491419840937	2.2538824310749357	2.1516621064701424	2.057406262368373	2.173967269174338	3.038185710409177
F4474217	-1.3074427947075016	-1.3787987218722992	-0.5118494359195	-0.7758259700899984	1.8890674495154969	-1.5598316060250033	-0.9231335772735002	-2.2642896257447545	1.0202750189359988	-0.28845668307000005	-0.7609585146540001	-2.6171706750900006	-0.5251342058780004	0.9156370549937989	-2.8390294848900015	0.36644487889149957	0.9392333650849991	1.3310596097124998	0.46809812576824916	2.1090370431465044	0.35117309465500013	1.3654454687896345	2.185031565344644	2.559887288994711	2.5910273124758842	2.0547360952788813	2.2089323814840043	2.3273637114867465	1.3783471185039224	2.19603631827424	2.4643430471668806	2.400290676134106	2.1519432915537062	2.358293163845288	2.4898754452556724	1.662645546407395	2.687492230554132	2.6480449094263117	2.4968988839270763	2.282780545485755	2.299408846407322	2.9546221459634365
F1980945	-1.2248477046125972	-0.3826844190650004	1.8434893690349994	1.745956362488498	-2.6200257350648473	2.521643314616006	0.9582280043299992	-0.5638930431949997	2.2189329747963114	-0.8617441111430018	-0.521288779815	2.386787021280002	-2.3662092876959995	-1.9162415921149982	-4.5428521116499985	-1.9070345016499992	-1.0236125925894994	-1.0168249732599997	0.0888094134049999	-0.03658953552000003	0.6725150109999989	1.4068618804559034	2.33232359622362	2.517874918631113	2.4392959664190044	2.198576231601957	2.3249905283205234	2.426122338491211	1.3836721782070802	2.0923948795092153	2.38073369095101	2.371333126665857	2.160899861528997	2.246285960451026	2.6243119868857216	1.835465880909933	2.3683344172477843	2.516616798543687	2.5236301346406567	2.618481539727903	2.712425271245761	2.861798704661491
F359445	-1.1511811636400031	-1.4779940337439965	2.2115498348510005	2.0601712420904996	-0.6370287477900008	1.1994755087700002	-1.6890050824849954	-3.750548674500004	1.2809173462650016	-3.1632154191899975	-1.9948282837749964	-0.21672437972000055	-0.5787462358275008	0.22895714007500004	-5.281579360499992	0.2243720045199994	0.7813320986349996	0.19632761725999964	0.4625304487775004	-0.12477703479450004	0.7422160641749999	1.5216667980987144	2.2348647687391168	2.5659987375046125	2.5466098165319835	2.470663443258837	2.527510429226595	2.823838762775172	1.7389204720177425	2.18751461269951	2.5694063406062218	2.709560338538003	2.6751756601385646	2.6927477880314337	2.8557424235517592	1.9815735234050929	2.6183362651288227	2.6402501064844857	2.660129414682475	2.554934039623541	2.6230503905052727	3.0545785095538815
F288318	-1.5369188204999964	0.09103812641999996	0.048945073559500035	-0.06833546813199994	0.4695374771755004	-0.871111610086501	-0.7287029207250004	-0.7604110733264994	-0.5533624293764001	-0.036372008719999994	0.5587371180080003	0.473700234461	-1.0839091215389	0.6500232964349999	-1.224876173454498	0.5535889501274983	-0.033563209875	-0.3421113429274998	-0.9164756266819997	1.845260011550001	0.09501749089650002	1.3516233189024118	1.8417537252723133	2.418675134916703	2.4446560121750456	1.9589765881801473	1.8876964223687263	2.085101115700837	1.3104519284385323	1.836792399694512	2.0593556851455426	2.031303276748965	1.9525170617752328	1.9267985462034591	2.1052729126158587	1.4061054016038037	1.918223924269494	2.105023724706269	2.1120278504825243	2.1795245269029917	2.166600780421723	2.879040153671444
F174738	-1.7378177214649975	-0.609248908724999	0.25714845123499996	0.0010889083450000205	-1.7580298461474966	3.1034515406249996	-1.396104106454999	-5.5255617510000015	-0.9833064632449996	-1.224757939124999	-1.3445335844765014	0.06343032103999997	0.2803992558039996	0.4887266159299998	-2.655936809694999	1.2181186391065038	1.1912963855449976	1.6244745909899982	1.7094259377099985	-3.3096402632699955	0.36640355785549983	1.5554416236152486	2.50427822521157	2.58008133380891	2.5853243363424405	2.159728092108827	2.2410981745317113	2.771497980006557	1.8017836322884706	2.440843050739508	2.6029269567101396	2.608180357712636	2.4988064709647886	2.633557149521452	2.9186092262409637	1.7269796262402055	2.5869592545720375	2.6185044798630663	2.5415527153083337	2.1036511277411525	2.3378689980103546	3.1440265651216754
F16766	-1.583484894690002	-1.5085900277800028	0.20771391017149965	0.0572133318049999	-0.42114474493999976	2.525727249032506	0.643150619976001	-2.4997065594550008	0.9798160774419995	-0.6159618900769982	-1.0097696406309997	0.7010557983550002	-2.2836612271400014	-1.141935366485999	-3.8746957190000004	0.5011485428640002	0.5060526299949998	1.2090530287850014	-0.5198713914694993	-0.2604057790499998	0.6138675183000004	1.4420908717318959	2.3496400844943572	2.5391373406365827	2.464985190561292	2.2312475946147696	2.3721064457492296	2.6087188236349736	1.4877567684788493	2.267193067618733	2.4818758396878966	2.284745369083935	2.1207499462300947	2.3649439531908327	2.672431179010377	1.7551835009837413	2.72791124113259	2.5635616085547412	2.4258928135059903	2.3898334789762927	2.6294788007392675	3.0693360119155404
F195494	-1.685082138643997	-1.1502305427050006	1.7375488475400003	1.5690466260550002	-1.5813700442150036	0.5457540858449998	1.4723711649563962	-1.6908165270789974	1.1665489299464997	-1.1179899850025024	0.16886472904000008	1.2192698955099999	-1.3256653926725008	-1.9427931538899992	-3.112370230390003	-0.028431705825000056	-1.1481271251150014	-1.225664706517001	0.3018367118299999	0.9831610554599994	0.41012376602449896	1.427981847948738	2.1250858281253424	2.583132489183844	2.4532640044841223	2.0360472749570437	2.1122040710336285	2.4442589717951795	1.3828172418154507	1.9544706218337848	2.426844417885527	2.3639248349866895	1.9949043387910377	2.067375527624606	2.4198979972189596	1.5940419768591483	2.019290762131887	2.559891779527017	2.542700722339082	2.376028969618464	2.4004234048390685	2.8781530175731773
F3021821	-0.9950583391244993	0.5911495362845006	-0.15138981688499997	-0.3635532211450002	0.5379057042149991	1.2135330971400002	-0.05979693751999993	-2.620947831577502	-0.8841528207749997	-0.3588718200070006	-1.4361712546339989	0.8015363722284996	-1.5623479884550038	-0.5396200914535004	-4.024001831700003	0.3135517399999991	0.5836401604649999	1.709712479539999	-1.3588734610850026	-0.02554149893000003	0.5905037774200006	1.4793989102865355	2.2780477448302916	2.556403967428758	2.641949068511418	2.036153658294457	2.2832911803172724	2.6567247467756268	1.5168731372364246	2.232534647297721	2.3354180499002988	2.2676528819797004	2.0764935853412076	2.497408781243618	2.6488764473444304	1.8023525277401231	2.745414480104027	2.5076503572051094	2.4375504445235827	2.3966431611595795	2.595153662325624	2.9624861251610977
F1110253	-2.836225374549996	-0.07042428668000003	-0.22034308712650044	-0.6826189766949988	-2.4073074451695033	0.32623084969999966	-1.5231418693450027	0.5910911748200011	-0.052980722574999986	-0.13641651306200012	0.1368086638459999	1.8648688823599984	-0.43660585695	1.6297812444900013	0.36011999616499957	0.18632496724350042	0.36652452850500034	0.5816611351710004	0.5842647943799995	0.33403208331249973	-0.1462534221538998	1.411280517863274	1.7779958273567449	2.405325569572289	2.4188589172956396	2.1030844468652803	2.2134734709490544	2.464715033930453	1.3386086935607218	1.8097657617433487	2.081384731293666	2.01428817735189	1.8896197395523875	1.9145866069411623	2.384711964790538	1.4271389061474342	1.771224721066051	2.1058918743584263	2.0679368407197423	1.9899976331265081	1.956438633589217	2.989905292470603
F4480176	-3.913539752604996	-2.3528925319300034	0.3444372321414996	-0.23968307121500032	-0.22368018786949972	-0.08243792355499988	-0.16565640773459991	-2.886245347680002	1.593630966320002	-1.235840987565	-1.5688411932549988	-0.6645713985450006	-0.4092456165270004	-0.3204674359955012	-4.581733192649999	0.752453982882998	0.9665848129774995	1.1843805367550002	0.9244810706515	0.6605276962800004	0.6409261202150012	1.9041782473286029	2.3089086339817975	2.7541213136835494	2.7766231967832335	2.6232811518349006	2.8825251578928004	2.8881640697205437	1.8215618223562082	2.180930243826867	2.458103522704813	2.555160052972211	2.752435861217695	2.837029796650551	2.9258356879499505	2.0683569730228415	2.685393946726143	2.649736624976188	2.6790295793084207	2.8740283444087975	2.803877042032467	2.9680941112927144
F4089776	0.965477639322501	0.14297357700999988	-0.4355394220850003	-0.35441705700500004	0.11587174394606509	-1.1674115178044986	0.4873072018370001	-2.182492598574999	-0.6539449682414996	0.26388165488300025	-0.02990797010000007	1.313195444745001	0.3022819909149997	-0.6173563308799995	-2.351714296257999	0.50028828005	0.08493231078244987	0.33983346501500006	-1.4224605272568376	0.8587598052795007	0.3306959969650001	1.3469041477436687	1.805480833940387	2.466587879433987	2.470799272566299	1.8201861112092557	1.9219201179815038	2.164491250849709	1.3317415400052852	1.8914911371061265	2.160611889018693	2.0771859133703003	1.903133166937024	1.9445796402502566	2.1588106691646654	1.480981396704341	1.9873045023813585	2.151127642210654	2.146166112700982	2.1692978908649265	2.234649232472896	2.9431052429745477
F182118	-2.212264328365002	-0.7669912757899999	-0.19722287628499993	-0.5376151219945007	-0.05228653012000006	-2.054659734735001	-0.7940694578544999	-1.1091966945349987	0.3335825008770002	-0.6631804875849994	-1.1800392368600026	1.6396077058150058	1.7330698745649977	-0.06642622526400002	-4.046057304849992	0.49438130769500066	0.9167393709350002	1.73008971679	-1.6380780772615002	0.01415794962599998	0.6449904963050015	1.479508178355444	2.1609888079804214	2.514392290677554	2.4618858161326584	1.9345919820352913	2.3765247123571323	2.6354052516685695	1.3534991932829665	2.1203010789476315	2.4189456077563687	2.2910919089531756	1.9199902548488295	2.221946052163329	2.628442865665584	1.6966680627995558	2.662610288303113	2.5070234670947427	2.5097471136095617	2.227961708932271	2.5546752958215806	2.8057769968259634
F4404461	-2.174554086745996	-1.7156180832172463	1.5050815303399991	1.144934300679999	-0.3862663317699998	1.4656206915374976	1.1319507644836488	-1.3677838136949005	1.2284293452560016	0.13670083785500015	-0.593400597830001	0.5349658983500005	-1.0863096921080002	-1.764057271010002	-3.3228797207600027	0.5746082426600005	-1.7485669482735016	-1.0173853184250008	-0.17581880457649957	-0.2975867330349997	0.426565323710001	1.484733369769285	2.0544180437698456	2.543592472433046	2.659665586903002	2.3774489954308007	2.4486794019207903	2.514116414690794	1.4173381489844272	1.9497236229954251	2.3067810762597882	2.4967033703050947	2.3435646821016536	2.3603576885908977	2.607171318872049	1.8331748890161197	1.9981515459872896	2.403177396709944	2.530770321473757	2.6552850572488884	2.7552149461999216	3.081327551973044
F178991	-1.9967348170950008	-0.11083274969499993	-0.6831759191499991	-0.9220286914750014	1.4888032186699982	-1.4145850589950022	0.4684911337299993	-2.35320867512	1.592341585069999	-0.005889117229499989	-0.9823256514330001	-0.18851597750000026	2.0866153802075003	-0.6260767925669996	-2.0049468309650003	-1.3967474567849982	0.5173997037798496	1.8391840748100006	-1.135212175857	-1.0885626673850006	0.23406079652499995	1.5037725036440701	2.052634840324977	2.5121024160374725	2.5201354699310494	1.9893891710478881	2.3962151523564934	2.5195085729616977	1.406131350785439	2.117013408019507	2.3881844205452163	2.389979000308139	2.0162561666406456	2.2486212844442464	2.4483959257286148	1.5801599938481137	2.2205540477875636	2.5037925677085404	2.3939053702178494	2.1272400077073605	2.5462245593985333	3.061364166293492
F190705	-1.7396141110000003	-1.0225242221360005	-0.13519049891	-0.2688844840954999	-2.1957145733729964	0.4579633782549998	0.5005128316000005	-3.5656508962	0.5709672255899988	0.5684207605450002	-1.3556895446849975	2.4420531357339996	-0.6889165164450002	-0.8126135042249987	-2.9463862843500004	0.2776265670304999	0.15748448633150036	1.6091538253674984	-0.4801994361990003	0.5607983282610006	0.36982533742500046	1.503256639159267	2.5921353423078863	2.7080103515503278	2.777146433592378	2.249269348354455	2.2101623401012085	2.297909172037919	1.5410966827852006	2.723250320727074	2.6311274526628687	2.3728428403439006	2.2820352339155567	2.146606086567676	2.2771270197456372	1.6801072709056493	2.7730612771621614	2.7926689550523607	2.462876427721879	2.301963292054843	2.293412471624668	2.9829522511836375
